Timestamp,Date,DEXs Volume
1541116800000,2018-11-02,1688
1541203200000,2018-11-03,2537
1541289600000,2018-11-04,2537
1541376000000,2018-11-05,204
1541462400000,2018-11-06,793
1541548800000,2018-11-07,2647
1541635200000,2018-11-08,3541
1541721600000,2018-11-09,2901
1541808000000,2018-11-10,6964
1541894400000,2018-11-11,968
1541980800000,2018-11-12,2424
1542067200000,2018-11-13,1392
1542153600000,2018-11-14,9385
1542240000000,2018-11-15,9051
1542326400000,2018-11-16,4630
1542412800000,2018-11-17,1967
1542499200000,2018-11-18,942
1542585600000,2018-11-19,3652
1542672000000,2018-11-20,12761
1542758400000,2018-11-21,3961
1542844800000,2018-11-22,5665
1542931200000,2018-11-23,3172
1543017600000,2018-11-24,6331
1543104000000,2018-11-25,16225
1543190400000,2018-11-26,6126
1543276800000,2018-11-27,7335
1543363200000,2018-11-28,12455
1543449600000,2018-11-29,6817
1543536000000,2018-11-30,16518
1543622400000,2018-12-01,9111
1543708800000,2018-12-02,10738
1543795200000,2018-12-03,6936
1543881600000,2018-12-04,24723
1543968000000,2018-12-05,28191
1544054400000,2018-12-06,33593
1544140800000,2018-12-07,32466
1544227200000,2018-12-08,12301
1544313600000,2018-12-09,22175
1544400000000,2018-12-10,12872
1544486400000,2018-12-11,12611
1544572800000,2018-12-12,7739
1544659200000,2018-12-13,7298
1544745600000,2018-12-14,13868
1544832000000,2018-12-15,15508
1544918400000,2018-12-16,7414
1545004800000,2018-12-17,13859
1545091200000,2018-12-18,24968
1545177600000,2018-12-19,40771
1545264000000,2018-12-20,25096
1545350400000,2018-12-21,22702
1545436800000,2018-12-22,13687
1545523200000,2018-12-23,36994
1545609600000,2018-12-24,67690
1545696000000,2018-12-25,24756
1545782400000,2018-12-26,17261
1545868800000,2018-12-27,19224
1545955200000,2018-12-28,17226
1546041600000,2018-12-29,50661
1546128000000,2018-12-30,14622
1546214400000,2018-12-31,24201
1546300800000,2019-01-01,21483
1546387200000,2019-01-02,22402
1546473600000,2019-01-03,18185
1546560000000,2019-01-04,25149
1546646400000,2019-01-05,22899
1546732800000,2019-01-06,36603
1546819200000,2019-01-07,20990
1546905600000,2019-01-08,12681
1546992000000,2019-01-09,13642
1547078400000,2019-01-10,45827
1547164800000,2019-01-11,20129
1547251200000,2019-01-12,19416
1547337600000,2019-01-13,38641
1547424000000,2019-01-14,22626
1547510400000,2019-01-15,30657
1547596800000,2019-01-16,17425
1547683200000,2019-01-17,16123
1547769600000,2019-01-18,13613
1547856000000,2019-01-19,15550
1547942400000,2019-01-20,20140
1548028800000,2019-01-21,19007
1548115200000,2019-01-22,48547
1548201600000,2019-01-23,23503
1548288000000,2019-01-24,55116
1548374400000,2019-01-25,19683
1548460800000,2019-01-26,53097
1548547200000,2019-01-27,36063
1548633600000,2019-01-28,72191
1548720000000,2019-01-29,48789
1548806400000,2019-01-30,47296
1548892800000,2019-01-31,91524
1548979200000,2019-02-01,58295
1549065600000,2019-02-02,30873
1549152000000,2019-02-03,60271
1549238400000,2019-02-04,50461
1549324800000,2019-02-05,68992
1549411200000,2019-02-06,100496
1549497600000,2019-02-07,90985
1549584000000,2019-02-08,232047
1549670400000,2019-02-09,216525
1549756800000,2019-02-10,184223
1549843200000,2019-02-11,373028
1549929600000,2019-02-12,525967
1550016000000,2019-02-13,580370
1550102400000,2019-02-14,594679
1550188800000,2019-02-15,681952
1550275200000,2019-02-16,266175
1550361600000,2019-02-17,445686
1550448000000,2019-02-18,474348
1550534400000,2019-02-19,728994
1550620800000,2019-02-20,498639
1550707200000,2019-02-21,489506
1550793600000,2019-02-22,751048
1550880000000,2019-02-23,1105349
1550966400000,2019-02-24,1656688
1551052800000,2019-02-25,689374
1551139200000,2019-02-26,501879
1551225600000,2019-02-27,1045796
1551312000000,2019-02-28,386523
1551398400000,2019-03-01,742835
1551484800000,2019-03-02,566558
1551571200000,2019-03-03,456686
1551657600000,2019-03-04,958784
1551744000000,2019-03-05,835623
1551830400000,2019-03-06,583176
1551916800000,2019-03-07,598227
1552003200000,2019-03-08,567700
1552089600000,2019-03-09,1068838
1552176000000,2019-03-10,247286
1552262400000,2019-03-11,399690
1552348800000,2019-03-12,362311
1552435200000,2019-03-13,382420
1552521600000,2019-03-14,330873
1552608000000,2019-03-15,343031
1552694400000,2019-03-16,728308
1552780800000,2019-03-17,450817
1552867200000,2019-03-18,474343
1552953600000,2019-03-19,331553
1553040000000,2019-03-20,474052
1553126400000,2019-03-21,729663
1553212800000,2019-03-22,431960
1553299200000,2019-03-23,302187
1553385600000,2019-03-24,405151
1553472000000,2019-03-25,539199
1553558400000,2019-03-26,562427
1553644800000,2019-03-27,463586
1553731200000,2019-03-28,820535
1553817600000,2019-03-29,550085
1553904000000,2019-03-30,443616
1553990400000,2019-03-31,408182
1554076800000,2019-04-01,453125
1554163200000,2019-04-02,1228826
1554249600000,2019-04-03,2406963
1554336000000,2019-04-04,866082
1554422400000,2019-04-05,533613
1554508800000,2019-04-06,549327
1554595200000,2019-04-07,627014
1554681600000,2019-04-08,2466737
1554768000000,2019-04-09,2397605
1554854400000,2019-04-10,1816692
1554940800000,2019-04-11,1441494
1555027200000,2019-04-12,1188316
1555113600000,2019-04-13,536706
1555200000000,2019-04-14,606142
1555286400000,2019-04-15,1139323
1555372800000,2019-04-16,797010
1555459200000,2019-04-17,875663
1555545600000,2019-04-18,1143276
1555632000000,2019-04-19,1115125
1555718400000,2019-04-20,605248
1555804800000,2019-04-21,1210361
1555891200000,2019-04-22,935658
1555977600000,2019-04-23,1352004
1556064000000,2019-04-24,1446064
1556150400000,2019-04-25,2551222
1556236800000,2019-04-26,2096838
1556323200000,2019-04-27,737107
1556409600000,2019-04-28,562396
1556496000000,2019-04-29,810338
1556582400000,2019-04-30,1067629
1556668800000,2019-05-01,554507
1556755200000,2019-05-02,447968
1556841600000,2019-05-03,860791
1556928000000,2019-05-04,476478
1557014400000,2019-05-05,636478
1557100800000,2019-05-06,1168602
1557187200000,2019-05-07,1374218
1557273600000,2019-05-08,1291333
1557360000000,2019-05-09,922879
1557446400000,2019-05-10,718650
1557532800000,2019-05-11,2604948
1557619200000,2019-05-12,1833480
1557705600000,2019-05-13,1421860
1557792000000,2019-05-14,2222906
1557878400000,2019-05-15,5172626
1557964800000,2019-05-16,6205178
1558051200000,2019-05-17,2138319
1558137600000,2019-05-18,864548
1558224000000,2019-05-19,1274964
1558310400000,2019-05-20,1260210
1558396800000,2019-05-21,953899
1558483200000,2019-05-22,1499551
1558569600000,2019-05-23,1410482
1558656000000,2019-05-24,1429378
1558742400000,2019-05-25,940855
1558828800000,2019-05-26,963949
1558915200000,2019-05-27,879946
1559001600000,2019-05-28,1015534
1559088000000,2019-05-29,835080
1559174400000,2019-05-30,2321661
1559260800000,2019-05-31,915648
1559347200000,2019-06-01,806438
1559433600000,2019-06-02,740068
1559520000000,2019-06-03,1388600
1559606400000,2019-06-04,2431680
1559692800000,2019-06-05,945150
1559779200000,2019-06-06,971362
1559865600000,2019-06-07,1540466
1559952000000,2019-06-08,488055
1560038400000,2019-06-09,599180
1560124800000,2019-06-10,1126610
1560211200000,2019-06-11,557353
1560297600000,2019-06-12,982855
1560384000000,2019-06-13,1141049
1560470400000,2019-06-14,1009076
1560556800000,2019-06-15,1568910
1560643200000,2019-06-16,1949403
1560729600000,2019-06-17,1104693
1560816000000,2019-06-18,656416
1560902400000,2019-06-19,621889
1560988800000,2019-06-20,681450
1561075200000,2019-06-21,1787774
1561161600000,2019-06-22,3071434
1561248000000,2019-06-23,1466740
1561334400000,2019-06-24,791795
1561420800000,2019-06-25,1580126
1561507200000,2019-06-26,4013697
1561593600000,2019-06-27,3702900
1561680000000,2019-06-28,1406723
1561766400000,2019-06-29,1767661
1561852800000,2019-06-30,1226242
1561939200000,2019-07-01,1675420
1562025600000,2019-07-02,1611676
1562112000000,2019-07-03,1200937
1562198400000,2019-07-04,1358910
1562284800000,2019-07-05,1036571
1562371200000,2019-07-06,1132228
1562457600000,2019-07-07,787043
1562544000000,2019-07-08,1158658
1562630400000,2019-07-09,2799912
1562716800000,2019-07-10,1995785
1562803200000,2019-07-11,1604643
1562889600000,2019-07-12,954129
1562976000000,2019-07-13,806595
1563062400000,2019-07-14,2568239
1563148800000,2019-07-15,2776446
1563235200000,2019-07-16,3228482
1563321600000,2019-07-17,2376118
1563408000000,2019-07-18,1342581
1563494400000,2019-07-19,952303
1563580800000,2019-07-20,1047164
1563667200000,2019-07-21,492956
1563753600000,2019-07-22,1172869
1563840000000,2019-07-23,1196501
1563926400000,2019-07-24,1151861
1564012800000,2019-07-25,959793
1564099200000,2019-07-26,1816017
1564185600000,2019-07-27,531141
1564272000000,2019-07-28,566324
1564358400000,2019-07-29,458367
1564444800000,2019-07-30,847660
1564531200000,2019-07-31,878776
1564617600000,2019-08-01,897804
1564704000000,2019-08-02,1196867
1564790400000,2019-08-03,482237
1564876800000,2019-08-04,464682
1564963200000,2019-08-05,1487147
1565049600000,2019-08-06,1061893
1565136000000,2019-08-07,726229
1565222400000,2019-08-08,765034
1565308800000,2019-08-09,1736231
1565395200000,2019-08-10,603839
1565481600000,2019-08-11,546205
1565568000000,2019-08-12,483755
1565654400000,2019-08-13,592233
1565740800000,2019-08-14,1821629
1565827200000,2019-08-15,1858655
1565913600000,2019-08-16,1092090
1566000000000,2019-08-17,396206
1566086400000,2019-08-18,1009949
1566172800000,2019-08-19,606670
1566259200000,2019-08-20,571134
1566345600000,2019-08-21,726582
1566432000000,2019-08-22,675283
1566518400000,2019-08-23,439097
1566604800000,2019-08-24,489789
1566691200000,2019-08-25,1220375
1566777600000,2019-08-26,527578
1566864000000,2019-08-27,732913
1566950400000,2019-08-28,1721215
1567036800000,2019-08-29,1105198
1567123200000,2019-08-30,614138
1567209600000,2019-08-31,330781
1567296000000,2019-09-01,540596
1567382400000,2019-09-02,566471
1567468800000,2019-09-03,600946
1567555200000,2019-09-04,933777
1567641600000,2019-09-05,1278943
1567728000000,2019-09-06,962899
1567814400000,2019-09-07,536671
1567900800000,2019-09-08,418105
1567987200000,2019-09-09,558075
1568073600000,2019-09-10,464380
1568160000000,2019-09-11,609045
1568246400000,2019-09-12,417661
1568332800000,2019-09-13,480703
1568419200000,2019-09-14,417773
1568505600000,2019-09-15,342060
1568592000000,2019-09-16,819090
1568678400000,2019-09-17,1460730
1568764800000,2019-09-18,1218189
1568851200000,2019-09-19,1025407
1568937600000,2019-09-20,695390
1569024000000,2019-09-21,416396
1569110400000,2019-09-22,436941
1569196800000,2019-09-23,894123
1569283200000,2019-09-24,3248279
1569369600000,2019-09-25,991393
1569456000000,2019-09-26,1411552
1569542400000,2019-09-27,827808
1569628800000,2019-09-28,651371
1569715200000,2019-09-29,423061
1569801600000,2019-09-30,660774
1569888000000,2019-10-01,715947
1569974400000,2019-10-02,514614
1570060800000,2019-10-03,520274
1570147200000,2019-10-04,798953
1570233600000,2019-10-05,491996
1570320000000,2019-10-06,457053
1570406400000,2019-10-07,947215
1570492800000,2019-10-08,566939
1570579200000,2019-10-09,1661350
1570665600000,2019-10-10,1175354
1570752000000,2019-10-11,929560
1570838400000,2019-10-12,369449
1570924800000,2019-10-13,425513
1571011200000,2019-10-14,786172
1571097600000,2019-10-15,664779
1571184000000,2019-10-16,1216313
1571270400000,2019-10-17,1140774
1571356800000,2019-10-18,800401
1571443200000,2019-10-19,370155
1571529600000,2019-10-20,442231
1571616000000,2019-10-21,761421
1571702400000,2019-10-22,676934
1571788800000,2019-10-23,1631324
1571875200000,2019-10-24,680305
1571961600000,2019-10-25,1778170
1572048000000,2019-10-26,2508354
1572134400000,2019-10-27,913460
1572220800000,2019-10-28,1047444
1572307200000,2019-10-29,899497
1572393600000,2019-10-30,677221
1572480000000,2019-10-31,1118844
1572566400000,2019-11-01,1151043
1572652800000,2019-11-02,415187
1572739200000,2019-11-03,540545
1572825600000,2019-11-04,608122
1572912000000,2019-11-05,723388
1572998400000,2019-11-06,927883
1573084800000,2019-11-07,1542230
1573171200000,2019-11-08,1131156
1573257600000,2019-11-09,988053
1573344000000,2019-11-10,932850
1573430400000,2019-11-11,1355638
1573516800000,2019-11-12,909205
1573603200000,2019-11-13,781580
1573689600000,2019-11-14,994395
1573776000000,2019-11-15,1410740
1573862400000,2019-11-16,500099
1573948800000,2019-11-17,888837
1574035200000,2019-11-18,1049074
1574121600000,2019-11-19,2070078
1574208000000,2019-11-20,1954891
1574294400000,2019-11-21,3583471
1574380800000,2019-11-22,8040170
1574467200000,2019-11-23,2184078
1574553600000,2019-11-24,2984111
1574640000000,2019-11-25,5594382
1574726400000,2019-11-26,1705946
1574812800000,2019-11-27,1873733
1574899200000,2019-11-28,1601217
1574985600000,2019-11-29,2623874
1575072000000,2019-11-30,1979307
1575158400000,2019-12-01,2267612
1575244800000,2019-12-02,3300242
1575331200000,2019-12-03,2935734
1575417600000,2019-12-04,3622722
1575504000000,2019-12-05,3648723
1575590400000,2019-12-06,1246127
1575676800000,2019-12-07,1221006
1575763200000,2019-12-08,1413557
1575849600000,2019-12-09,1085406
1575936000000,2019-12-10,1875526
1576022400000,2019-12-11,1929591
1576108800000,2019-12-12,1090662
1576195200000,2019-12-13,934889
1576281600000,2019-12-14,1305699
1576368000000,2019-12-15,977697
1576454400000,2019-12-16,2182618
1576540800000,2019-12-17,4170458
1576627200000,2019-12-18,2840453
1576713600000,2019-12-19,2082836
1576800000000,2019-12-20,1801198
1576886400000,2019-12-21,1242418
1576972800000,2019-12-22,1187892
1577059200000,2019-12-23,1812150
1577145600000,2019-12-24,3828471
1577232000000,2019-12-25,4802481
1577318400000,2019-12-26,1540345
1577404800000,2019-12-27,801099
1577491200000,2019-12-28,688862
1577577600000,2019-12-29,997096
1577664000000,2019-12-30,955503
1577750400000,2019-12-31,1011035
1577836800000,2020-01-01,1179814
1577923200000,2020-01-02,1523649
1578009600000,2020-01-03,1106257
1578096000000,2020-01-04,768180
1578182400000,2020-01-05,1060523
1578268800000,2020-01-06,3133488
1578355200000,2020-01-07,1824665
1578441600000,2020-01-08,2905389
1578528000000,2020-01-09,1807353
1578614400000,2020-01-10,1449786
1578700800000,2020-01-11,2215454
1578787200000,2020-01-12,1949865
1578873600000,2020-01-13,1590349
1578960000000,2020-01-14,3196900
1579046400000,2020-01-15,3271209
1579132800000,2020-01-16,2880547
1579219200000,2020-01-17,3335861
1579305600000,2020-01-18,2766457
1579392000000,2020-01-19,2279251
1579478400000,2020-01-20,2779519
1579564800000,2020-01-21,2165912
1579651200000,2020-01-22,2458304
1579737600000,2020-01-23,1776859
1579824000000,2020-01-24,1799707
1579910400000,2020-01-25,1143870
1579996800000,2020-01-26,929115
1580083200000,2020-01-27,1524891
1580169600000,2020-01-28,2373777
1580256000000,2020-01-29,2173712
1580342400000,2020-01-30,2122080
1580428800000,2020-01-31,1808177
1580515200000,2020-02-01,1537172
1580601600000,2020-02-02,2447412
1580688000000,2020-02-03,3731278
1580774400000,2020-02-04,2370817
1580860800000,2020-02-05,4658966
1580947200000,2020-02-06,3848221
1581033600000,2020-02-07,3579649
1581120000000,2020-02-08,3180788
1581206400000,2020-02-09,4517971
1581292800000,2020-02-10,3842383
1581379200000,2020-02-11,4663495
1581465600000,2020-02-12,7973430
1581552000000,2020-02-13,5902266
1581638400000,2020-02-14,8256782
1581724800000,2020-02-15,10152202
1581811200000,2020-02-16,6273611
1581897600000,2020-02-17,5510108
1581984000000,2020-02-18,6750925
1582070400000,2020-02-19,8961689
1582156800000,2020-02-20,4629073
1582243200000,2020-02-21,4153144
1582329600000,2020-02-22,3822034
1582416000000,2020-02-23,2872284
1582502400000,2020-02-24,4237271
1582588800000,2020-02-25,5044764
1582675200000,2020-02-26,6838835
1582761600000,2020-02-27,6661692
1582848000000,2020-02-28,5125945
1582934400000,2020-02-29,3137940
1583020800000,2020-03-01,4964779
1583107200000,2020-03-02,3701694
1583193600000,2020-03-03,4009206
1583280000000,2020-03-04,3463888
1583366400000,2020-03-05,3609800
1583452800000,2020-03-06,3302485
1583539200000,2020-03-07,4168193
1583625600000,2020-03-08,7194498
1583712000000,2020-03-09,9635698
1583798400000,2020-03-10,6374946
1583884800000,2020-03-11,6118729
1583971200000,2020-03-12,32778631
1584057600000,2020-03-13,39690415
1584144000000,2020-03-14,8207778
1584230400000,2020-03-15,11241301
1584316800000,2020-03-16,16996642
1584403200000,2020-03-17,6921115
1584489600000,2020-03-18,3879924
1584576000000,2020-03-19,6620045
1584662400000,2020-03-20,7596095
1584748800000,2020-03-21,2969761
1584835200000,2020-03-22,3394699
1584921600000,2020-03-23,3617719
1585008000000,2020-03-24,3573036
1585094400000,2020-03-25,3053507
1585180800000,2020-03-26,2430717
1585267200000,2020-03-27,2758261
1585353600000,2020-03-28,2590850
1585440000000,2020-03-29,1437058
1585526400000,2020-03-30,1926251
1585612800000,2020-03-31,1689737
1585699200000,2020-04-01,1604435
1585785600000,2020-04-02,2456615
1585872000000,2020-04-03,2115121
1585958400000,2020-04-04,1576016
1586044800000,2020-04-05,1268873
1586131200000,2020-04-06,4762481
1586217600000,2020-04-07,5169571
1586304000000,2020-04-08,2931892
1586390400000,2020-04-09,2091865
1586476800000,2020-04-10,3408377
1586563200000,2020-04-11,1506081
1586649600000,2020-04-12,1886491
1586736000000,2020-04-13,2602552
1586822400000,2020-04-14,2732434
1586908800000,2020-04-15,2461739
1586995200000,2020-04-16,6932328
1587081600000,2020-04-17,2553570
1587168000000,2020-04-18,18622894
1587254400000,2020-04-19,5298564
1587340800000,2020-04-20,6514602
1587427200000,2020-04-21,6673860
1587513600000,2020-04-22,12298131
1587600000000,2020-04-23,8325039
1587686400000,2020-04-24,7071409
1587772800000,2020-04-25,7094129
1587859200000,2020-04-26,8585186
1587945600000,2020-04-27,7458009
1588032000000,2020-04-28,5984903
1588118400000,2020-04-29,13042627
1588204800000,2020-04-30,13964444
1588291200000,2020-05-01,7487028
1588377600000,2020-05-02,8615531
1588464000000,2020-05-03,7957620
1588550400000,2020-05-04,13227573
1588636800000,2020-05-05,8707345
1588723200000,2020-05-06,8313300
1588809600000,2020-05-07,7672032
1588896000000,2020-05-08,10578764
1588982400000,2020-05-09,12403067
1589068800000,2020-05-10,16588952
1589155200000,2020-05-11,11872059
1589241600000,2020-05-12,8156568
1589328000000,2020-05-13,9196271
1589414400000,2020-05-14,7843341
1589500800000,2020-05-15,7521777
1589587200000,2020-05-16,7037187
1589673600000,2020-05-17,13884539
1589760000000,2020-05-18,11557740
1589846400000,2020-05-19,13106446
1589932800000,2020-05-20,11193762
1590019200000,2020-05-21,7442096
1590105600000,2020-05-22,6563073
1590192000000,2020-05-23,5151645
1590278400000,2020-05-24,8255525
1590364800000,2020-05-25,3663889
1590451200000,2020-05-26,8144424
1590537600000,2020-05-27,5951910
1590624000000,2020-05-28,5208477
1590710400000,2020-05-29,12001928
1590796800000,2020-05-30,6806426
1590883200000,2020-05-31,5939069
1590969600000,2020-06-01,7087471
1591056000000,2020-06-02,10712652
1591142400000,2020-06-03,6509642
1591228800000,2020-06-04,6074431
1591315200000,2020-06-05,7005570
1591401600000,2020-06-06,7531117
1591488000000,2020-06-07,7971625
1591574400000,2020-06-08,8065845
1591660800000,2020-06-09,14844101
1591747200000,2020-06-10,11306424
1591833600000,2020-06-11,15966974
1591920000000,2020-06-12,8117929
1592006400000,2020-06-13,7289002
1592092800000,2020-06-14,6487333
1592179200000,2020-06-15,14710993
1592265600000,2020-06-16,9287709
1592352000000,2020-06-17,103381057
1592438400000,2020-06-18,59263531
1592524800000,2020-06-19,62614241
1592611200000,2020-06-20,14597636
1592697600000,2020-06-21,21756163
1592784000000,2020-06-22,27663799
1592870400000,2020-06-23,22743965
1592956800000,2020-06-24,26681477
1593043200000,2020-06-25,24494366
1593129600000,2020-06-26,21596287
1593216000000,2020-06-27,22108343
1593302400000,2020-06-28,15333028
1593388800000,2020-06-29,16692007
1593475200000,2020-06-30,15718894
1593561600000,2020-07-01,22077475
1593648000000,2020-07-02,24727113
1593734400000,2020-07-03,22687542
1593820800000,2020-07-04,16850553
1593907200000,2020-07-05,15394532
1593993600000,2020-07-06,19159413
1594080000000,2020-07-07,17347019
1594166400000,2020-07-08,22162555
1594252800000,2020-07-09,23654370
1594339200000,2020-07-10,21044082
1594425600000,2020-07-11,21579869
1594512000000,2020-07-12,30435157
1594598400000,2020-07-13,48924929
1594684800000,2020-07-14,28740399
1594771200000,2020-07-15,30863300
1594857600000,2020-07-16,29519899
1594944000000,2020-07-17,44491007
1595030400000,2020-07-18,46872140
1595116800000,2020-07-19,51771839
1595203200000,2020-07-20,58900915
1595289600000,2020-07-21,58435280
1595376000000,2020-07-22,69920417
1595462400000,2020-07-23,76318781
1595548800000,2020-07-24,79542813
1595635200000,2020-07-25,106467587
1595721600000,2020-07-26,109988351
1595808000000,2020-07-27,143772908
1595894400000,2020-07-28,96780504
1595980800000,2020-07-29,111041977
1596067200000,2020-07-30,130918206
1596153600000,2020-07-31,128786801
1596240000000,2020-08-01,109468621
1596326400000,2020-08-02,96254236
1596412800000,2020-08-03,93300626
1596499200000,2020-08-04,91919753
1596585600000,2020-08-05,85645168
1596672000000,2020-08-06,88968444
1596758400000,2020-08-07,136170086
1596844800000,2020-08-08,136423989
1596931200000,2020-08-09,157912001
1597017600000,2020-08-10,246380783
1597104000000,2020-08-11,184962498
1597190400000,2020-08-12,297356655
1597276800000,2020-08-13,286526444
1597363200000,2020-08-14,222128897
1597449600000,2020-08-15,176918887
1597536000000,2020-08-16,184500723
1597622400000,2020-08-17,194635358
1597708800000,2020-08-18,246827661
1597795200000,2020-08-19,225306113
1597881600000,2020-08-20,240880731
1597968000000,2020-08-21,271721074
1598054400000,2020-08-22,181916918
1598140800000,2020-08-23,170068899
1598227200000,2020-08-24,209123820
1598313600000,2020-08-25,200858531
1598400000000,2020-08-26,216542351
1598486400000,2020-08-27,176847409
1598572800000,2020-08-28,244615401
1598659200000,2020-08-29,340285283
1598745600000,2020-08-30,552280603
1598832000000,2020-08-31,625700621
1598918400000,2020-09-01,1001708295
1599004800000,2020-09-02,997544013
1599091200000,2020-09-03,920351717
1599177600000,2020-09-04,629588941
1599264000000,2020-09-05,891299728
1599350400000,2020-09-06,692902059
1599436800000,2020-09-07,480824389
1599523200000,2020-09-08,420130054
1599609600000,2020-09-09,501212588
1599696000000,2020-09-10,730106234
1599782400000,2020-09-11,559583561
1599868800000,2020-09-12,549759761
1599955200000,2020-09-13,616601792
1600041600000,2020-09-14,669639095
1600128000000,2020-09-15,645128602
1600214400000,2020-09-16,567721655
1600300800000,2020-09-17,741229094
1600387200000,2020-09-18,740075941
1600473600000,2020-09-19,607659984
1600560000000,2020-09-20,493664413
1600646400000,2020-09-21,603288486
1600732800000,2020-09-22,432110000
1600819200000,2020-09-23,466485735
1600905600000,2020-09-24,375129270
1600992000000,2020-09-25,334470017
1601078400000,2020-09-26,308141387
1601164800000,2020-09-27,378492318
1601251200000,2020-09-28,368608103
1601337600000,2020-09-29,490680435
1601424000000,2020-09-30,368027604
1601510400000,2020-10-01,463132242
1601596800000,2020-10-02,546938891
1601683200000,2020-10-03,343207551
1601769600000,2020-10-04,412019717
1601856000000,2020-10-05,346765378
1601942400000,2020-10-06,513647792
1602028800000,2020-10-07,437933332
1602115200000,2020-10-08,433597530
1602201600000,2020-10-09,367406063
1602288000000,2020-10-10,314446096
1602374400000,2020-10-11,270790618
1602460800000,2020-10-12,343309400
1602547200000,2020-10-13,264009184
1602633600000,2020-10-14,283888097
1602720000000,2020-10-15,277596553
1602806400000,2020-10-16,247611061
1602892800000,2020-10-17,182185566
1602979200000,2020-10-18,195526186
1603065600000,2020-10-19,223382146
1603152000000,2020-10-20,259024515
1603238400000,2020-10-21,345427473
1603324800000,2020-10-22,297704443
1603411200000,2020-10-23,266172670
1603497600000,2020-10-24,170703552
1603584000000,2020-10-25,189641052
1603670400000,2020-10-26,2249173394
1603756800000,2020-10-27,248128584
1603843200000,2020-10-28,452130518
1603929600000,2020-10-29,385482644
1604016000000,2020-10-30,400956909
1604102400000,2020-10-31,266297756
1604188800000,2020-11-01,205680449
1604275200000,2020-11-02,258753229
1604361600000,2020-11-03,262091530
1604448000000,2020-11-04,274966733
1604534400000,2020-11-05,363833323
1604620800000,2020-11-06,441795342
1604707200000,2020-11-07,521274106
1604793600000,2020-11-08,254120672
1604880000000,2020-11-09,302831473
1604966400000,2020-11-10,299828271
1605052800000,2020-11-11,297552505
1605139200000,2020-11-12,280179761
1605225600000,2020-11-13,318473463
1605312000000,2020-11-14,462993951
1605398400000,2020-11-15,318900418
1605484800000,2020-11-16,359216296
1605571200000,2020-11-17,505366509
1605657600000,2020-11-18,442859607
1605744000000,2020-11-19,368638749
1605830400000,2020-11-20,443125675
1605916800000,2020-11-21,558821127
1606003200000,2020-11-22,651146477
1606089600000,2020-11-23,513329365
1606176000000,2020-11-24,571559693
1606262400000,2020-11-25,423405971
1606348800000,2020-11-26,997624304
1606435200000,2020-11-27,333087617
1606521600000,2020-11-28,252671147
1606608000000,2020-11-29,270257820
1606694400000,2020-11-30,444312205
1606780800000,2020-12-01,528945637
1606867200000,2020-12-02,387450585
1606953600000,2020-12-03,408390520
1607040000000,2020-12-04,432909010
1607126400000,2020-12-05,374985333
1607212800000,2020-12-06,474323446
1607299200000,2020-12-07,393658194
1607385600000,2020-12-08,523806975
1607472000000,2020-12-09,469913743
1607558400000,2020-12-10,411079307
1607644800000,2020-12-11,406987228
1607731200000,2020-12-12,311933983
1607817600000,2020-12-13,310061035
1607904000000,2020-12-14,331937340
1607990400000,2020-12-15,387154130
1608076800000,2020-12-16,444233148
1608163200000,2020-12-17,1129743430
1608249600000,2020-12-18,438583783
1608336000000,2020-12-19,460127386
1608422400000,2020-12-20,434855883
1608508800000,2020-12-21,566396833
1608595200000,2020-12-22,526706123
1608681600000,2020-12-23,658025127
1608768000000,2020-12-24,578400245
1608854400000,2020-12-25,479837408
1608940800000,2020-12-26,480490460
1609027200000,2020-12-27,731442473
1609113600000,2020-12-28,704484128
1609200000000,2020-12-29,738757930
1609286400000,2020-12-30,757820323
1609372800000,2020-12-31,719110820
1609459200000,2021-01-01,700074066
1609545600000,2021-01-02,817262758
1609632000000,2021-01-03,1324785608
1609718400000,2021-01-04,1685239404
1609804800000,2021-01-05,1384653602
1609891200000,2021-01-06,1347906632
1609977600000,2021-01-07,1358560286
1610064000000,2021-01-08,1554700947
1610150400000,2021-01-09,1272861814
1610236800000,2021-01-10,1324464739
1610323200000,2021-01-11,2303997176
1610409600000,2021-01-12,1207920691
1610496000000,2021-01-13,978783123
1610582400000,2021-01-14,1043148704
1610668800000,2021-01-15,1347805114
1610755200000,2021-01-16,1202649285
1610841600000,2021-01-17,1104292957
1610928000000,2021-01-18,1095625222
1611014400000,2021-01-19,1700087014
1611100800000,2021-01-20,1294562812
1611187200000,2021-01-21,1589688883
1611273600000,2021-01-22,1453839702
1611360000000,2021-01-23,1148852475
1611446400000,2021-01-24,1316544882
1611532800000,2021-01-25,1692531870
1611619200000,2021-01-26,1457289043
1611705600000,2021-01-27,1432072966
1611792000000,2021-01-28,1241701691
1611878400000,2021-01-29,1977238759
1611964800000,2021-01-30,1358025882
1612051200000,2021-01-31,1406343919
1612137600000,2021-02-01,1515195501
1612224000000,2021-02-02,1696786405
1612310400000,2021-02-03,1542003498
1612396800000,2021-02-04,2315476674
1612483200000,2021-02-05,1951649967
1612569600000,2021-02-06,1848626622
1612656000000,2021-02-07,1651303747
1612742400000,2021-02-08,1940674765
1612828800000,2021-02-09,1789318906
1612915200000,2021-02-10,1910127477
1613001600000,2021-02-11,1502425822
1613088000000,2021-02-12,1686263502
1613174400000,2021-02-13,1695773096
1613260800000,2021-02-14,1531627796
1613347200000,2021-02-15,2069869264
1613433600000,2021-02-16,1567458247
1613520000000,2021-02-17,1783063417
1613606400000,2021-02-18,1765486108
1613692800000,2021-02-19,1764549644
1613779200000,2021-02-20,2261793841
1613865600000,2021-02-21,1557193089
1613952000000,2021-02-22,2733637745
1614038400000,2021-02-23,3566835880
1614124800000,2021-02-24,1952561465
1614211200000,2021-02-25,1700115112
1614297600000,2021-02-26,1889415464
1614384000000,2021-02-27,1343020049
1614470400000,2021-02-28,1889829565
1614556800000,2021-03-01,1482502241
1614643200000,2021-03-02,1562486159
1614729600000,2021-03-03,1443573564
1614816000000,2021-03-04,1458022605
1614902400000,2021-03-05,1540317990
1614988800000,2021-03-06,1294569143
1615075200000,2021-03-07,1605084679
1615161600000,2021-03-08,1661897446
1615248000000,2021-03-09,1762475616
1615334400000,2021-03-10,1429106392
1615420800000,2021-03-11,1427201821
1615507200000,2021-03-12,1503421464
1615593600000,2021-03-13,1638893044
1615680000000,2021-03-14,1460275348
1615766400000,2021-03-15,1570442736
1615852800000,2021-03-16,1392110225
1615939200000,2021-03-17,1393141882
1616025600000,2021-03-18,1239746509
1616112000000,2021-03-19,1390499307
1616198400000,2021-03-20,1232040372
1616284800000,2021-03-21,1332545021
1616371200000,2021-03-22,1845366693
1616457600000,2021-03-23,1588292962
1616544000000,2021-03-24,1832522754
1616630400000,2021-03-25,1617970644
1616716800000,2021-03-26,1356199702
1616803200000,2021-03-27,1276300399
1616889600000,2021-03-28,1918436920
1616976000000,2021-03-29,2060817062
1617062400000,2021-03-30,1996643827
1617148800000,2021-03-31,443160786
1617235200000,2021-04-01,2845802148
1617321600000,2021-04-02,2887475846
1617408000000,2021-04-03,1748452134
1617494400000,2021-04-04,1390092944
1617580800000,2021-04-05,1565369980
1617667200000,2021-04-06,1682712239
1617753600000,2021-04-07,2027199397
1617840000000,2021-04-08,1539850302
1617926400000,2021-04-09,1371812959
1618012800000,2021-04-10,1462999009
1618099200000,2021-04-11,1282281654
1618185600000,2021-04-12,1519255586
1618272000000,2021-04-13,1626872560
1618358400000,2021-04-14,1999494555
1618444800000,2021-04-15,1752255777
1618531200000,2021-04-16,1924758081
1618617600000,2021-04-17,1809290807
1618704000000,2021-04-18,2825132905
1618790400000,2021-04-19,1971834510
1618876800000,2021-04-20,2459171527
1618963200000,2021-04-21,2090207829
1619049600000,2021-04-22,2831842773
1619136000000,2021-04-23,2992306793
1619222400000,2021-04-24,1450229105
1619308800000,2021-04-25,1391128219
1619395200000,2021-04-26,1807100859
1619481600000,2021-04-27,1807160605
1619568000000,2021-04-28,1945422279
1619654400000,2021-04-29,1700805714
1619740800000,2021-04-30,1637967286
1619827200000,2021-05-01,1738301859
1619913600000,2021-05-02,2144072673
1620000000000,2021-05-03,2657351419
1620086400000,2021-05-04,3077976161
1620172800000,2021-05-05,2274144663
1620259200000,2021-05-06,2105829873
1620345600000,2021-05-07,2141000362
1620432000000,2021-05-08,4134337990
1620518400000,2021-05-09,3335140603
1620604800000,2021-05-10,4989499366
1620691200000,2021-05-11,3763685525
1620777600000,2021-05-12,5748066778
1620864000000,2021-05-13,5220958565
1620950400000,2021-05-14,3462237434
1621036800000,2021-05-15,3235337798
1621123200000,2021-05-16,3958297037
1621209600000,2021-05-17,4514738104
1621296000000,2021-05-18,3712873091
1621382400000,2021-05-19,9754342511
1621468800000,2021-05-20,5621905360
1621555200000,2021-05-21,4948296831
1621641600000,2021-05-22,3388357100
1621728000000,2021-05-23,6050292314
1621814400000,2021-05-24,4200284723
1621900800000,2021-05-25,3621092227
1621987200000,2021-05-26,3879370922
1622073600000,2021-05-27,3032614848
1622160000000,2021-05-28,3337108030
1622246400000,2021-05-29,2892959945
1622332800000,2021-05-30,2362591522
1622419200000,2021-05-31,2325531166
1622505600000,2021-06-01,2240834367
1622592000000,2021-06-02,1872374511
1622678400000,2021-06-03,2375427663
1622764800000,2021-06-04,2978358444
1622851200000,2021-06-05,1782622007
1622937600000,2021-06-06,1080240124
1623024000000,2021-06-07,1953960289
1623110400000,2021-06-08,2828823409
1623196800000,2021-06-09,2400919970
1623283200000,2021-06-10,1814579007
1623369600000,2021-06-11,1989531582
1623456000000,2021-06-12,1786208068
1623542400000,2021-06-13,1583261172
1623628800000,2021-06-14,1628514685
1623715200000,2021-06-15,1619549330
1623801600000,2021-06-16,1556213221
1623888000000,2021-06-17,1624638995
1623974400000,2021-06-18,1836660878
1624060800000,2021-06-19,1305200903
1624147200000,2021-06-20,1641363061
1624233600000,2021-06-21,3125066102
1624320000000,2021-06-22,2939078171
1624406400000,2021-06-23,1837075815
1624492800000,2021-06-24,1407620710
1624579200000,2021-06-25,1733046835
1624665600000,2021-06-26,1539422590
1624752000000,2021-06-27,1437098041
1624838400000,2021-06-28,2636191770
1624924800000,2021-06-29,1670639239
1625011200000,2021-06-30,1807327750
1625097600000,2021-07-01,2775493792
1625184000000,2021-07-02,1546932694
1625270400000,2021-07-03,1201701320
1625356800000,2021-07-04,1638547101
1625443200000,2021-07-05,1513187039
1625529600000,2021-07-06,1978555310
1625616000000,2021-07-07,1507267672
1625702400000,2021-07-08,1720139187
1625788800000,2021-07-09,1715156528
1625875200000,2021-07-10,1297850250
1625961600000,2021-07-11,842961783
1626048000000,2021-07-12,1196390528
1626134400000,2021-07-13,1517684728
1626220800000,2021-07-14,1723094003
1626307200000,2021-07-15,1768877050
1626393600000,2021-07-16,1359570140
1626480000000,2021-07-17,1147451191
1626566400000,2021-07-18,1434410629
1626652800000,2021-07-19,1205883554
1626739200000,2021-07-20,1825682016
1626825600000,2021-07-21,1974697864
1626912000000,2021-07-22,1530877491
1626998400000,2021-07-23,1303084050
1627084800000,2021-07-24,1332039510
1627171200000,2021-07-25,1158787978
1627257600000,2021-07-26,3546862960
1627344000000,2021-07-27,2041786543
1627430400000,2021-07-28,1920851620
1627516800000,2021-07-29,1453106964
1627603200000,2021-07-30,1887594138
1627689600000,2021-07-31,1449294287
1627776000000,2021-08-01,2048638908
1627862400000,2021-08-02,1799104901
1627948800000,2021-08-03,2086949651
1628035200000,2021-08-04,2334114260
1628121600000,2021-08-05,2616262815
1628208000000,2021-08-06,2145184617
1628294400000,2021-08-07,2836288832
1628380800000,2021-08-08,2806582268
1628467200000,2021-08-09,3251090610
1628553600000,2021-08-10,2296364376
1628640000000,2021-08-11,2200336529
1628726400000,2021-08-12,2337700767
1628812800000,2021-08-13,1867746307
1628899200000,2021-08-14,1540466881
1628985600000,2021-08-15,1781288148
1629072000000,2021-08-16,2291952343
1629158400000,2021-08-17,3214712886
1629244800000,2021-08-18,2785569071
1629331200000,2021-08-19,2347279517
1629417600000,2021-08-20,2232532355
1629504000000,2021-08-21,1720613719
1629590400000,2021-08-22,1803491650
1629676800000,2021-08-23,2242959839
1629763200000,2021-08-24,3020261555
1629849600000,2021-08-25,2209989870
1629936000000,2021-08-26,2179634984
1630022400000,2021-08-27,1859289358
1630108800000,2021-08-28,1290599151
1630195200000,2021-08-29,1786477365
1630281600000,2021-08-30,2466213050
1630368000000,2021-08-31,2687576417
1630454400000,2021-09-01,2911982923
1630540800000,2021-09-02,2393093236
1630627200000,2021-09-03,2710984693
1630713600000,2021-09-04,2002508335
1630800000000,2021-09-05,1927154529
1630886400000,2021-09-06,2222215933
1630972800000,2021-09-07,4767263744
1631059200000,2021-09-08,3689603540
1631145600000,2021-09-09,2520388119
1631232000000,2021-09-10,2657387278
1631318400000,2021-09-11,1786316035
1631404800000,2021-09-12,1709329757
1631491200000,2021-09-13,2339706233
1631577600000,2021-09-14,1789253493
1631664000000,2021-09-15,1983074563
1631750400000,2021-09-16,2467260625
1631836800000,2021-09-17,2182084786
1631923200000,2021-09-18,1569307291
1632009600000,2021-09-19,1561856613
1632096000000,2021-09-20,3709356813
1632182400000,2021-09-21,3582357287
1632268800000,2021-09-22,2506382966
1632355200000,2021-09-23,1901197219
1632441600000,2021-09-24,2782769589
1632528000000,2021-09-25,2005871326
1632614400000,2021-09-26,2826606667
1632700800000,2021-09-27,2133286156
1632787200000,2021-09-28,2002375423
1632873600000,2021-09-29,1812482091
1632960000000,2021-09-30,2053030537
1633046400000,2021-10-01,2327504626
1633132800000,2021-10-02,1763800702
1633219200000,2021-10-03,1658831137
1633305600000,2021-10-04,2280632428
1633392000000,2021-10-05,2151609608
1633478400000,2021-10-06,2922814997
1633564800000,2021-10-07,3016835508
1633651200000,2021-10-08,2127863390
1633737600000,2021-10-09,1505520802
1633824000000,2021-10-10,2123733442
1633910400000,2021-10-11,2685226343
1633996800000,2021-10-12,2757730406
1634083200000,2021-10-13,2486609513
1634169600000,2021-10-14,3153271168
1634256000000,2021-10-15,4192566297
1634342400000,2021-10-16,2482049895
1634428800000,2021-10-17,2371028864
1634515200000,2021-10-18,2533356401
1634601600000,2021-10-19,2716083052
1634688000000,2021-10-20,2950830398
1634774400000,2021-10-21,4151460493
1634860800000,2021-10-22,2859512875
1634947200000,2021-10-23,2289387733
1635033600000,2021-10-24,2587932005
1635120000000,2021-10-25,2750944777
1635206400000,2021-10-26,3822283468
1635292800000,2021-10-27,5033051595
1635379200000,2021-10-28,4516280740
1635465600000,2021-10-29,3924716616
1635552000000,2021-10-30,3300778082
1635638400000,2021-10-31,3101769431
1635724800000,2021-11-01,3034115883
1635811200000,2021-11-02,3628318226
1635897600000,2021-11-03,3847842448
1635984000000,2021-11-04,3479370751
1636070400000,2021-11-05,3015839396
1636156800000,2021-11-06,2603671253
1636243200000,2021-11-07,2443176599
1636329600000,2021-11-08,3253187522
1636416000000,2021-11-09,3267857009
1636502400000,2021-11-10,5145304007
1636588800000,2021-11-11,4006191980
1636675200000,2021-11-12,3893270477
1636761600000,2021-11-13,2520675945
1636848000000,2021-11-14,2589701271
1636934400000,2021-11-15,3097169740
1637020800000,2021-11-16,4924683625
1637107200000,2021-11-17,3785911514
1637193600000,2021-11-18,4824023649
1637280000000,2021-11-19,3334329903
1637366400000,2021-11-20,2631777475
1637452800000,2021-11-21,2846925480
1637539200000,2021-11-22,3988082795
1637625600000,2021-11-23,3815802571
1637712000000,2021-11-24,4107320474
1637798400000,2021-11-25,3853877483
1637884800000,2021-11-26,5749270902
1637971200000,2021-11-27,2937302104
1638057600000,2021-11-28,3303619835
1638144000000,2021-11-29,3220409848
1638230400000,2021-11-30,4814023904
1638316800000,2021-12-01,3786118853
1638403200000,2021-12-02,4005365691
1638489600000,2021-12-03,4685646194
1638576000000,2021-12-04,7178717677
1638662400000,2021-12-05,4181827111
1638748800000,2021-12-06,5450537287
1638835200000,2021-12-07,3207320423
1638921600000,2021-12-08,3165660099
1639008000000,2021-12-09,4255689674
1639094400000,2021-12-10,4695495629
1639180800000,2021-12-11,3040766354
1639267200000,2021-12-12,2123493270
1639353600000,2021-12-13,3713956675
1639440000000,2021-12-14,3098920757
1639526400000,2021-12-15,4373608684
1639612800000,2021-12-16,2831962451
1639699200000,2021-12-17,3784336903
1639785600000,2021-12-18,2858654116
1639872000000,2021-12-19,2522536039
1639958400000,2021-12-20,3107950073
1640044800000,2021-12-21,2580026773
1640131200000,2021-12-22,2317393510
1640217600000,2021-12-23,2917063386
1640304000000,2021-12-24,2318125446
1640390400000,2021-12-25,2177874768
1640476800000,2021-12-26,1861733010
1640563200000,2021-12-27,2066392588
1640649600000,2021-12-28,3229347626
1640736000000,2021-12-29,2503370556
1640822400000,2021-12-30,2298527855
1640908800000,2021-12-31,2479153552
1640995200000,2022-01-01,1932591341
1641081600000,2022-01-02,1762800208
1641168000000,2022-01-03,2240514792
1641254400000,2022-01-04,2493909544
1641340800000,2022-01-05,3618122370
1641427200000,2022-01-06,3180521540
1641513600000,2022-01-07,3885309114
1641600000000,2022-01-08,2907828849
1641686400000,2022-01-09,1743153652
1641772800000,2022-01-10,3667804898
1641859200000,2022-01-11,2513789622
1641945600000,2022-01-12,2522107990
1642032000000,2022-01-13,2744810565
1642118400000,2022-01-14,2162462362
1642204800000,2022-01-15,1612295177
1642291200000,2022-01-16,1729743320
1642377600000,2022-01-17,2715642018
1642464000000,2022-01-18,2598385867
1642550400000,2022-01-19,2512742697
1642636800000,2022-01-20,2888726864
1642723200000,2022-01-21,6542899188
1642809600000,2022-01-22,5034444369
1642896000000,2022-01-23,3078077104
1642982400000,2022-01-24,4715802157
1643068800000,2022-01-25,2417446862
1643155200000,2022-01-26,3728091567
1643241600000,2022-01-27,2979177279
1643328000000,2022-01-28,2975151772
1643414400000,2022-01-29,1926417903
1643500800000,2022-01-30,1593314308
1643587200000,2022-01-31,2016444493
1643673600000,2022-02-01,2214024149
1643760000000,2022-02-02,2108428400
1643846400000,2022-02-03,1936072666
1643932800000,2022-02-04,2283265352
1644019200000,2022-02-05,1959549826
1644105600000,2022-02-06,1577174490
1644192000000,2022-02-07,2137425392
1644278400000,2022-02-08,2202922077
1644364800000,2022-02-09,2009249114
1644451200000,2022-02-10,2813438432
1644537600000,2022-02-11,2947594906
1644624000000,2022-02-12,1909786177
1644710400000,2022-02-13,1290346598
1644796800000,2022-02-14,1702248252
1644883200000,2022-02-15,2156989461
1644969600000,2022-02-16,2203866994
1645056000000,2022-02-17,2581605513
1645142400000,2022-02-18,2149949311
1645228800000,2022-02-19,1294894428
1645315200000,2022-02-20,2094540361
1645401600000,2022-02-21,2851838445
1645488000000,2022-02-22,2250504551
1645574400000,2022-02-23,1890566493
1645660800000,2022-02-24,4562882780
1645747200000,2022-02-25,2756173311
1645833600000,2022-02-26,1627807160
1645920000000,2022-02-27,2394948884
1646006400000,2022-02-28,2512169884
1646092800000,2022-03-01,2622433350
1646179200000,2022-03-02,2575981396
1646265600000,2022-03-03,1798931079
1646352000000,2022-03-04,2486446117
1646438400000,2022-03-05,1214300625
1646524800000,2022-03-06,1453582075
1646611200000,2022-03-07,2094296598
1646697600000,2022-03-08,2069524136
1646784000000,2022-03-09,1960568859
1646870400000,2022-03-10,1792114364
1646956800000,2022-03-11,1774476232
1647043200000,2022-03-12,977493266
1647129600000,2022-03-13,1300739459
1647216000000,2022-03-14,1504476611
1647302400000,2022-03-15,1585608861
1647388800000,2022-03-16,2341155211
1647475200000,2022-03-17,2190304827
1647561600000,2022-03-18,2683793852
1647648000000,2022-03-19,1611896929
1647734400000,2022-03-20,1584819851
1647820800000,2022-03-21,1662210634
1647907200000,2022-03-22,1986778722
1647993600000,2022-03-23,1729433732
1648080000000,2022-03-24,2402303465
1648166400000,2022-03-25,2184838546
1648252800000,2022-03-26,1211008374
1648339200000,2022-03-27,1549091048
1648425600000,2022-03-28,2455454173
1648512000000,2022-03-29,2468621674
1648598400000,2022-03-30,2140371632
1648684800000,2022-03-31,2227776956
1648771200000,2022-04-01,2397499608
1648857600000,2022-04-02,2325763367
1648944000000,2022-04-03,1776512496
1649030400000,2022-04-04,2264418281
1649116800000,2022-04-05,2062885986
1649203200000,2022-04-06,3207726964
1649289600000,2022-04-07,2245390053
1649376000000,2022-04-08,2569874751
1649462400000,2022-04-09,1392878078
1649548800000,2022-04-10,1250361646
1649635200000,2022-04-11,3358168356
1649721600000,2022-04-12,2588485494
1649808000000,2022-04-13,2056931633
1649894400000,2022-04-14,1890891769
1649980800000,2022-04-15,1392591735
1650067200000,2022-04-16,810342581
1650153600000,2022-04-17,1578060561
1650240000000,2022-04-18,1996997959
1650326400000,2022-04-19,1787004594
1650412800000,2022-04-20,2231446837
1650499200000,2022-04-21,2277909406
1650585600000,2022-04-22,1651813851
1650672000000,2022-04-23,1006464728
1650758400000,2022-04-24,985510398
1650844800000,2022-04-25,2068288438
1650931200000,2022-04-26,1922647725
1651017600000,2022-04-27,1680706732
1651104000000,2022-04-28,2258762559
1651190400000,2022-04-29,2374437897
1651276800000,2022-04-30,2562430325
1651363200000,2022-05-01,2055203112
1651449600000,2022-05-02,1900022775
1651536000000,2022-05-03,1770310277
1651622400000,2022-05-04,2213386403
1651708800000,2022-05-05,2482001261
1651795200000,2022-05-06,2785860984
1651881600000,2022-05-07,1481290463
1651968000000,2022-05-08,2582441112
1652054400000,2022-05-09,4620125345
1652140800000,2022-05-10,4014513362
1652227200000,2022-05-11,6888108656
1652313600000,2022-05-12,7223060424
1652400000000,2022-05-13,3479397743
1652486400000,2022-05-14,2023098415
1652572800000,2022-05-15,1497906096
1652659200000,2022-05-16,2375389662
1652745600000,2022-05-17,1666997065
1652832000000,2022-05-18,1854503237
1652918400000,2022-05-19,2190941857
1653004800000,2022-05-20,1745796533
1653091200000,2022-05-21,911243043
1653177600000,2022-05-22,952676120
1653264000000,2022-05-23,1621663594
1653350400000,2022-05-24,1244580910
1653436800000,2022-05-25,1374829982
1653523200000,2022-05-26,2655789727
1653609600000,2022-05-27,2184710288
1653696000000,2022-05-28,1276737297
1653782400000,2022-05-29,785190435
1653868800000,2022-05-30,1958092818
1653955200000,2022-05-31,1420570381
1654041600000,2022-06-01,1647656942
1654128000000,2022-06-02,1325808493
1654214400000,2022-06-03,1150020308
1654300800000,2022-06-04,844223137
1654387200000,2022-06-05,850738076
1654473600000,2022-06-06,1277803760
1654560000000,2022-06-07,1950587884
1654646400000,2022-06-08,1491092800
1654732800000,2022-06-09,978742377
1654819200000,2022-06-10,1763542573
1654905600000,2022-06-11,1892608073
1654992000000,2022-06-12,2117214845
1655078400000,2022-06-13,5064406816
1655164800000,2022-06-14,3597118309
1655251200000,2022-06-15,3881194787
1655337600000,2022-06-16,2179938267
1655424000000,2022-06-17,1704594266
1655510400000,2022-06-18,2378840596
1655596800000,2022-06-19,2179660204
1655683200000,2022-06-20,1988958767
1655769600000,2022-06-21,1636389403
1655856000000,2022-06-22,1372567780
1655942400000,2022-06-23,1408223760
1656028800000,2022-06-24,1526674847
1656115200000,2022-06-25,873526712
1656201600000,2022-06-26,901635929
1656288000000,2022-06-27,879385130
1656374400000,2022-06-28,1117976590
1656460800000,2022-06-29,1313771775
1656547200000,2022-06-30,1554448017
1656633600000,2022-07-01,1576301191
1656720000000,2022-07-02,878894312
1656806400000,2022-07-03,786278969
1656892800000,2022-07-04,1221361811
1656979200000,2022-07-05,1428022287
1657065600000,2022-07-06,1396890183
1657152000000,2022-07-07,1221630646
1657238400000,2022-07-08,1447336220
1657324800000,2022-07-09,683353312
1657411200000,2022-07-10,937424433
1657497600000,2022-07-11,988514024
1657584000000,2022-07-12,1186771948
1657670400000,2022-07-13,1353625541
1657756800000,2022-07-14,1287102079
1657843200000,2022-07-15,1523421668
1657929600000,2022-07-16,1517315848
1658016000000,2022-07-17,1330910277
1658102400000,2022-07-18,2097023664
1658188800000,2022-07-19,2404824789
1658275200000,2022-07-20,2028372087
1658361600000,2022-07-21,1627071528
1658448000000,2022-07-22,1442858540
1658534400000,2022-07-23,1144483999
1658620800000,2022-07-24,1239286186
1658707200000,2022-07-25,1671191239
1658793600000,2022-07-26,1694875268
1658880000000,2022-07-27,1965344926
1658966400000,2022-07-28,2316931016
1659052800000,2022-07-29,1804954467
1659139200000,2022-07-30,1214975142
1659225600000,2022-07-31,1090296798
1659312000000,2022-08-01,1500453737
1659398400000,2022-08-02,1782466960
1659484800000,2022-08-03,1192111814
1659571200000,2022-08-04,1198842272
1659657600000,2022-08-05,1534880342
1659744000000,2022-08-06,784367762
1659830400000,2022-08-07,743566530
1659916800000,2022-08-08,1534252978
1660003200000,2022-08-09,1612415605
1660089600000,2022-08-10,1932920135
1660176000000,2022-08-11,2176402760
1660262400000,2022-08-12,1228046505
1660348800000,2022-08-13,1418167955
1660435200000,2022-08-14,1257690350
1660521600000,2022-08-15,2059888444
1660608000000,2022-08-16,1673126241
1660694400000,2022-08-17,2038448651
1660780800000,2022-08-18,1311610633
1660867200000,2022-08-19,2935011076
1660953600000,2022-08-20,1906037625
1661040000000,2022-08-21,1625912447
1661126400000,2022-08-22,1714497776
1661212800000,2022-08-23,2070289801
1661299200000,2022-08-24,1501021673
1661385600000,2022-08-25,1370050445
1661472000000,2022-08-26,2054552880
1661558400000,2022-08-27,1325628858
1661644800000,2022-08-28,1289864109
1661731200000,2022-08-29,1767266552
1661817600000,2022-08-30,2021176368
1661904000000,2022-08-31,1922611894
1661990400000,2022-09-01,1879556844
1662076800000,2022-09-02,1697680333
1662163200000,2022-09-03,1026016593
1662249600000,2022-09-04,1144795572
1662336000000,2022-09-05,1245537550
1662422400000,2022-09-06,2163092776
1662508800000,2022-09-07,1964071945
1662595200000,2022-09-08,1472628748
1662681600000,2022-09-09,1551746345
1662768000000,2022-09-10,1160296400
1662854400000,2022-09-11,1059502743
1662940800000,2022-09-12,1584388564
1663027200000,2022-09-13,2518028447
1663113600000,2022-09-14,1984155522
1663200000000,2022-09-15,2082912041
1663286400000,2022-09-16,1284032641
1663372800000,2022-09-17,754384484
1663459200000,2022-09-18,944140568
1663545600000,2022-09-19,1488721981
1663632000000,2022-09-20,1296591827
1663718400000,2022-09-21,1584131565
1663804800000,2022-09-22,1287404731
1663891200000,2022-09-23,1331667921
1663977600000,2022-09-24,971188582
1664064000000,2022-09-25,715352315
1664150400000,2022-09-26,1173594201
1664236800000,2022-09-27,1538485793
1664323200000,2022-09-28,1563684381
1664409600000,2022-09-29,1260749027
1664496000000,2022-09-30,1461599165
1664582400000,2022-10-01,1020568155
1664668800000,2022-10-02,744628863
1664755200000,2022-10-03,1530532080
1664841600000,2022-10-04,1116049933
1664928000000,2022-10-05,1034225145
1665014400000,2022-10-06,1421833222
1665100800000,2022-10-07,1000703848
1665187200000,2022-10-08,505136694
1665273600000,2022-10-09,503581195
1665360000000,2022-10-10,839379090
1665446400000,2022-10-11,2128013327
1665532800000,2022-10-12,582539999
1665619200000,2022-10-13,1473804898
1665705600000,2022-10-14,1366528945
1665792000000,2022-10-15,641004613
1665878400000,2022-10-16,673190560
1665964800000,2022-10-17,1299082785
1666051200000,2022-10-18,1140606418
1666137600000,2022-10-19,973072458
1666224000000,2022-10-20,928963700
1666310400000,2022-10-21,1182284901
1666396800000,2022-10-22,570568990
1666483200000,2022-10-23,795131763
1666569600000,2022-10-24,1197639538
1666656000000,2022-10-25,2185468486
1666742400000,2022-10-26,2162094225
1666828800000,2022-10-27,1767582899
1666915200000,2022-10-28,1748986887
1667001600000,2022-10-29,1702852495
1667088000000,2022-10-30,1307809989
1667174400000,2022-10-31,1859185153
1667260800000,2022-11-01,1157643208
1667347200000,2022-11-02,2249927753
1667433600000,2022-11-03,1253835527
1667520000000,2022-11-04,2366465710
1667606400000,2022-11-05,1092942863
1667692800000,2022-11-06,1220782881
1667779200000,2022-11-07,1936775257
1667865600000,2022-11-08,5638949924
1667952000000,2022-11-09,7578831241
1668038400000,2022-11-10,8996261255
1668124800000,2022-11-11,3726032977
1668211200000,2022-11-12,2540668760
1668297600000,2022-11-13,1825513179
1668384000000,2022-11-14,2479380613
1668470400000,2022-11-15,1840867568
1668556800000,2022-11-16,1745038517
1668643200000,2022-11-17,1420420733
1668729600000,2022-11-18,1092074248
1668816000000,2022-11-19,1016636129
1668902400000,2022-11-20,1718132613
1668988800000,2022-11-21,2429989411
1669075200000,2022-11-22,2320418698
1669161600000,2022-11-23,2170280209
1669248000000,2022-11-24,1845434152
1669334400000,2022-11-25,1349382084
1669420800000,2022-11-26,1203848086
1669507200000,2022-11-27,1017684514
1669593600000,2022-11-28,1422664964
1669680000000,2022-11-29,1278729482
1669766400000,2022-11-30,1892279710
1669852800000,2022-12-01,1195138170
1669939200000,2022-12-02,1067617752
1670025600000,2022-12-03,633730278
1670112000000,2022-12-04,649614051
1670198400000,2022-12-05,1045247577
1670284800000,2022-12-06,1085596081
1670371200000,2022-12-07,960285079
1670457600000,2022-12-08,912492495
1670544000000,2022-12-09,878041482
1670630400000,2022-12-10,1252625755
1670716800000,2022-12-11,584925217
1670803200000,2022-12-12,1021554803
1670889600000,2022-12-13,2133237301
1670976000000,2022-12-14,1511728199
1671062400000,2022-12-15,1063447277
1671148800000,2022-12-16,1667949089
1671235200000,2022-12-17,945442401
1671321600000,2022-12-18,585710511
1671408000000,2022-12-19,932294602
1671494400000,2022-12-20,1091529046
1671580800000,2022-12-21,806576544
1671667200000,2022-12-22,846723775
1671753600000,2022-12-23,843853976
1671840000000,2022-12-24,316539076
1671926400000,2022-12-25,661124771
1672012800000,2022-12-26,667884506
1672099200000,2022-12-27,832977323
1672185600000,2022-12-28,1114618103
1672272000000,2022-12-29,922580025
1672358400000,2022-12-30,685461671
1672444800000,2022-12-31,659355870
1672531200000,2023-01-01,452663143
1672617600000,2023-01-02,565193313
1672704000000,2023-01-03,681480926
1672790400000,2023-01-04,1115035341
1672876800000,2023-01-05,890269499
1672963200000,2023-01-06,1079276472
1673049600000,2023-01-07,585057053
1673136000000,2023-01-08,807458975
1673222400000,2023-01-09,1630015561
1673308800000,2023-01-10,1055105846
1673395200000,2023-01-11,1290519027
1673481600000,2023-01-12,2127633982
1673568000000,2023-01-13,1999041926
1673654400000,2023-01-14,2402959212
1673740800000,2023-01-15,1494436659
1673827200000,2023-01-16,1695676493
1673913600000,2023-01-17,1580467716
1674000000000,2023-01-18,2566723308
1674086400000,2023-01-19,1464246097
1674172800000,2023-01-20,1525027523
1674259200000,2023-01-21,1915328334
1674345600000,2023-01-22,1400988326
1674432000000,2023-01-23,1677156297
1674518400000,2023-01-24,1835536335
1674604800000,2023-01-25,2274438746
1674691200000,2023-01-26,1458083943
1674777600000,2023-01-27,1772413735
1674864000000,2023-01-28,1122702042
1674950400000,2023-01-29,1199323011
1675036800000,2023-01-30,1601788734
1675123200000,2023-01-31,1294329035
1675209600000,2023-02-01,1642276537
1675296000000,2023-02-02,2209847900
1675382400000,2023-02-03,1760050260
1675468800000,2023-02-04,1195751958
1675555200000,2023-02-05,1386197627
1675641600000,2023-02-06,1523391067
1675728000000,2023-02-07,2095835776
1675814400000,2023-02-08,1896383304
1675900800000,2023-02-09,2473605062
1675987200000,2023-02-10,2725964339
1676073600000,2023-02-11,2040007754
1676160000000,2023-02-12,1229698416
1676246400000,2023-02-13,2052655282
1676332800000,2023-02-14,2099595737
1676419200000,2023-02-15,2111708433
1676505600000,2023-02-16,2826251180
1676592000000,2023-02-17,2104750385
1676678400000,2023-02-18,1146060024
1676764800000,2023-02-19,1516591809
1676851200000,2023-02-20,1479130736
1676937600000,2023-02-21,1926537058
1677024000000,2023-02-22,1835493066
1677110400000,2023-02-23,1605443351
1677196800000,2023-02-24,1785709507
1677283200000,2023-02-25,1007244773
1677369600000,2023-02-26,941462568
1677456000000,2023-02-27,1466938115
1677542400000,2023-02-28,1446543889
1677628800000,2023-03-01,1769408422
1677715200000,2023-03-02,1778117244
1677801600000,2023-03-03,1794540603
1677888000000,2023-03-04,832909849
1677974400000,2023-03-05,1047735271
1678060800000,2023-03-06,1275176687
1678147200000,2023-03-07,1804632944
1678233600000,2023-03-08,1454504481
1678320000000,2023-03-09,1740145968
1678406400000,2023-03-10,4947535683
1678492800000,2023-03-11,4988625005
1678579200000,2023-03-12,6512433902
1678665600000,2023-03-13,6528729798
1678752000000,2023-03-14,4073040442
1678838400000,2023-03-15,3283439418
1678924800000,2023-03-16,925083456
1679011200000,2023-03-17,2717413183
1679097600000,2023-03-18,2062774307
1679184000000,2023-03-19,1639893072
1679270400000,2023-03-20,2270408995
1679356800000,2023-03-21,1708445476
1679443200000,2023-03-22,2146408847
1679529600000,2023-03-23,2025800955
1679616000000,2023-03-24,1832950322
1679702400000,2023-03-25,1066481321
1679788800000,2023-03-26,1041838698
1679875200000,2023-03-27,1504122036
1679961600000,2023-03-28,1269119102
1680048000000,2023-03-29,1242988408
1680134400000,2023-03-30,1280863449
1680220800000,2023-03-31,1334723702
1680307200000,2023-04-01,888469354
1680393600000,2023-04-02,723989992
1680480000000,2023-04-03,1300563099
1680566400000,2023-04-04,1214278452
1680652800000,2023-04-05,1204362584
1680739200000,2023-04-06,1013247326
1680825600000,2023-04-07,593328326
1680912000000,2023-04-08,641188662
1680998400000,2023-04-09,671446631
1681084800000,2023-04-10,842537845
1681171200000,2023-04-11,1035180713
1681257600000,2023-04-12,1288557275
1681344000000,2023-04-13,1499259934
1681430400000,2023-04-14,1865635340
1681516800000,2023-04-15,937822217
1681603200000,2023-04-16,991930207
1681689600000,2023-04-17,1155078589
1681776000000,2023-04-18,1709327909
1681862400000,2023-04-19,1555604987
1681948800000,2023-04-20,1406222944
1682035200000,2023-04-21,1575280685
1682121600000,2023-04-22,682742698
1682208000000,2023-04-23,639974205
1682294400000,2023-04-24,1039428003
1682380800000,2023-04-25,1091488995
1682467200000,2023-04-26,1650161755
1682553600000,2023-04-27,1673520901
1682640000000,2023-04-28,833261905
1682726400000,2023-04-29,597335663
1682812800000,2023-04-30,843193510
1682899200000,2023-05-01,1298345636
1682985600000,2023-05-02,1226023581
1683072000000,2023-05-03,1163823840
1683158400000,2023-05-04,1134650006
1683244800000,2023-05-05,2135153775
1683331200000,2023-05-06,2070527402
1683417600000,2023-05-07,1133014409
1683504000000,2023-05-08,1950303866
1683590400000,2023-05-09,1138688039
1683676800000,2023-05-10,1477518005
1683763200000,2023-05-11,1623134317
1683849600000,2023-05-12,1520107160
1683936000000,2023-05-13,720792704
1684022400000,2023-05-14,475598021
1684108800000,2023-05-15,804849022
1684195200000,2023-05-16,665435813
1684281600000,2023-05-17,935167912
1684368000000,2023-05-18,940064430
1684454400000,2023-05-19,769838181
1684540800000,2023-05-20,531237154
1684627200000,2023-05-21,630400527
1684713600000,2023-05-22,799681263
1684800000000,2023-05-23,1071839495
1684886400000,2023-05-24,1068926863
1684972800000,2023-05-25,827168840
1685059200000,2023-05-26,708384476
1685145600000,2023-05-27,428860634
1685232000000,2023-05-28,853500201
1685318400000,2023-05-29,767494887
1685404800000,2023-05-30,969469296
1685491200000,2023-05-31,959651986
1685577600000,2023-06-01,827983859
1685664000000,2023-06-02,825973845
1685750400000,2023-06-03,544905326
1685836800000,2023-06-04,470578187
1685923200000,2023-06-05,1495795131
1686009600000,2023-06-06,1363946117
1686096000000,2023-06-07,1266719721
1686182400000,2023-06-08,817285725
1686268800000,2023-06-09,835461434
1686355200000,2023-06-10,2059682214
1686441600000,2023-06-11,581793254
1686528000000,2023-06-12,1187638373
1686614400000,2023-06-13,973557314
1686700800000,2023-06-14,1112282118
1686787200000,2023-06-15,1487046691
1686873600000,2023-06-16,1086876740
1686960000000,2023-06-17,747676420
1687046400000,2023-06-18,527613112
1687132800000,2023-06-19,966781875
1687219200000,2023-06-20,1506838884
1687305600000,2023-06-21,2242616465
1687392000000,2023-06-22,1768107667
1687478400000,2023-06-23,1622054425
1687564800000,2023-06-24,752619730
1687651200000,2023-06-25,1031146968
1687737600000,2023-06-26,1383024887
1687824000000,2023-06-27,1297280811
1687910400000,2023-06-28,1077546108
1687996800000,2023-06-29,1101130140
1688083200000,2023-06-30,1969787324
1688169600000,2023-07-01,880189670
1688256000000,2023-07-02,816162130
1688342400000,2023-07-03,1320684261
1688428800000,2023-07-04,999417672
1688515200000,2023-07-05,940258906
1688601600000,2023-07-06,1213125898
1688688000000,2023-07-07,995640552
1688774400000,2023-07-08,622810909
1688860800000,2023-07-09,599701524
1688947200000,2023-07-10,1244837282
1689033600000,2023-07-11,840909166
1689120000000,2023-07-12,1000299918
1689206400000,2023-07-13,1804866095
1689292800000,2023-07-14,1510304371
1689379200000,2023-07-15,693181551
1689465600000,2023-07-16,598431098
1689552000000,2023-07-17,1236417410
1689638400000,2023-07-18,958068916
1689724800000,2023-07-19,924397741
1689811200000,2023-07-20,1039965675
1689897600000,2023-07-21,716909753
1689984000000,2023-07-22,769932350
1690070400000,2023-07-23,546315735
1690156800000,2023-07-24,1004578995
1690243200000,2023-07-25,628982891
1690329600000,2023-07-26,923634994
1690416000000,2023-07-27,808575434
1690502400000,2023-07-28,685684866
1690588800000,2023-07-29,506271230
1690675200000,2023-07-30,1329489269
1690761600000,2023-07-31,1348705333
1690848000000,2023-08-01,1570854799
1690934400000,2023-08-02,1145168400
1691020800000,2023-08-03,750400095
1691107200000,2023-08-04,810278772
1691193600000,2023-08-05,1125764327
1691280000000,2023-08-06,589051827
1691366400000,2023-08-07,1098443698
1691452800000,2023-08-08,1203315074
1691539200000,2023-08-09,923850004
1691625600000,2023-08-10,777797098
1691712000000,2023-08-11,665008435
1691798400000,2023-08-12,421956325
1691884800000,2023-08-13,972818373
1691971200000,2023-08-14,784091242
1692057600000,2023-08-15,799472554
1692144000000,2023-08-16,877193876
1692230400000,2023-08-17,2317732344
1692316800000,2023-08-18,1490825298
1692403200000,2023-08-19,699005256
1692489600000,2023-08-20,585674131
1692576000000,2023-08-21,836946810
1692662400000,2023-08-22,1504609993
1692748800000,2023-08-23,1047057972
1692835200000,2023-08-24,810832802
1692921600000,2023-08-25,900567210
1693008000000,2023-08-26,424738175
1693094400000,2023-08-27,440568323
1693180800000,2023-08-28,845437956
1693267200000,2023-08-29,1427568500
1693353600000,2023-08-30,789196735
1693440000000,2023-08-31,981404047
1693526400000,2023-09-01,1020106736
1693612800000,2023-09-02,483770659
1693699200000,2023-09-03,447335560
1693785600000,2023-09-04,573441251
1693872000000,2023-09-05,660615871
1693958400000,2023-09-06,954140849
1694044800000,2023-09-07,704558623
1694131200000,2023-09-08,691072562
1694217600000,2023-09-09,370087870
1694304000000,2023-09-10,631912883
1694390400000,2023-09-11,1323288014
1694476800000,2023-09-12,1189925689
1694563200000,2023-09-13,850992118
1694649600000,2023-09-14,755909166
1694736000000,2023-09-15,793119994
1694822400000,2023-09-16,420227876
1694908800000,2023-09-17,382883944
1694995200000,2023-09-18,914661069
1695081600000,2023-09-19,820852588
1695168000000,2023-09-20,757106857
1695254400000,2023-09-21,830472522
1695340800000,2023-09-22,661630846
1695427200000,2023-09-23,536331501
1695513600000,2023-09-24,446865594
1695600000000,2023-09-25,874001903
1695686400000,2023-09-26,627673493
1695772800000,2023-09-27,695245502
1695859200000,2023-09-28,984568601
1695945600000,2023-09-29,786699989
1696032000000,2023-09-30,552137885
1696118400000,2023-10-01,671137513
1696204800000,2023-10-02,1149065364
1696291200000,2023-10-03,761815323
1696377600000,2023-10-04,805990158
1696464000000,2023-10-05,664971916
1696550400000,2023-10-06,688417762
1696636800000,2023-10-07,388639753
1696723200000,2023-10-08,677133467
1696809600000,2023-10-09,846178988
1696896000000,2023-10-10,644272177
1696982400000,2023-10-11,1057047649
1697068800000,2023-10-12,840189694
1697155200000,2023-10-13,696455544
1697241600000,2023-10-14,390498165
1697328000000,2023-10-15,487349345
1697414400000,2023-10-16,1435193951
1697500800000,2023-10-17,821842749
1697587200000,2023-10-18,890348167
1697673600000,2023-10-19,666292906
1697760000000,2023-10-20,1030776753
1697846400000,2023-10-21,708306904
1697932800000,2023-10-22,754588973
1698019200000,2023-10-23,1777673309
1698105600000,2023-10-24,2274727836
1698192000000,2023-10-25,1367545827
1698278400000,2023-10-26,1436696632
1698364800000,2023-10-27,1019072352
1698451200000,2023-10-28,574934204
1698537600000,2023-10-29,606795678
1698624000000,2023-10-30,1086955222
1698710400000,2023-10-31,1063824529
1698796800000,2023-11-01,1360928091
1698883200000,2023-11-02,1583760975
1698969600000,2023-11-03,1247791611
1699056000000,2023-11-04,792939807
1699142400000,2023-11-05,1138095639
1699228800000,2023-11-06,1184390176
1699315200000,2023-11-07,1337312582
1699401600000,2023-11-08,937025933
1699488000000,2023-11-09,2506845590
1699574400000,2023-11-10,1892322134
1699660800000,2023-11-11,1337790924
1699747200000,2023-11-12,968723492
1699833600000,2023-11-13,1718306410
1699920000000,2023-11-14,1551701961
1700006400000,2023-11-15,1619173102
1700092800000,2023-11-16,1696896155
1700179200000,2023-11-17,1447732375
1700265600000,2023-11-18,967389651
1700352000000,2023-11-19,877763049
1700438400000,2023-11-20,1218717474
1700524800000,2023-11-21,1555792152
1700611200000,2023-11-22,1636588280
1700697600000,2023-11-23,1036486353
1700784000000,2023-11-24,1251117159
1700870400000,2023-11-25,699462058
1700956800000,2023-11-26,830576366
1701043200000,2023-11-27,1147496178
1701129600000,2023-11-28,1207021441
1701216000000,2023-11-29,1184218980
1701302400000,2023-11-30,1264635584
1701388800000,2023-12-01,1076173610
1701475200000,2023-12-02,1044993483
1701561600000,2023-12-03,882941002
1701648000000,2023-12-04,1590918096
1701734400000,2023-12-05,1785894744
1701820800000,2023-12-06,1484365838
1701907200000,2023-12-07,1443404253
1701993600000,2023-12-08,1266160617
1702080000000,2023-12-09,1410695244
1702166400000,2023-12-10,853261901
1702252800000,2023-12-11,1676569553
1702339200000,2023-12-12,1166167133
1702425600000,2023-12-13,1475824874
1702512000000,2023-12-14,1242328082
1702598400000,2023-12-15,1177500373
1702684800000,2023-12-16,1376950129
1702771200000,2023-12-17,950711268
1702857600000,2023-12-18,1317425860
1702944000000,2023-12-19,1180744041
1703030400000,2023-12-20,1671277549
1703116800000,2023-12-21,1221101759
1703203200000,2023-12-22,1458209189
1703289600000,2023-12-23,1052399266
1703376000000,2023-12-24,1093309800
1703462400000,2023-12-25,954226545
1703548800000,2023-12-26,1284999840
1703635200000,2023-12-27,1646690530
1703721600000,2023-12-28,2033516257
1703808000000,2023-12-29,1731502171
1703894400000,2023-12-30,948593217
1703980800000,2023-12-31,923696422
1704067200000,2024-01-01,402644548
1704153600000,2024-01-02,1538562014
1704240000000,2024-01-03,2113361460
1704326400000,2024-01-04,1476161176
1704412800000,2024-01-05,1632896812
1704499200000,2024-01-06,742438941
1704585600000,2024-01-07,780395644
1704672000000,2024-01-08,1738527861
1704758400000,2024-01-09,2210014931
1704844800000,2024-01-10,2560082244
1704931200000,2024-01-11,2182086973
1705017600000,2024-01-12,2509203887
1705104000000,2024-01-13,1155932988
1705190400000,2024-01-14,1018908117
1705276800000,2024-01-15,1110231879
1705363200000,2024-01-16,1189057488
1705449600000,2024-01-17,1215548269
1705536000000,2024-01-18,1345150922
1705622400000,2024-01-19,1473736753
1705708800000,2024-01-20,768078404
1705795200000,2024-01-21,682792710
1705881600000,2024-01-22,1724241896
1705968000000,2024-01-23,2102096416
1706054400000,2024-01-24,1114235059
1706140800000,2024-01-25,1271504336
1706227200000,2024-01-26,1312439681
1706313600000,2024-01-27,754128280
1706400000000,2024-01-28,764077716
1706486400000,2024-01-29,1300148582
1706572800000,2024-01-30,1230990723
1706659200000,2024-01-31,1473843629
1706745600000,2024-02-01,1161501823
1706832000000,2024-02-02,1054682869
1706918400000,2024-02-03,813278428
1707004800000,2024-02-04,662653793
1707091200000,2024-02-05,1012307300
1707177600000,2024-02-06,1059528528
1707264000000,2024-02-07,1232095029
1707350400000,2024-02-08,1353314472
1707436800000,2024-02-09,1413996722
1707523200000,2024-02-10,886608836
1707609600000,2024-02-11,1225347358
1707696000000,2024-02-12,1453928502
1707782400000,2024-02-13,1539997744
1707868800000,2024-02-14,1580799849
1707955200000,2024-02-15,1567603973
1708041600000,2024-02-16,1409818599
1708128000000,2024-02-17,930105780
1708214400000,2024-02-18,1057591607
1708300800000,2024-02-19,1537663860
1708387200000,2024-02-20,1962673936
1708473600000,2024-02-21,1839415493
1708560000000,2024-02-22,1840175142
1708646400000,2024-02-23,1463777658
1708732800000,2024-02-24,1161597294
1708819200000,2024-02-25,1353152622
1708905600000,2024-02-26,2077856933
1708992000000,2024-02-27,2571367345
1709078400000,2024-02-28,3118480576
1709164800000,2024-02-29,2870169289
1709251200000,2024-03-01,2047863225
1709337600000,2024-03-02,1983791583
1709424000000,2024-03-03,1827832683
1709510400000,2024-03-04,2594590753
1709596800000,2024-03-05,4848301810
1709683200000,2024-03-06,4641141890
1709769600000,2024-03-07,3214819938
1709856000000,2024-03-08,2427080914
1709942400000,2024-03-09,1512859795
1710028800000,2024-03-10,2047317703
1710115200000,2024-03-11,2781007277
1710201600000,2024-03-12,3032598434
1710288000000,2024-03-13,2578418247
1710374400000,2024-03-14,2970511772
1710460800000,2024-03-15,3980749408
1710547200000,2024-03-16,2416672725
1710633600000,2024-03-17,2030566608
1710720000000,2024-03-18,2346128476
1710806400000,2024-03-19,3055601977
1710892800000,2024-03-20,1092993931
1710979200000,2024-03-21,945164238
1711065600000,2024-03-22,2598377643
1711152000000,2024-03-23,1488946912
1711238400000,2024-03-24,1691620767
1711324800000,2024-03-25,2191572021
1711411200000,2024-03-26,2552833628
1711497600000,2024-03-27,2589648643
1711584000000,2024-03-28,2016786766
1711670400000,2024-03-29,2216638029
1711756800000,2024-03-30,1431764407
1711843200000,2024-03-31,1496789418
1711929600000,2024-04-01,1963373507
1712016000000,2024-04-02,3970983498
1712102400000,2024-04-03,2513253166
1712188800000,2024-04-04,2270530144
1712275200000,2024-04-05,1889026028
1712361600000,2024-04-06,1289837974
1712448000000,2024-04-07,1813989163
1712534400000,2024-04-08,2961250446
1712620800000,2024-04-09,2733204897
1712707200000,2024-04-10,2253707595
1712793600000,2024-04-11,2410085067
1712880000000,2024-04-12,3093160456
1712966400000,2024-04-13,3437541007
1713052800000,2024-04-14,2408240053
1713139200000,2024-04-15,2278467709
1713225600000,2024-04-16,2237597342
1713312000000,2024-04-17,2116271048
1713398400000,2024-04-18,2084866954
1713484800000,2024-04-19,2642783472
1713571200000,2024-04-20,1210795669
1713657600000,2024-04-21,1183337014
1713744000000,2024-04-22,1873839537
1713830400000,2024-04-23,1703780084
1713916800000,2024-04-24,2295775014
1714003200000,2024-04-25,1945185038
1714089600000,2024-04-26,1867220444
1714176000000,2024-04-27,1518265005
1714262400000,2024-04-28,1487324632
1714348800000,2024-04-29,1927990439
1714435200000,2024-04-30,2420171266
1714521600000,2024-05-01,2285913024
1714608000000,2024-05-02,1574769821
1714694400000,2024-05-03,1666311756
1714780800000,2024-05-04,1290669878
1714867200000,2024-05-05,1060514802
1714953600000,2024-05-06,1617610267
1715040000000,2024-05-07,1556809943
1715126400000,2024-05-08,1538799328
1715212800000,2024-05-09,1317905124
1715299200000,2024-05-10,1398291837
1715385600000,2024-05-11,806172948
1715472000000,2024-05-12,667381089
1715558400000,2024-05-13,1327370252
1715644800000,2024-05-14,1310435270
1715731200000,2024-05-15,1901509427
1715817600000,2024-05-16,1530066035
1715904000000,2024-05-17,1902000756
1715990400000,2024-05-18,1285427903
1716076800000,2024-05-19,1149087315
1716163200000,2024-05-20,3337015141
1716249600000,2024-05-21,3493149569
1716336000000,2024-05-22,2617719541
1716422400000,2024-05-23,4409275374
1716508800000,2024-05-24,2421383022
1716595200000,2024-05-25,1299126894
1716681600000,2024-05-26,2046533777
1716768000000,2024-05-27,2212545767
1716854400000,2024-05-28,3379902209
1716940800000,2024-05-29,4636885479
1717027200000,2024-05-30,4157267051
1717113600000,2024-05-31,4253756442
1717200000000,2024-06-01,2082053917
1717286400000,2024-06-02,1086481209
1717372800000,2024-06-03,1522660912
1717459200000,2024-06-04,1698504516
1717545600000,2024-06-05,1701351319
1717632000000,2024-06-06,1465289129
1717718400000,2024-06-07,1854086918
1717804800000,2024-06-08,1489739018
1717891200000,2024-06-09,1230878490
1717977600000,2024-06-10,1755997851
1718064000000,2024-06-11,2240650952
1718150400000,2024-06-12,1998653181
1718236800000,2024-06-13,1877190114
1718323200000,2024-06-14,1830886165
1718409600000,2024-06-15,960886158
1718496000000,2024-06-16,1027488284
1718582400000,2024-06-17,1901467632
1718668800000,2024-06-18,2110618921
1718755200000,2024-06-19,1526087043
1718841600000,2024-06-20,1413356599
1718928000000,2024-06-21,1551146681
1719014400000,2024-06-22,932645559
1719100800000,2024-06-23,1066053261
1719187200000,2024-06-24,2586072124
1719273600000,2024-06-25,1574525452
1719360000000,2024-06-26,1573905433
1719446400000,2024-06-27,2060377011
1719532800000,2024-06-28,1720762554
1719619200000,2024-06-29,990825774
1719705600000,2024-06-30,991875599
1719792000000,2024-07-01,1503520976
1719878400000,2024-07-02,1146553755
1719964800000,2024-07-03,1845216761
1720051200000,2024-07-04,2428824747
1720137600000,2024-07-05,3317846152
1720224000000,2024-07-06,1357456722
1720310400000,2024-07-07,1277866765
1720396800000,2024-07-08,2077221459
1720483200000,2024-07-09,1524639697
1720569600000,2024-07-10,1557518295
1720656000000,2024-07-11,1442003720
1720742400000,2024-07-12,1403635661
1720828800000,2024-07-13,1023136070
1720915200000,2024-07-14,1258479122
1721001600000,2024-07-15,2263307420
1721088000000,2024-07-16,2152345527
1721174400000,2024-07-17,1592322625
1721260800000,2024-07-18,1703555879
1721347200000,2024-07-19,1977022948
1721433600000,2024-07-20,1139556300
1721520000000,2024-07-21,1435912350
1721606400000,2024-07-22,1850338237
1721692800000,2024-07-23,2289419521
1721779200000,2024-07-24,1025677774
1721865600000,2024-07-25,2544010855
1721952000000,2024-07-26,1726140727
1722038400000,2024-07-27,1560595068
1722124800000,2024-07-28,800472816
1722211200000,2024-07-29,1526734385
1722297600000,2024-07-30,1669380683
1722384000000,2024-07-31,1683835310
1722470400000,2024-08-01,1622121959
1722556800000,2024-08-02,2215741827
1722643200000,2024-08-03,2108883124
1722729600000,2024-08-04,1657009660
1722816000000,2024-08-05,7335063279
1722902400000,2024-08-06,2145818553
1722988800000,2024-08-07,1910209849
1723075200000,2024-08-08,1760188483
1723161600000,2024-08-09,1438769588
1723248000000,2024-08-10,881405171
1723334400000,2024-08-11,1135849755
1723420800000,2024-08-12,1536342562
1723507200000,2024-08-13,1390680122
1723593600000,2024-08-14,842581254
1723680000000,2024-08-15,1617980877
1723766400000,2024-08-16,1129618721
1723852800000,2024-08-17,817083285
1723939200000,2024-08-18,527809473
1724025600000,2024-08-19,973179856
1724112000000,2024-08-20,1427293510
1724198400000,2024-08-21,1850324710
1724284800000,2024-08-22,1142982987
1724371200000,2024-08-23,1005981033
1724457600000,2024-08-24,1009134852
1724544000000,2024-08-25,802740957
1724630400000,2024-08-26,1323134300
1724716800000,2024-08-27,1440468415
1724803200000,2024-08-28,1735582143
1724889600000,2024-08-29,1105735100
1724976000000,2024-08-30,1239134509
1725062400000,2024-08-31,731885044
1725148800000,2024-09-01,1051245319
1725235200000,2024-09-02,867463271
1725321600000,2024-09-03,1323728000
1725408000000,2024-09-04,1682695833
1725494400000,2024-09-05,1128073464
1725580800000,2024-09-06,2781000002
1725667200000,2024-09-07,914883349
1725753600000,2024-09-08,799454840
1725840000000,2024-09-09,1237759495
1725926400000,2024-09-10,998844637
1726012800000,2024-09-11,1438913175
1726099200000,2024-09-12,1224978068
1726185600000,2024-09-13,942601483
1726272000000,2024-09-14,974351915
1726358400000,2024-09-15,778929444
1726444800000,2024-09-16,918900527
1726531200000,2024-09-17,1445685198
1726617600000,2024-09-18,1297808903
1726704000000,2024-09-19,1330510278
1726790400000,2024-09-20,1317143185
1726876800000,2024-09-21,1157765581
1726963200000,2024-09-22,803808257
1727049600000,2024-09-23,1331034702
1727136000000,2024-09-24,1088360930
1727222400000,2024-09-25,1216752131
1727308800000,2024-09-26,1587727622
1727395200000,2024-09-27,1395281721
1727481600000,2024-09-28,903670200
1727568000000,2024-09-29,816169503
1727654400000,2024-09-30,1140264708
1727740800000,2024-10-01,2071617441
1727827200000,2024-10-02,1790863872
1727913600000,2024-10-03,1722088862
1728000000000,2024-10-04,1406109915
1728086400000,2024-10-05,901128652
1728172800000,2024-10-06,911661795
1728259200000,2024-10-07,1321624118
1728345600000,2024-10-08,1344374555
1728432000000,2024-10-09,1250865520
1728518400000,2024-10-10,1443278064
1728604800000,2024-10-11,1143075696
1728691200000,2024-10-12,1009307649
1728777600000,2024-10-13,972803567
1728864000000,2024-10-14,1822158455
1728950400000,2024-10-15,1573243338
1729036800000,2024-10-16,1314378161
1729123200000,2024-10-17,1231966358
1729209600000,2024-10-18,1126428414
1729296000000,2024-10-19,771909088
1729382400000,2024-10-20,1034776698
1729468800000,2024-10-21,1365663798
1729555200000,2024-10-22,1168813760
1729641600000,2024-10-23,1317284652
1729728000000,2024-10-24,1405712011
1729814400000,2024-10-25,1689672290
1729900800000,2024-10-26,1103591446
1729987200000,2024-10-27,858571797
1730073600000,2024-10-28,1408185602
1730160000000,2024-10-29,1761834466
1730246400000,2024-10-30,1681504976
1730332800000,2024-10-31,1608621256
1730419200000,2024-11-01,1543969727
1730505600000,2024-11-02,815154907
1730592000000,2024-11-03,1220221592
1730678400000,2024-11-04,1320499315
1730764800000,2024-11-05,1587562049
1730851200000,2024-11-06,3046479227
1730937600000,2024-11-07,2669244053
1731024000000,2024-11-08,2216791495
1731110400000,2024-11-09,1828840008
1731196800000,2024-11-10,2366232864
1731283200000,2024-11-11,3238533210
1731369600000,2024-11-12,3691667193
1731456000000,2024-11-13,3339739432
1731542400000,2024-11-14,1354783001
1731628800000,2024-11-15,1047694709
1731715200000,2024-11-16,758623147
1731801600000,2024-11-17,875696427
1731888000000,2024-11-18,2968058219
1731974400000,2024-11-19,2838623407
1732060800000,2024-11-20,2935128114
1732147200000,2024-11-21,3829930986
1732233600000,2024-11-22,2909200097
1732320000000,2024-11-23,2771213181
1732406400000,2024-11-24,2250062884
1732492800000,2024-11-25,3700608812
1732579200000,2024-11-26,3370688494
1732665600000,2024-11-27,3309211081
1732752000000,2024-11-28,2401741865
1732838400000,2024-11-29,2352946203
1732924800000,2024-11-30,2214537176
1733011200000,2024-12-01,2148207752
1733097600000,2024-12-02,3606602453
1733184000000,2024-12-03,3624670622
1733270400000,2024-12-04,3701212112
1733356800000,2024-12-05,4672536608
1733443200000,2024-12-06,4172219618
1733529600000,2024-12-07,2254417773
1733616000000,2024-12-08,2414138020
1733702400000,2024-12-09,4131388468
1733788800000,2024-12-10,3701392045
1733875200000,2024-12-11,3186747341
1733961600000,2024-12-12,3237702601
1734048000000,2024-12-13,2423926000
1734134400000,2024-12-14,2110641213
1734220800000,2024-12-15,2415225594
1734307200000,2024-12-16,3397680493
1734393600000,2024-12-17,2691092567
1734480000000,2024-12-18,3863479482
1734566400000,2024-12-19,4440088119
1734652800000,2024-12-20,4499832669
1734739200000,2024-12-21,2351777550
1734825600000,2024-12-22,1997641502
1734912000000,2024-12-23,2519821205
1734998400000,2024-12-24,2275808301
1735084800000,2024-12-25,1950388445
1735171200000,2024-12-26,2492134481
1735257600000,2024-12-27,2081587236
1735344000000,2024-12-28,1521597689
1735430400000,2024-12-29,1644979934
1735516800000,2024-12-30,3049623369
1735603200000,2024-12-31,2661939311
1735689600000,2025-01-01,1660407549
1735776000000,2025-01-02,2042990821
1735862400000,2025-01-03,2388707677
1735948800000,2025-01-04,1603455420
1736035200000,2025-01-05,1748318192
1736121600000,2025-01-06,2560812335
1736208000000,2025-01-07,2818137318
1736294400000,2025-01-08,2331011882
1736380800000,2025-01-09,3371856163
1736467200000,2025-01-10,2545262166
1736553600000,2025-01-11,1324032692
1736640000000,2025-01-12,1290858567
1736726400000,2025-01-13,3137196175
1736812800000,2025-01-14,2064702679
1736899200000,2025-01-15,2410329993
1736985600000,2025-01-16,2385946048
1737072000000,2025-01-17,2856630759
1737158400000,2025-01-18,3751073455
1737244800000,2025-01-19,5047580039
1737331200000,2025-01-20,6286019644
1737417600000,2025-01-21,4092210502
1737504000000,2025-01-22,2825263467
1737590400000,2025-01-23,4258328210
1737676800000,2025-01-24,3106499793
1737763200000,2025-01-25,1633512251
1737849600000,2025-01-26,2319223056
1737936000000,2025-01-27,3907700026
1738022400000,2025-01-28,2415534641
1738108800000,2025-01-29,2414954359
1738195200000,2025-01-30,2568257880
1738281600000,2025-01-31,3061268120
1738368000000,2025-02-01,2410301472
1738454400000,2025-02-02,4317539509
1738540800000,2025-02-03,7663075193
1738627200000,2025-02-04,3888063882
1738713600000,2025-02-05,2844423227
1738800000000,2025-02-06,2952812972
1738886400000,2025-02-07,2746847838
1738972800000,2025-02-08,1584610506
1739059200000,2025-02-09,1831979056
1739145600000,2025-02-10,2401847117
1739232000000,2025-02-11,2267943389
1739318400000,2025-02-12,2993556264
1739404800000,2025-02-13,2588617708
1739491200000,2025-02-14,2047704105
1739577600000,2025-02-15,1169068733
1739664000000,2025-02-16,1146785726
1739750400000,2025-02-17,2401559251
1739836800000,2025-02-18,2659524876
1739923200000,2025-02-19,2244787263
1740009600000,2025-02-20,1832945075
1740096000000,2025-02-21,5067889497
1740182400000,2025-02-22,2045680338
1740268800000,2025-02-23,2289898507
1740355200000,2025-02-24,4253284281
1740441600000,2025-02-25,4690590789
1740528000000,2025-02-26,3091855322
1740614400000,2025-02-27,2748205565
1740700800000,2025-02-28,4168101084
1740787200000,2025-03-01,1647067543
1740873600000,2025-03-02,3408741807
1740960000000,2025-03-03,3492327662
1741046400000,2025-03-04,3926179878
1741132800000,2025-03-05,2989963325
1741219200000,2025-03-06,2444877021
1741305600000,2025-03-07,3131598907
1741392000000,2025-03-08,1678508614
1741478400000,2025-03-09,1517495359
1741564800000,2025-03-10,4429881834
1741651200000,2025-03-11,3531293407
1741737600000,2025-03-12,2868509611
1741824000000,2025-03-13,1989501324
1741910400000,2025-03-14,1579533995
1741996800000,2025-03-15,1060006207
1742083200000,2025-03-16,1077493156
1742169600000,2025-03-17,1447588967
1742256000000,2025-03-18,1468953397
1742342400000,2025-03-19,1897367260
1742428800000,2025-03-20,1879685636
1742515200000,2025-03-21,1590729785
1742601600000,2025-03-22,943502262
1742688000000,2025-03-23,1056604665
1742774400000,2025-03-24,1663039228
1742860800000,2025-03-25,1537412430
1742947200000,2025-03-26,1839741180
1743033600000,2025-03-27,2124512218
1743120000000,2025-03-28,2184805897
1743206400000,2025-03-29,1423942180
1743292800000,2025-03-30,1181117090
1743379200000,2025-03-31,1646046109
1743465600000,2025-04-01,1604924411
1743552000000,2025-04-02,1900124477
1743638400000,2025-04-03,2481903829
1743724800000,2025-04-04,2186695087
1743811200000,2025-04-05,1193288452
1743897600000,2025-04-06,2762332587
1743984000000,2025-04-07,3948953783
1744070400000,2025-04-08,2349163633
1744156800000,2025-04-09,2978235448
1744243200000,2025-04-10,2872557603
1744329600000,2025-04-11,2116225813
1744416000000,2025-04-12,1613229837
1744502400000,2025-04-13,1729405070
1744588800000,2025-04-14,1886777841
1744675200000,2025-04-15,1720476315
1744761600000,2025-04-16,1731117294
1744848000000,2025-04-17,1520445379
1744934400000,2025-04-18,1039352278
1745020800000,2025-04-19,916874313
1745107200000,2025-04-20,923806526
1745193600000,2025-04-21,1507585768
1745280000000,2025-04-22,2172301797
1745366400000,2025-04-23,2403324347
1745452800000,2025-04-24,1629979635
1745539200000,2025-04-25,1708234751
1745625600000,2025-04-26,1423463694
1745712000000,2025-04-27,1118119003
1745798400000,2025-04-28,1625445291
1745884800000,2025-04-29,1457998965
1745971200000,2025-04-30,1694769789
1746057600000,2025-05-01,1920489717
1746144000000,2025-05-02,1542352275
1746230400000,2025-05-03,1191647970
1746316800000,2025-05-04,1116262377
1746403200000,2025-05-05,1669450437
1746489600000,2025-05-06,1841883691
1746576000000,2025-05-07,1743150562
1746662400000,2025-05-08,2673609293
1746748800000,2025-05-09,3475946984
1746835200000,2025-05-10,2401124231
1746921600000,2025-05-11,2091313408
1747008000000,2025-05-12,2632016749
1747094400000,2025-05-13,2807449884
1747180800000,2025-05-14,2715208674
1747267200000,2025-05-15,2283696255
1747353600000,2025-05-16,2269913726
1747440000000,2025-05-17,1520335666
1747526400000,2025-05-18,1856047392
1747612800000,2025-05-19,2439958212
1747699200000,2025-05-20,2352766034
1747785600000,2025-05-21,2738395937
1747872000000,2025-05-22,3091087473
1747958400000,2025-05-23,3990564726
1748044800000,2025-05-24,1725404782
1748131200000,2025-05-25,1418262989
1748217600000,2025-05-26,1649841410
1748304000000,2025-05-27,2381866245
1748390400000,2025-05-28,2427760931
1748476800000,2025-05-29,3410454277
1748563200000,2025-05-30,2956594341
1748649600000,2025-05-31,2162433846
1748736000000,2025-06-01,1662723709
1748822400000,2025-06-02,1751598987
1748908800000,2025-06-03,2146267742
1748995200000,2025-06-04,1911648811
1749081600000,2025-06-05,2696436722
1749168000000,2025-06-06,2049552813
1749254400000,2025-06-07,1076830981
1749340800000,2025-06-08,1089107428
1749427200000,2025-06-09,2291508721
1749513600000,2025-06-10,2976973458
1749600000000,2025-06-11,2623592526
1749686400000,2025-06-12,2835553811
1749772800000,2025-06-13,2885124999
1749859200000,2025-06-14,1262417674
1749945600000,2025-06-15,1327141271
1750032000000,2025-06-16,2382898696
1750118400000,2025-06-17,2510491946
1750204800000,2025-06-18,1941201243
1750291200000,2025-06-19,1516504034
1750377600000,2025-06-20,1894087412
1750464000000,2025-06-21,1617783301
1750550400000,2025-06-22,2462789625
1750636800000,2025-06-23,2461419167
1750723200000,2025-06-24,1955910269
1750809600000,2025-06-25,1548424774
1750896000000,2025-06-26,2172888902
1750982400000,2025-06-27,1545884937
1751068800000,2025-06-28,1125484761
1751155200000,2025-06-29,1570270770
1751241600000,2025-06-30,1595305822
1751328000000,2025-07-01,1553036271
1751414400000,2025-07-02,2176668506
1751500800000,2025-07-03,1809294658
1751587200000,2025-07-04,1386683707
1751673600000,2025-07-05,930830085
1751760000000,2025-07-06,967424896
1751846400000,2025-07-07,1460420958
1751932800000,2025-07-08,1826626862
1752019200000,2025-07-09,2683830513
1752105600000,2025-07-10,2967726774
1752192000000,2025-07-11,3596496919
1752278400000,2025-07-12,1956780706
1752364800000,2025-07-13,1709865106
1752451200000,2025-07-14,3029619885
1752537600000,2025-07-15,3247748520
1752624000000,2025-07-16,3374573590
1752710400000,2025-07-17,3491359553
1752796800000,2025-07-18,3965055081
1752883200000,2025-07-19,1786874832
1752969600000,2025-07-20,3280544953
1753056000000,2025-07-21,3556703976
1753142400000,2025-07-22,3781629021
1753228800000,2025-07-23,3261315748
1753315200000,2025-07-24,3344190422
1753401600000,2025-07-25,3302277263
1753488000000,2025-07-26,2337957920
1753574400000,2025-07-27,3579808521
1753660800000,2025-07-28,3679515536
1753747200000,2025-07-29,3399096456
1753833600000,2025-07-30,4445324541
1753920000000,2025-07-31,4615679619
1754006400000,2025-08-01,4137835756
1754092800000,2025-08-02,3122490347
1754179200000,2025-08-03,3969935479
1754265600000,2025-08-04,3567631541
1754352000000,2025-08-05,2825926047
1754438400000,2025-08-06,3665396020
1754524800000,2025-08-07,4019286278
1754611200000,2025-08-08,4115779150
1754697600000,2025-08-09,6431884039
1754784000000,2025-08-10,4282915864
1754870400000,2025-08-11,5213326481
1754956800000,2025-08-12,9260842966
1755043200000,2025-08-13,6158732192
1755129600000,2025-08-14,6447719638
1755216000000,2025-08-15,4817227018
1755302400000,2025-08-16,3711999048
1755388800000,2025-08-17,3651845045
1755475200000,2025-08-18,5580522215
1755561600000,2025-08-19,5406276629
1755648000000,2025-08-20,4851440735
1755734400000,2025-08-21,3680788177
1755820800000,2025-08-22,5963495603
1755907200000,2025-08-23,4686422391
1755993600000,2025-08-24,4030442617
1756080000000,2025-08-25,5549987421
1756166400000,2025-08-26,4693431459
1756252800000,2025-08-27,4434577549
1756339200000,2025-08-28,3254537807
1756425600000,2025-08-29,4014521960
1756512000000,2025-08-30,2285574769
1756598400000,2025-08-31,2577723126
1756684800000,2025-09-01,3822676922
1756771200000,2025-09-02,3853626491
1756857600000,2025-09-03,3667509626
1756944000000,2025-09-04,3833279686