Timestamp,Date,Transactions
1584316800000,2020-03-16,900
1602028800000,2020-10-07,2635063
1602115200000,2020-10-08,7618802
1602201600000,2020-10-09,5182874
1602288000000,2020-10-10,5628704
1602374400000,2020-10-11,6391094
1602460800000,2020-10-12,6616900
1602547200000,2020-10-13,5567057
1602633600000,2020-10-14,3656691
1602720000000,2020-10-15,2936507
1602806400000,2020-10-16,2996838
1602892800000,2020-10-17,2252925
1602979200000,2020-10-18,1849736
1603065600000,2020-10-19,2069031
1603152000000,2020-10-20,5175992
1603238400000,2020-10-21,8877310
1603324800000,2020-10-22,9811472
1603411200000,2020-10-23,8042654
1603497600000,2020-10-24,6887337
1603584000000,2020-10-25,7058407
1603670400000,2020-10-26,9433732
1603756800000,2020-10-27,9779164
1603843200000,2020-10-28,10157678
1603929600000,2020-10-29,8743469
1604016000000,2020-10-30,9797676
1604102400000,2020-10-31,7296858
1604188800000,2020-11-01,6301582
1604275200000,2020-11-02,7567579
1604361600000,2020-11-03,6939810
1604448000000,2020-11-04,8447643
1604534400000,2020-11-05,10001237
1604620800000,2020-11-06,10575674
1604707200000,2020-11-07,11547635
1604793600000,2020-11-08,9363234
1604880000000,2020-11-09,9368759
1604966400000,2020-11-10,8936703
1605052800000,2020-11-11,8769835
1605139200000,2020-11-12,8323647
1605225600000,2020-11-13,8977379
1605312000000,2020-11-14,8676701
1605398400000,2020-11-15,9077765
1605484800000,2020-11-16,9279007
1605571200000,2020-11-17,9794454
1605657600000,2020-11-18,10354794
1605744000000,2020-11-19,8957816
1605830400000,2020-11-20,9287830
1605916800000,2020-11-21,9709744
1606003200000,2020-11-22,11095326
1606089600000,2020-11-23,10360567
1606176000000,2020-11-24,11224615
1606262400000,2020-11-25,9311570
1606348800000,2020-11-26,11847030
1606435200000,2020-11-27,10045184
1606521600000,2020-11-28,7914031
1606608000000,2020-11-29,8138461
1606694400000,2020-11-30,10307558
1606780800000,2020-12-01,11319957
1606867200000,2020-12-02,11884463
1606953600000,2020-12-03,11901741
1607040000000,2020-12-04,8424978
1607126400000,2020-12-05,9478705
1607212800000,2020-12-06,5905949
1607299200000,2020-12-07,6894739
1607385600000,2020-12-08,16033705
1607472000000,2020-12-09,18597040
1607558400000,2020-12-10,18007840
1607644800000,2020-12-11,19459173
1607731200000,2020-12-12,17878076
1607817600000,2020-12-13,17870399
1607904000000,2020-12-14,17664911
1607990400000,2020-12-15,18804199
1608076800000,2020-12-16,20367431
1608163200000,2020-12-17,22252966
1608249600000,2020-12-18,18133010
1608336000000,2020-12-19,14005083
1608422400000,2020-12-20,16324906
1608508800000,2020-12-21,24145991
1608595200000,2020-12-22,24843002
1608681600000,2020-12-23,25585569
1608768000000,2020-12-24,27416818
1608854400000,2020-12-25,26376717
1608940800000,2020-12-26,26415193
1609027200000,2020-12-27,27211820
1609113600000,2020-12-28,27598941
1609200000000,2020-12-29,27964351
1609286400000,2020-12-30,26750010
1609372800000,2020-12-31,27123291
1609459200000,2021-01-01,26546785
1609545600000,2021-01-02,27830810
1609632000000,2021-01-03,29339796
1609718400000,2021-01-04,35573346
1609804800000,2021-01-05,40480132
1609891200000,2021-01-06,42665259
1609977600000,2021-01-07,43338230
1610064000000,2021-01-08,38869669
1610150400000,2021-01-09,36030948
1610236800000,2021-01-10,36896862
1610323200000,2021-01-11,42150052
1610409600000,2021-01-12,39414812
1610496000000,2021-01-13,30929452
1610582400000,2021-01-14,43407840
1610668800000,2021-01-15,6512534
1610755200000,2021-01-16,16727725
1610841600000,2021-01-17,39784873
1610928000000,2021-01-18,39134258
1611014400000,2021-01-19,39027603
1611100800000,2021-01-20,40153932
1611187200000,2021-01-21,40200643
1611273600000,2021-01-22,39810855
1611360000000,2021-01-23,37846472
1611446400000,2021-01-24,38304048
1611532800000,2021-01-25,39233381
1611619200000,2021-01-26,41743089
1611705600000,2021-01-27,37157066
1611792000000,2021-01-28,37601577
1611878400000,2021-01-29,40684276
1611964800000,2021-01-30,33651884
1612051200000,2021-01-31,35409028
1612137600000,2021-02-01,37090501
1612224000000,2021-02-02,38775685
1612310400000,2021-02-03,39229350
1612396800000,2021-02-04,43790405
1612483200000,2021-02-05,48839190
1612569600000,2021-02-06,45268148
1612656000000,2021-02-07,42460819
1612742400000,2021-02-08,39887601
1612828800000,2021-02-09,44472628
1612915200000,2021-02-10,47515635
1613001600000,2021-02-11,46134032
1613088000000,2021-02-12,42960114
1613174400000,2021-02-13,45115030
1613260800000,2021-02-14,45803821
1613347200000,2021-02-15,46725499
1613433600000,2021-02-16,41225155
1613520000000,2021-02-17,38364000
1613606400000,2021-02-18,42157222
1613692800000,2021-02-19,55507627
1613779200000,2021-02-20,64584431
1613865600000,2021-02-21,57938641
1613952000000,2021-02-22,37313165
1614038400000,2021-02-23,27450284
1614124800000,2021-02-24,50267530
1614211200000,2021-02-25,55654234
1614297600000,2021-02-26,50847043
1614384000000,2021-02-27,54696938
1614470400000,2021-02-28,52982414
1614556800000,2021-03-01,50914794
1614643200000,2021-03-02,45379678
1614729600000,2021-03-03,33729876
1614816000000,2021-03-04,30850187
1614902400000,2021-03-05,27330296
1614988800000,2021-03-06,28733021
1615075200000,2021-03-07,28230277
1615161600000,2021-03-08,31288142
1615248000000,2021-03-09,33350934
1615334400000,2021-03-10,30419418
1615420800000,2021-03-11,22995441
1615507200000,2021-03-12,22234353
1615593600000,2021-03-13,20183302
1615680000000,2021-03-14,20253832
1615766400000,2021-03-15,21735080
1615852800000,2021-03-16,20877997
1615939200000,2021-03-17,14157597
1616025600000,2021-03-18,10382660
1616112000000,2021-03-19,12528191
1616198400000,2021-03-20,12592995
1616284800000,2021-03-21,13041493
1616371200000,2021-03-22,18598203
1616457600000,2021-03-23,18819960
1616544000000,2021-03-24,17878048
1616630400000,2021-03-25,21059980
1616716800000,2021-03-26,18778406
1616803200000,2021-03-27,17314026
1616889600000,2021-03-28,16369846
1616976000000,2021-03-29,16118511
1617062400000,2021-03-30,15269980
1617148800000,2021-03-31,16389646
1617235200000,2021-04-01,15143089
1617321600000,2021-04-02,13461755
1617408000000,2021-04-03,15224998
1617494400000,2021-04-04,17170621
1617580800000,2021-04-05,17039854
1617667200000,2021-04-06,18226017
1617753600000,2021-04-07,20131396
1617840000000,2021-04-08,17691955
1617926400000,2021-04-09,17186992
1618012800000,2021-04-10,17323208
1618099200000,2021-04-11,16506107
1618185600000,2021-04-12,16340139
1618272000000,2021-04-13,16804064
1618358400000,2021-04-14,17953379
1618444800000,2021-04-15,16885653
1618531200000,2021-04-16,17431839
1618617600000,2021-04-17,16603216
1618704000000,2021-04-18,19425242
1618790400000,2021-04-19,17900889
1618876800000,2021-04-20,19176339
1618963200000,2021-04-21,20988719
1619049600000,2021-04-22,23846848
1619136000000,2021-04-23,23420524
1619222400000,2021-04-24,19696807
1619308800000,2021-04-25,20039211
1619395200000,2021-04-26,20983193
1619481600000,2021-04-27,17944253
1619568000000,2021-04-28,18003863
1619654400000,2021-04-29,17024850
1619740800000,2021-04-30,17455358
1619827200000,2021-05-01,17581796
1619913600000,2021-05-02,19517271
1620000000000,2021-05-03,19173772
1620086400000,2021-05-04,22011475
1620172800000,2021-05-05,19403750
1620259200000,2021-05-06,18386358
1620345600000,2021-05-07,17884336
1620432000000,2021-05-08,17290910
1620518400000,2021-05-09,16810832
1620604800000,2021-05-10,17905695
1620691200000,2021-05-11,16475378
1620777600000,2021-05-12,17417172
1620864000000,2021-05-13,18392379
1620950400000,2021-05-14,15483654
1621036800000,2021-05-15,16342088
1621123200000,2021-05-16,16025648
1621209600000,2021-05-17,17291425
1621296000000,2021-05-18,17217225
1621382400000,2021-05-19,21482503
1621468800000,2021-05-20,19797799
1621555200000,2021-05-21,21779895
1621641600000,2021-05-22,34061559
1621728000000,2021-05-23,36401578
1621814400000,2021-05-24,34295694
1621900800000,2021-05-25,18789445
1621987200000,2021-05-26,17410661
1622073600000,2021-05-27,15468087
1622160000000,2021-05-28,18698475
1622246400000,2021-05-29,17418753
1622332800000,2021-05-30,13856343
1622419200000,2021-05-31,16337209
1622505600000,2021-06-01,16516944
1622592000000,2021-06-02,15418217
1622678400000,2021-06-03,14066905
1622764800000,2021-06-04,15032196
1622851200000,2021-06-05,13299983
1622937600000,2021-06-06,9916715
1623024000000,2021-06-07,10762185
1623110400000,2021-06-08,12495817
1623196800000,2021-06-09,11221863
1623283200000,2021-06-10,10480062
1623369600000,2021-06-11,9908695
1623456000000,2021-06-12,10314839
1623542400000,2021-06-13,9412689
1623628800000,2021-06-14,9519931
1623715200000,2021-06-15,9644808
1623801600000,2021-06-16,9900012
1623888000000,2021-06-17,10413916
1623974400000,2021-06-18,11246677
1624060800000,2021-06-19,10194415
1624147200000,2021-06-20,10866089
1624233600000,2021-06-21,13314105
1624320000000,2021-06-22,14063160
1624406400000,2021-06-23,12604974
1624492800000,2021-06-24,11427040
1624579200000,2021-06-25,12651882
1624665600000,2021-06-26,12703836
1624752000000,2021-06-27,12086250
1624838400000,2021-06-28,11560618
1624924800000,2021-06-29,11694754
1625011200000,2021-06-30,12488805
1625097600000,2021-07-01,11523919
1625184000000,2021-07-02,10952001
1625270400000,2021-07-03,10348755
1625356800000,2021-07-04,10295413
1625443200000,2021-07-05,11006245
1625529600000,2021-07-06,11544106
1625616000000,2021-07-07,11505334
1625702400000,2021-07-08,12295898
1625788800000,2021-07-09,11533467
1625875200000,2021-07-10,10813284
1625961600000,2021-07-11,10849794
1626048000000,2021-07-12,11181389
1626134400000,2021-07-13,11129660
1626220800000,2021-07-14,11792229
1626307200000,2021-07-15,11946453
1626393600000,2021-07-16,11675637
1626480000000,2021-07-17,10886270
1626566400000,2021-07-18,11389200
1626652800000,2021-07-19,12226407
1626739200000,2021-07-20,13154309
1626825600000,2021-07-21,13336425
1626912000000,2021-07-22,13648779
1626998400000,2021-07-23,13537428
1627084800000,2021-07-24,13281749
1627171200000,2021-07-25,12807539
1627257600000,2021-07-26,14762981
1627344000000,2021-07-27,14095886
1627430400000,2021-07-28,15131400
1627516800000,2021-07-29,14966966
1627603200000,2021-07-30,17769961
1627689600000,2021-07-31,17551443
1627776000000,2021-08-01,18037932
1627862400000,2021-08-02,18728082
1627948800000,2021-08-03,20067605
1628035200000,2021-08-04,18966482
1628121600000,2021-08-05,18735278
1628208000000,2021-08-06,19308077
1628294400000,2021-08-07,20003256
1628380800000,2021-08-08,19266741
1628467200000,2021-08-09,19395259
1628553600000,2021-08-10,21704693
1628640000000,2021-08-11,21891563
1628726400000,2021-08-12,21551123
1628812800000,2021-08-13,21422312
1628899200000,2021-08-14,20330594
1628985600000,2021-08-15,19235743
1629072000000,2021-08-16,21156195
1629158400000,2021-08-17,20262378
1629244800000,2021-08-18,20833653
1629331200000,2021-08-19,20281499
1629417600000,2021-08-20,23960305
1629504000000,2021-08-21,24764133
1629590400000,2021-08-22,26427232
1629676800000,2021-08-23,24291662
1629763200000,2021-08-24,25127736
1629849600000,2021-08-25,24049043
1629936000000,2021-08-26,23605790
1630022400000,2021-08-27,22199434
1630108800000,2021-08-28,20968030
1630195200000,2021-08-29,20354983
1630281600000,2021-08-30,24242638
1630368000000,2021-08-31,24268648
1630454400000,2021-09-01,25193352
1630540800000,2021-09-02,23768616
1630627200000,2021-09-03,28540084
1630713600000,2021-09-04,28021707
1630800000000,2021-09-05,28296186
1630886400000,2021-09-06,28050477
1630972800000,2021-09-07,30976782
1631059200000,2021-09-08,30759567
1631145600000,2021-09-09,31671924
1631232000000,2021-09-10,32023939
1631318400000,2021-09-11,31203486
1631404800000,2021-09-12,30688615
1631491200000,2021-09-13,34090929
1631577600000,2021-09-14,16671218
1631664000000,2021-09-15,23418448
1631750400000,2021-09-16,36433085
1631836800000,2021-09-17,35059407
1631923200000,2021-09-18,30354890
1632009600000,2021-09-19,31566562
1632096000000,2021-09-20,37795302
1632182400000,2021-09-21,39372541
1632268800000,2021-09-22,39888798
1632355200000,2021-09-23,42484789
1632441600000,2021-09-24,45340051
1632528000000,2021-09-25,39271042
1632614400000,2021-09-26,41322501
1632700800000,2021-09-27,43769840
1632787200000,2021-09-28,42657194
1632873600000,2021-09-29,43957875
1632960000000,2021-09-30,43073106
1633046400000,2021-10-01,40454017
1633132800000,2021-10-02,39464459
1633219200000,2021-10-03,40477039
1633305600000,2021-10-04,43055201
1633392000000,2021-10-05,41304180
1633478400000,2021-10-06,41344399
1633564800000,2021-10-07,40117471
1633651200000,2021-10-08,41986691
1633737600000,2021-10-09,38174362
1633824000000,2021-10-10,37278531
1633910400000,2021-10-11,44955619
1633996800000,2021-10-12,48193381
1634083200000,2021-10-13,50481079
1634169600000,2021-10-14,51788782
1634256000000,2021-10-15,54445091
1634342400000,2021-10-16,48482213
1634428800000,2021-10-17,48685421
1634515200000,2021-10-18,53272178
1634601600000,2021-10-19,52472462
1634688000000,2021-10-20,51648615
1634774400000,2021-10-21,47707750
1634860800000,2021-10-22,48466121
1634947200000,2021-10-23,42073899
1635033600000,2021-10-24,44269845
1635120000000,2021-10-25,49669196
1635206400000,2021-10-26,54373889
1635292800000,2021-10-27,52061274
1635379200000,2021-10-28,56861809
1635465600000,2021-10-29,61719436
1635552000000,2021-10-30,56165368
1635638400000,2021-10-31,57819871
1635724800000,2021-11-01,60289086
1635811200000,2021-11-02,60256022
1635897600000,2021-11-03,62036079
1635984000000,2021-11-04,62004987
1636070400000,2021-11-05,61970623
1636156800000,2021-11-06,55660583
1636243200000,2021-11-07,55108117
1636329600000,2021-11-08,60782527
1636416000000,2021-11-09,61602372
1636502400000,2021-11-10,59245227
1636588800000,2021-11-11,63672730
1636675200000,2021-11-12,69039620
1636761600000,2021-11-13,68733172
1636848000000,2021-11-14,68451081
1636934400000,2021-11-15,74657699
1637020800000,2021-11-16,73325800
1637107200000,2021-11-17,74518152
1637193600000,2021-11-18,69635050
1637280000000,2021-11-19,72971210
1637366400000,2021-11-20,66239147
1637452800000,2021-11-21,65500518
1637539200000,2021-11-22,69260889
1637625600000,2021-11-23,62083627
1637712000000,2021-11-24,66524847
1637798400000,2021-11-25,67438838
1637884800000,2021-11-26,62078499
1637971200000,2021-11-27,65065843
1638057600000,2021-11-28,65156010
1638144000000,2021-11-29,65885839
1638230400000,2021-11-30,64858200
1638316800000,2021-12-01,62997400
1638403200000,2021-12-02,59655142
1638489600000,2021-12-03,63865342
1638576000000,2021-12-04,42770238
1638662400000,2021-12-05,54946052
1638748800000,2021-12-06,59861158
1638835200000,2021-12-07,57906654
1638921600000,2021-12-08,61165779
1639008000000,2021-12-09,55453361
1639094400000,2021-12-10,57287440
1639180800000,2021-12-11,53142922
1639267200000,2021-12-12,50769607
1639353600000,2021-12-13,39810810
1639440000000,2021-12-14,55452777
1639526400000,2021-12-15,68144420
1639612800000,2021-12-16,69567171
1639699200000,2021-12-17,63106806
1639785600000,2021-12-18,63368728
1639872000000,2021-12-19,62531434
1639958400000,2021-12-20,57650748
1640044800000,2021-12-21,67156778
1640131200000,2021-12-22,70709668
1640217600000,2021-12-23,74022108
1640304000000,2021-12-24,73814837
1640390400000,2021-12-25,71409078
1640476800000,2021-12-26,70313942
1640563200000,2021-12-27,69435960
1640649600000,2021-12-28,64223391
1640736000000,2021-12-29,58830209
1640822400000,2021-12-30,68119053
1640908800000,2021-12-31,66579390
1640995200000,2022-01-01,66715069
1641081600000,2022-01-02,65459862
1641168000000,2022-01-03,53869332
1641254400000,2022-01-04,63929497
1641340800000,2022-01-05,59194607
1641427200000,2022-01-06,51021701
1641513600000,2022-01-07,28383648
1641600000000,2022-01-08,44576078
1641686400000,2022-01-09,56248932
1641772800000,2022-01-10,55073556
1641859200000,2022-01-11,66551829
1641945600000,2022-01-12,64117964
1642032000000,2022-01-13,65676104
1642118400000,2022-01-14,63172984
1642204800000,2022-01-15,61667966
1642291200000,2022-01-16,60729368
1642377600000,2022-01-17,55665631
1642464000000,2022-01-18,54495540
1642550400000,2022-01-19,50842264
1642636800000,2022-01-20,44841628
1642723200000,2022-01-21,19404761
1642809600000,2022-01-22,18835530
1642896000000,2022-01-23,57023925
1642982400000,2022-01-24,59200601
1643068800000,2022-01-25,66170837
1643155200000,2022-01-26,64239449
1643241600000,2022-01-27,62432975
1643328000000,2022-01-28,62795631
1643414400000,2022-01-29,59021353
1643500800000,2022-01-30,59284392
1643587200000,2022-01-31,61451721
1643673600000,2022-02-01,59293471
1643760000000,2022-02-02,53980161
1643846400000,2022-02-03,61903980
1643932800000,2022-02-04,61508850
1644019200000,2022-02-05,60155696
1644105600000,2022-02-06,60639338
1644192000000,2022-02-07,63053009
1644278400000,2022-02-08,60562981
1644364800000,2022-02-09,58027099
1644451200000,2022-02-10,55957034
1644537600000,2022-02-11,56064665
1644624000000,2022-02-12,51048591
1644710400000,2022-02-13,51813242
1644796800000,2022-02-14,57134833
1644883200000,2022-02-15,52850586
1644969600000,2022-02-16,56041031
1645056000000,2022-02-17,55383572
1645142400000,2022-02-18,53653143
1645228800000,2022-02-19,46038799
1645315200000,2022-02-20,37790598
1645401600000,2022-02-21,45980304
1645488000000,2022-02-22,48491266
1645574400000,2022-02-23,50309756
1645660800000,2022-02-24,40539472
1645747200000,2022-02-25,46490550
1645833600000,2022-02-26,51309868
1645920000000,2022-02-27,49543407
1646006400000,2022-02-28,48120484
1646092800000,2022-03-01,50936430
1646179200000,2022-03-02,49259764
1646265600000,2022-03-03,51114860
1646352000000,2022-03-04,49260031
1646438400000,2022-03-05,47759623
1646524800000,2022-03-06,48458161
1646611200000,2022-03-07,48609203
1646697600000,2022-03-08,51395195
1646784000000,2022-03-09,47315787
1646870400000,2022-03-10,36193555
1646956800000,2022-03-11,42631833
1647043200000,2022-03-12,46924629
1647129600000,2022-03-13,44962183
1647216000000,2022-03-14,48008160
1647302400000,2022-03-15,45384775
1647388800000,2022-03-16,43754460
1647475200000,2022-03-17,42873521
1647561600000,2022-03-18,41011431
1647648000000,2022-03-19,36317976
1647734400000,2022-03-20,35738709
1647820800000,2022-03-21,36705145
1647907200000,2022-03-22,36121808
1647993600000,2022-03-23,39184660
1648080000000,2022-03-24,32764343
1648166400000,2022-03-25,35318070
1648252800000,2022-03-26,35065729
1648339200000,2022-03-27,27822511
1648425600000,2022-03-28,34770354
1648512000000,2022-03-29,36254451
1648598400000,2022-03-30,35424036
1648684800000,2022-03-31,34718399
1648771200000,2022-04-01,25980385
1648857600000,2022-04-02,24565041
1648944000000,2022-04-03,21784160
1649030400000,2022-04-04,22086856
1649116800000,2022-04-05,26992932
1649203200000,2022-04-06,18595086
1649289600000,2022-04-07,18213637
1649376000000,2022-04-08,14880022
1649462400000,2022-04-09,10059095
1649548800000,2022-04-10,17135635
1649635200000,2022-04-11,19994742
1649721600000,2022-04-12,20697350
1649808000000,2022-04-13,26525334
1649894400000,2022-04-14,31426146
1649980800000,2022-04-15,32040995
1650067200000,2022-04-16,28261985
1650153600000,2022-04-17,23036684
1650240000000,2022-04-18,19144251
1650326400000,2022-04-19,26417505
1650412800000,2022-04-20,27574631
1650499200000,2022-04-21,29904993
1650585600000,2022-04-22,29616960
1650672000000,2022-04-23,29206801
1650758400000,2022-04-24,24400807
1650844800000,2022-04-25,22629568
1650931200000,2022-04-26,20972077
1651017600000,2022-04-27,26799292
1651104000000,2022-04-28,26188607
1651190400000,2022-04-29,19403430
1651276800000,2022-04-30,15703616
1651363200000,2022-05-01,16816410
1651449600000,2022-05-02,27348780
1651536000000,2022-05-03,32974190
1651622400000,2022-05-04,36029398
1651708800000,2022-05-05,34298240
1651795200000,2022-05-06,31344798
1651881600000,2022-05-07,35107682
1651968000000,2022-05-08,34281198
1652054400000,2022-05-09,29663183
1652140800000,2022-05-10,27067660
1652227200000,2022-05-11,24359941
1652313600000,2022-05-12,20684999
1652400000000,2022-05-13,20798000
1652486400000,2022-05-14,30848540
1652572800000,2022-05-15,29855857
1652659200000,2022-05-16,28526456
1652745600000,2022-05-17,20777287
1652832000000,2022-05-18,28108528
1652918400000,2022-05-19,28638834
1653004800000,2022-05-20,27250374
1653091200000,2022-05-21,36261711
1653177600000,2022-05-22,35822105
1653264000000,2022-05-23,34795193
1653350400000,2022-05-24,32752829
1653436800000,2022-05-25,26996473
1653523200000,2022-05-26,30769831
1653609600000,2022-05-27,30397754
1653696000000,2022-05-28,31600710
1653782400000,2022-05-29,29758802
1653868800000,2022-05-30,32851815
1653955200000,2022-05-31,38607618
1654041600000,2022-06-01,35115984
1654128000000,2022-06-02,41461654
1654214400000,2022-06-03,43125673
1654300800000,2022-06-04,42577340
1654387200000,2022-06-05,36773749
1654473600000,2022-06-06,34288767
1654560000000,2022-06-07,41807006
1654646400000,2022-06-08,41367364
1654732800000,2022-06-09,39010388
1654819200000,2022-06-10,44216839
1654905600000,2022-06-11,43331774
1654992000000,2022-06-12,42297284
1655078400000,2022-06-13,33875901
1655164800000,2022-06-14,35479955
1655251200000,2022-06-15,40164130
1655337600000,2022-06-16,47001709
1655424000000,2022-06-17,49546738
1655510400000,2022-06-18,47820336
1655596800000,2022-06-19,51463235
1655683200000,2022-06-20,47259728
1655769600000,2022-06-21,50831205
1655856000000,2022-06-22,51777441
1655942400000,2022-06-23,49085699
1656028800000,2022-06-24,48384568
1656115200000,2022-06-25,45786421
1656201600000,2022-06-26,44806514
1656288000000,2022-06-27,48867699
1656374400000,2022-06-28,48328839
1656460800000,2022-06-29,49927906
1656547200000,2022-06-30,51108050
1656633600000,2022-07-01,48989193
1656720000000,2022-07-02,43360999
1656806400000,2022-07-03,40114297
1656892800000,2022-07-04,46202080
1656979200000,2022-07-05,47681572
1657065600000,2022-07-06,47921237
1657152000000,2022-07-07,50385417
1657238400000,2022-07-08,52786500
1657324800000,2022-07-09,49592086
1657411200000,2022-07-10,43243113
1657497600000,2022-07-11,50781603
1657584000000,2022-07-12,52920756
1657670400000,2022-07-13,50053173
1657756800000,2022-07-14,50913459
1657843200000,2022-07-15,47316051
1657929600000,2022-07-16,50224955
1658016000000,2022-07-17,47960808
1658102400000,2022-07-18,43322175
1658188800000,2022-07-19,47989641
1658275200000,2022-07-20,46295740
1658361600000,2022-07-21,48768897
1658448000000,2022-07-22,49523736
1658534400000,2022-07-23,48732603
1658620800000,2022-07-24,47260682
1658707200000,2022-07-25,46400517
1658793600000,2022-07-26,51746005
1658880000000,2022-07-27,50223509
1658966400000,2022-07-28,47232281
1659052800000,2022-07-29,49258272
1659139200000,2022-07-30,47944146
1659225600000,2022-07-31,47084526
1659312000000,2022-08-01,48173477
1659398400000,2022-08-02,49385370
1659484800000,2022-08-03,49962518
1659571200000,2022-08-04,46179838
1659657600000,2022-08-05,49806568
1659744000000,2022-08-06,46969886
1659830400000,2022-08-07,44754869
1659916800000,2022-08-08,52865344
1660003200000,2022-08-09,50066165
1660089600000,2022-08-10,48102101
1660176000000,2022-08-11,51008644
1660262400000,2022-08-12,49266603
1660348800000,2022-08-13,42038688
1660435200000,2022-08-14,41560123
1660521600000,2022-08-15,42018963
1660608000000,2022-08-16,46066138
1660694400000,2022-08-17,44766166
1660780800000,2022-08-18,41663860
1660867200000,2022-08-19,42868211
1660953600000,2022-08-20,39246718
1661040000000,2022-08-21,38226079
1661126400000,2022-08-22,46752458
1661212800000,2022-08-23,45526594
1661299200000,2022-08-24,45190643
1661385600000,2022-08-25,45965065
1661472000000,2022-08-26,43175906
1661558400000,2022-08-27,40481152
1661644800000,2022-08-28,36108649
1661731200000,2022-08-29,42939981
1661817600000,2022-08-30,41805340
1661904000000,2022-08-31,43963802
1661990400000,2022-09-01,42780167
1662076800000,2022-09-02,40640194
1662163200000,2022-09-03,36788994
1662249600000,2022-09-04,41985073
1662336000000,2022-09-05,43058514
1662422400000,2022-09-06,47257041
1662508800000,2022-09-07,41102516
1662595200000,2022-09-08,43811684
1662681600000,2022-09-09,44665829
1662768000000,2022-09-10,41593549
1662854400000,2022-09-11,42448583
1662940800000,2022-09-12,45951226
1663027200000,2022-09-13,45253137
1663113600000,2022-09-14,42532742
1663200000000,2022-09-15,36526463
1663286400000,2022-09-16,42270058
1663372800000,2022-09-17,39620213
1663459200000,2022-09-18,40088950
1663545600000,2022-09-19,42931759
1663632000000,2022-09-20,40763801
1663718400000,2022-09-21,39184198
1663804800000,2022-09-22,40570249
1663891200000,2022-09-23,39024092
1663977600000,2022-09-24,36405641
1664064000000,2022-09-25,35109287
1664150400000,2022-09-26,42232463
1664236800000,2022-09-27,40402983
1664323200000,2022-09-28,36842456
1664409600000,2022-09-29,37148100
1664496000000,2022-09-30,34358310
1664582400000,2022-10-01,22959114
1664668800000,2022-10-02,36109684
1664755200000,2022-10-03,38166667
1664841600000,2022-10-04,41180906
1664928000000,2022-10-05,36314141
1665014400000,2022-10-06,39266021
1665100800000,2022-10-07,39501369
1665187200000,2022-10-08,34171791
1665273600000,2022-10-09,38478486
1665360000000,2022-10-10,41990540
1665446400000,2022-10-11,42788766
1665532800000,2022-10-12,37267613
1665619200000,2022-10-13,34686771
1665705600000,2022-10-14,31168968
1665792000000,2022-10-15,24381817
1665878400000,2022-10-16,24889808
1665964800000,2022-10-17,27113121
1666051200000,2022-10-18,28393863
1666137600000,2022-10-19,28533484
1666224000000,2022-10-20,31721205
1666310400000,2022-10-21,28907749
1666396800000,2022-10-22,22975684
1666483200000,2022-10-23,25031250
1666569600000,2022-10-24,28915362
1666656000000,2022-10-25,29797836
1666742400000,2022-10-26,30327344
1666828800000,2022-10-27,32065016
1666915200000,2022-10-28,31035758
1667001600000,2022-10-29,25779781
1667088000000,2022-10-30,28356227
1667174400000,2022-10-31,33011952
1667260800000,2022-11-01,31623472
1667347200000,2022-11-02,30387199
1667433600000,2022-11-03,30975209
1667520000000,2022-11-04,32274773
1667606400000,2022-11-05,31143643
1667692800000,2022-11-06,30655878
1667779200000,2022-11-07,35424669
1667865600000,2022-11-08,38050743
1667952000000,2022-11-09,34517245
1668038400000,2022-11-10,37092972
1668124800000,2022-11-11,40410503
1668211200000,2022-11-12,39551224
1668297600000,2022-11-13,36149239
1668384000000,2022-11-14,32968724
1668470400000,2022-11-15,30597016
1668556800000,2022-11-16,28065563
1668643200000,2022-11-17,29377269
1668729600000,2022-11-18,27234158
1668816000000,2022-11-19,24441425
1668902400000,2022-11-20,24401936
1668988800000,2022-11-21,31385563
1669075200000,2022-11-22,30994902
1669161600000,2022-11-23,31208581
1669248000000,2022-11-24,28582515
1669334400000,2022-11-25,27481443
1669420800000,2022-11-26,25868860
1669507200000,2022-11-27,24307875
1669593600000,2022-11-28,28293130
1669680000000,2022-11-29,26704363
1669766400000,2022-11-30,27603167
1669852800000,2022-12-01,26552101
1669939200000,2022-12-02,25892057
1670025600000,2022-12-03,23851841
1670112000000,2022-12-04,22682618
1670198400000,2022-12-05,25429074
1670284800000,2022-12-06,25774893
1670371200000,2022-12-07,26619382
1670457600000,2022-12-08,26255529
1670544000000,2022-12-09,27209573
1670630400000,2022-12-10,24133995
1670716800000,2022-12-11,24583540
1670803200000,2022-12-12,28162390
1670889600000,2022-12-13,30114565
1670976000000,2022-12-14,29610256
1671062400000,2022-12-15,31529528
1671148800000,2022-12-16,31217000
1671235200000,2022-12-17,28250511
1671321600000,2022-12-18,26464537
1671408000000,2022-12-19,29960861
1671494400000,2022-12-20,30027228
1671580800000,2022-12-21,30030096
1671667200000,2022-12-22,30150099
1671753600000,2022-12-23,29920776
1671840000000,2022-12-24,33101878
1671926400000,2022-12-25,30007041
1672012800000,2022-12-26,27949267
1672099200000,2022-12-27,29065691
1672185600000,2022-12-28,32099387
1672272000000,2022-12-29,33562890
1672358400000,2022-12-30,35884995
1672444800000,2022-12-31,29808684
1672531200000,2023-01-01,28348606
1672617600000,2023-01-02,36298348
1672704000000,2023-01-03,46227430
1672790400000,2023-01-04,41524708
1672876800000,2023-01-05,36452123
1672963200000,2023-01-06,42341432
1673049600000,2023-01-07,45627580
1673136000000,2023-01-08,41414383
1673222400000,2023-01-09,40543621
1673308800000,2023-01-10,41453585
1673395200000,2023-01-11,40685275
1673481600000,2023-01-12,38922194
1673568000000,2023-01-13,39326711
1673654400000,2023-01-14,37637106
1673740800000,2023-01-15,38333975
1673827200000,2023-01-16,38717678
1673913600000,2023-01-17,37885946
1674000000000,2023-01-18,40744008
1674086400000,2023-01-19,40595916
1674172800000,2023-01-20,40759527
1674259200000,2023-01-21,38862666
1674345600000,2023-01-22,37014022
1674432000000,2023-01-23,39299557
1674518400000,2023-01-24,38068570
1674604800000,2023-01-25,38491189
1674691200000,2023-01-26,36330634
1674777600000,2023-01-27,38194588
1674864000000,2023-01-28,36100242
1674950400000,2023-01-29,37223825
1675036800000,2023-01-30,40156615
1675123200000,2023-01-31,43605367
1675209600000,2023-02-01,38289338
1675296000000,2023-02-02,39146231
1675382400000,2023-02-03,41876996
1675468800000,2023-02-04,35718958
1675555200000,2023-02-05,33446373
1675641600000,2023-02-06,35134015
1675728000000,2023-02-07,29926985
1675814400000,2023-02-08,35268638
1675900800000,2023-02-09,39178050
1675987200000,2023-02-10,38194663
1676073600000,2023-02-11,31669418
1676160000000,2023-02-12,35741450
1676246400000,2023-02-13,34543884
1676332800000,2023-02-14,35386285
1676419200000,2023-02-15,37188390
1676505600000,2023-02-16,42132136
1676592000000,2023-02-17,39576762
1676678400000,2023-02-18,34704814
1676764800000,2023-02-19,37366852
1676851200000,2023-02-20,37669005
1676937600000,2023-02-21,35694033
1677024000000,2023-02-22,39768136
1677110400000,2023-02-23,36722523
1677196800000,2023-02-24,38615133
1677283200000,2023-02-25,8531615
1677369600000,2023-02-26,27516629
1677456000000,2023-02-27,35434153
1677542400000,2023-02-28,34716528
1677628800000,2023-03-01,36080538
1677715200000,2023-03-02,34677686
1677801600000,2023-03-03,37323920
1677888000000,2023-03-04,32127949
1677974400000,2023-03-05,34315372
1678060800000,2023-03-06,34601732
1678147200000,2023-03-07,34669392
1678233600000,2023-03-08,36527681
1678320000000,2023-03-09,35781466
1678406400000,2023-03-10,36896480
1678492800000,2023-03-11,35243922
1678579200000,2023-03-12,36115013
1678665600000,2023-03-13,36525956
1678752000000,2023-03-14,35642961
1678838400000,2023-03-15,37217421
1678924800000,2023-03-16,36238687
1679011200000,2023-03-17,35650939
1679097600000,2023-03-18,33351760
1679184000000,2023-03-19,29800142
1679270400000,2023-03-20,37083733
1679356800000,2023-03-21,38249469
1679443200000,2023-03-22,37137379
1679529600000,2023-03-23,37232777
1679616000000,2023-03-24,37646121
1679702400000,2023-03-25,35163949
1679788800000,2023-03-26,32225833
1679875200000,2023-03-27,36081539
1679961600000,2023-03-28,35861064
1680048000000,2023-03-29,34712905
1680134400000,2023-03-30,35987810
1680220800000,2023-03-31,36339850
1680307200000,2023-04-01,33285800
1680393600000,2023-04-02,33915829
1680480000000,2023-04-03,37041625
1680566400000,2023-04-04,33954512
1680652800000,2023-04-05,34693573
1680739200000,2023-04-06,33215929
1680825600000,2023-04-07,31820322
1680912000000,2023-04-08,32752829
1680998400000,2023-04-09,32539226
1681084800000,2023-04-10,32813764
1681171200000,2023-04-11,35709955
1681257600000,2023-04-12,37568329
1681344000000,2023-04-13,37793193
1681430400000,2023-04-14,36511155
1681516800000,2023-04-15,31617944
1681603200000,2023-04-16,33371847
1681689600000,2023-04-17,37573835
1681776000000,2023-04-18,35885534
1681862400000,2023-04-19,33993573
1681948800000,2023-04-20,34654908
1682035200000,2023-04-21,32210401
1682121600000,2023-04-22,30630864
1682208000000,2023-04-23,31047439
1682294400000,2023-04-24,32448111
1682380800000,2023-04-25,31441714
1682467200000,2023-04-26,33168663
1682553600000,2023-04-27,33258317
1682640000000,2023-04-28,33307828
1682726400000,2023-04-29,30615301
1682812800000,2023-04-30,32429935
1682899200000,2023-05-01,33036144
1682985600000,2023-05-02,31775709
1683072000000,2023-05-03,33429964
1683158400000,2023-05-04,32838819
1683244800000,2023-05-05,35836423
1683331200000,2023-05-06,35194337
1683417600000,2023-05-07,32029983
1683504000000,2023-05-08,38201553
1683590400000,2023-05-09,40707056
1683676800000,2023-05-10,42735813
1683763200000,2023-05-11,41267640
1683849600000,2023-05-12,39980171
1683936000000,2023-05-13,33359692
1684022400000,2023-05-14,32729744
1684108800000,2023-05-15,35104076
1684195200000,2023-05-16,32412920
1684281600000,2023-05-17,32412653
1684368000000,2023-05-18,32258277
1684454400000,2023-05-19,29449597
1684540800000,2023-05-20,27111501
1684627200000,2023-05-21,27345396
1684713600000,2023-05-22,27414723
1684800000000,2023-05-23,27647969
1684886400000,2023-05-24,32590572
1684972800000,2023-05-25,34592122
1685059200000,2023-05-26,28840242
1685145600000,2023-05-27,27734826
1685232000000,2023-05-28,26740961
1685318400000,2023-05-29,26402259
1685404800000,2023-05-30,29263106
1685491200000,2023-05-31,31762715
1685577600000,2023-06-01,31785605
1685664000000,2023-06-02,27486722
1685750400000,2023-06-03,26904579
1685836800000,2023-06-04,27068425
1685923200000,2023-06-05,32269117
1686009600000,2023-06-06,28735398
1686096000000,2023-06-07,31154546
1686182400000,2023-06-08,28847070
1686268800000,2023-06-09,32942013
1686355200000,2023-06-10,36553169
1686441600000,2023-06-11,33664479
1686528000000,2023-06-12,33503879
1686614400000,2023-06-13,30650481
1686700800000,2023-06-14,30525142
1686787200000,2023-06-15,32692444
1686873600000,2023-06-16,32050481
1686960000000,2023-06-17,32474019
1687046400000,2023-06-18,30571396
1687132800000,2023-06-19,30955210
1687219200000,2023-06-20,32692892
1687305600000,2023-06-21,34806850
1687392000000,2023-06-22,32309295
1687478400000,2023-06-23,34089589
1687564800000,2023-06-24,31116562
1687651200000,2023-06-25,29957202
1687737600000,2023-06-26,32684148
1687824000000,2023-06-27,29667681
1687910400000,2023-06-28,29218295
1687996800000,2023-06-29,28152317
1688083200000,2023-06-30,31802267
1688169600000,2023-07-01,26488018
1688256000000,2023-07-02,29749061
1688342400000,2023-07-03,27753699
1688428800000,2023-07-04,25755901
1688515200000,2023-07-05,25276756
1688601600000,2023-07-06,28771203
1688688000000,2023-07-07,29902374
1688774400000,2023-07-08,24485410
1688860800000,2023-07-09,23870964
1688947200000,2023-07-10,25887180
1689033600000,2023-07-11,24673378
1689120000000,2023-07-12,23813525
1689206400000,2023-07-13,29445846
1689292800000,2023-07-14,32856076
1689379200000,2023-07-15,25439101
1689465600000,2023-07-16,24094369
1689552000000,2023-07-17,28219147
1689638400000,2023-07-18,27782791
1689724800000,2023-07-19,27765714
1689811200000,2023-07-20,27969086
1689897600000,2023-07-21,26355323
1689984000000,2023-07-22,23161494
1690070400000,2023-07-23,22181145
1690156800000,2023-07-24,26524366
1690243200000,2023-07-25,23155169
1690329600000,2023-07-26,25381038
1690416000000,2023-07-27,22277657
1690502400000,2023-07-28,21117515
1690588800000,2023-07-29,19138611
1690675200000,2023-07-30,19564693
1690761600000,2023-07-31,22355382
1690848000000,2023-08-01,22730251
1690934400000,2023-08-02,22906175
1691020800000,2023-08-03,21935027
1691107200000,2023-08-04,22006590
1691193600000,2023-08-05,21524721
1691280000000,2023-08-06,22058498
1691366400000,2023-08-07,23951695
1691452800000,2023-08-08,24014371
1691539200000,2023-08-09,23298345
1691625600000,2023-08-10,22048793
1691712000000,2023-08-11,22259129
1691798400000,2023-08-12,19321956
1691884800000,2023-08-13,20058387
1691971200000,2023-08-14,22106066
1692057600000,2023-08-15,21738880
1692144000000,2023-08-16,26840830
1692230400000,2023-08-17,26372259
1692316800000,2023-08-18,255009829
1692403200000,2023-08-19,376279338
1692489600000,2023-08-20,361746742
1692576000000,2023-08-21,378103666
1692662400000,2023-08-22,374624326
1692748800000,2023-08-23,366368873
1692835200000,2023-08-24,367871243
1692921600000,2023-08-25,378359575
1693008000000,2023-08-26,375767680
1693094400000,2023-08-27,369218478
1693180800000,2023-08-28,363971598
1693267200000,2023-08-29,355904037
1693353600000,2023-08-30,376814077
1693440000000,2023-08-31,373250829
1693526400000,2023-09-01,362001429
1693612800000,2023-09-02,373055234
1693699200000,2023-09-03,15222181
1693785600000,2023-09-04,21725801
1693872000000,2023-09-05,23882301
1693958400000,2023-09-06,23211879
1694044800000,2023-09-07,22860181
1694131200000,2023-09-08,21939481
1694217600000,2023-09-09,20623209
1694304000000,2023-09-10,23179022
1694390400000,2023-09-11,25607392
1694476800000,2023-09-12,24703157
1694563200000,2023-09-13,26607512
1694649600000,2023-09-14,23101458
1694736000000,2023-09-15,21838762
1694822400000,2023-09-16,19324348
1694908800000,2023-09-17,19327500
1694995200000,2023-09-18,23431910
1695081600000,2023-09-19,23743275
1695168000000,2023-09-20,23020967
1695254400000,2023-09-21,22452289
1695340800000,2023-09-22,20666395
1695427200000,2023-09-23,20590289
1695513600000,2023-09-24,21131819
1695600000000,2023-09-25,22358306
1695686400000,2023-09-26,22216171
1695772800000,2023-09-27,22159125
1695859200000,2023-09-28,22136603
1695945600000,2023-09-29,23506690
1696032000000,2023-09-30,22388136
1696118400000,2023-10-01,23261440
1696204800000,2023-10-02,25087630
1696291200000,2023-10-03,23886249
1696377600000,2023-10-04,23722895
1696464000000,2023-10-05,22867059
1696550400000,2023-10-06,23781625
1696636800000,2023-10-07,22401390
1696723200000,2023-10-08,23106594
1696809600000,2023-10-09,27120587
1696896000000,2023-10-10,27076882
1696982400000,2023-10-11,27914906
1697068800000,2023-10-12,24370141
1697155200000,2023-10-13,22351599
1697241600000,2023-10-14,22725017
1697328000000,2023-10-15,23899468
1697414400000,2023-10-16,26102963
1697500800000,2023-10-17,27709863
1697587200000,2023-10-18,27093347
1697673600000,2023-10-19,29327456
1697760000000,2023-10-20,28744311
1698105600000,2023-10-24,31046815
1698192000000,2023-10-25,31272847
1698278400000,2023-10-26,30278636
1698364800000,2023-10-27,27876018
1698451200000,2023-10-28,24611893
1698537600000,2023-10-29,25838261
1698624000000,2023-10-30,28844031
1698710400000,2023-10-31,29665954
1698796800000,2023-11-01,36345544
1698883200000,2023-11-02,37289672
1698969600000,2023-11-03,34544658
1699056000000,2023-11-04,32409250
1699142400000,2023-11-05,30992414
1699228800000,2023-11-06,31174825
1699315200000,2023-11-07,31544907
1699401600000,2023-11-08,29913423
1699488000000,2023-11-09,38375536
1699574400000,2023-11-10,42323477
1699660800000,2023-11-11,41469091
1699747200000,2023-11-12,37905338
1699833600000,2023-11-13,37184934
1699920000000,2023-11-14,37026785
1700006400000,2023-11-15,39241570
1700092800000,2023-11-16,38430915
1700179200000,2023-11-17,37002202
1700265600000,2023-11-18,32673406
1700352000000,2023-11-19,32570482
1700438400000,2023-11-20,37144601
1700524800000,2023-11-21,39041211
1700611200000,2023-11-22,39964342
1700697600000,2023-11-23,35994117
1700784000000,2023-11-24,66164041
1700870400000,2023-11-25,34734570
1700956800000,2023-11-26,37232132
1701043200000,2023-11-27,40273241
1701129600000,2023-11-28,38521719
1701216000000,2023-11-29,41825231
1701302400000,2023-11-30,40956871
1701388800000,2023-12-01,40290572
1701475200000,2023-12-02,39874092
1701561600000,2023-12-03,42054700
1701648000000,2023-12-04,42522529
1701734400000,2023-12-05,44273820
1701820800000,2023-12-06,45892040
1701907200000,2023-12-07,48398027
1701993600000,2023-12-08,51838378
1702080000000,2023-12-09,50210302
1702166400000,2023-12-10,48023237
1702252800000,2023-12-11,48089374
1702339200000,2023-12-12,52202813
1702425600000,2023-12-13,51990880
1702512000000,2023-12-14,54637787
1702598400000,2023-12-15,54093427
1702684800000,2023-12-16,59062247
1702771200000,2023-12-17,55584242
1702857600000,2023-12-18,59718081
1703030400000,2023-12-20,52179732
1703116800000,2023-12-21,53995348
1703203200000,2023-12-22,62585863
1703289600000,2023-12-23,61630836
1703376000000,2023-12-24,57235259
1703462400000,2023-12-25,57557807
1703548800000,2023-12-26,55771667
1703635200000,2023-12-27,55904466
1703721600000,2023-12-28,56831633
1703808000000,2023-12-29,56883522
1703894400000,2023-12-30,57615279
1703980800000,2023-12-31,55090292
1704067200000,2024-01-01,56075066
1704153600000,2024-01-02,58745873
1704240000000,2024-01-03,48663124
1704326400000,2024-01-04,53648568
1704412800000,2024-01-05,54933283
1704499200000,2024-01-06,51120900
1704585600000,2024-01-07,73651615
1704844800000,2024-01-10,232568173
1704931200000,2024-01-11,236245797
1705190400000,2024-01-14,231886075
1705622400000,2024-01-19,22606318
1705708800000,2024-01-20,23349275
1705881600000,2024-01-22,23449573
1706486400000,2024-01-29,26328679
1706572800000,2024-01-30,26053668
1706832000000,2024-02-02,32276972
1706918400000,2024-02-03,31787661
1707091200000,2024-02-05,20968738
1707177600000,2024-02-06,22641590
1707264000000,2024-02-07,31138635
1707609600000,2024-02-11,28930445
1708214400000,2024-02-18,28129090
1708300800000,2024-02-19,30988904
1708560000000,2024-02-22,31519139
1708732800000,2024-02-24,28050446
1709078400000,2024-02-28,28502667
1709251200000,2024-03-01,28311356
1709337600000,2024-03-02,27901936
1709424000000,2024-03-03,26067975
1709510400000,2024-03-04,23850798
1709596800000,2024-03-05,21398444
1709683200000,2024-03-06,22290767
1709769600000,2024-03-07,24720464
1709856000000,2024-03-08,25665581
1709942400000,2024-03-09,24763286
1710028800000,2024-03-10,25121791
1710115200000,2024-03-11,24244526
1710201600000,2024-03-12,24681373
1710288000000,2024-03-13,24040338
1710374400000,2024-03-14,23926432
1710460800000,2024-03-15,24484109
1710547200000,2024-03-16,23299161
1710633600000,2024-03-17,24660683
1710720000000,2024-03-18,26110933
1710806400000,2024-03-19,22804331
1710892800000,2024-03-20,25311722
1710979200000,2024-03-21,24982456
1711065600000,2024-03-22,26973479
1711152000000,2024-03-23,25439670
1711238400000,2024-03-24,26151199
1711324800000,2024-03-25,27558320
1711411200000,2024-03-26,27537935
1711497600000,2024-03-27,27971069
1711584000000,2024-03-28,28939537
1711670400000,2024-03-29,23550571
1711756800000,2024-03-30,24888760
1711843200000,2024-03-31,23220540
1711929600000,2024-04-01,22695413
1712016000000,2024-04-02,23627603
1712102400000,2024-04-03,21956782
1712188800000,2024-04-04,19732355
1712275200000,2024-04-05,22475539
1712361600000,2024-04-06,26278778
1712448000000,2024-04-07,27476806
1712534400000,2024-04-08,31142048
1712620800000,2024-04-09,36213751
1712707200000,2024-04-10,37947841
1712793600000,2024-04-11,39436967
1712880000000,2024-04-12,34877597
1712966400000,2024-04-13,29444594
1713052800000,2024-04-14,29639606
1713139200000,2024-04-15,29451167
1713225600000,2024-04-16,24934349
1713312000000,2024-04-17,21396707
1713398400000,2024-04-18,19633983
1713484800000,2024-04-19,18511276
1713571200000,2024-04-20,20833351
1713657600000,2024-04-21,22649702
1713744000000,2024-04-22,21610624
1713830400000,2024-04-23,24421042
1713916800000,2024-04-24,32686406
1714003200000,2024-04-25,32610630
1714089600000,2024-04-26,30508982
1714176000000,2024-04-27,28125725
1714262400000,2024-04-28,25997628
1714348800000,2024-04-29,24328717
1714435200000,2024-04-30,28425540
1714521600000,2024-05-01,26011412
1714608000000,2024-05-02,25678332
1714694400000,2024-05-03,26816094
1714780800000,2024-05-04,27981662
1714867200000,2024-05-05,28375170
1714953600000,2024-05-06,28906624
1715040000000,2024-05-07,27888775
1715126400000,2024-05-08,29561373
1715212800000,2024-05-09,30463919
1715299200000,2024-05-10,30957657
1715385600000,2024-05-11,30964297
1715472000000,2024-05-12,30516930
1715558400000,2024-05-13,26903662
1715644800000,2024-05-14,26235845
1715731200000,2024-05-15,27706756
1715817600000,2024-05-16,28393144
1715904000000,2024-05-17,30334376
1715990400000,2024-05-18,31573365
1716076800000,2024-05-19,33403038
1716163200000,2024-05-20,28546547
1716249600000,2024-05-21,31484673
1716336000000,2024-05-22,30237876
1716422400000,2024-05-23,29969694
1716508800000,2024-05-24,31985611
1716595200000,2024-05-25,31654172
1716681600000,2024-05-26,30774109
1716768000000,2024-05-27,31549333
1716854400000,2024-05-28,32229344
1716940800000,2024-05-29,30292383
1717027200000,2024-05-30,31759061
1717113600000,2024-05-31,30395990
1717200000000,2024-06-01,33592588
1717286400000,2024-06-02,30367888
1717372800000,2024-06-03,29948186
1717459200000,2024-06-04,32699606
1717545600000,2024-06-05,34021446
1717632000000,2024-06-06,33372743
1717718400000,2024-06-07,32648379
1717804800000,2024-06-08,32777077
1717891200000,2024-06-09,31755819
1717977600000,2024-06-10,35156031
1718064000000,2024-06-11,33465668
1718150400000,2024-06-12,36759011
1718236800000,2024-06-13,38414036
1718323200000,2024-06-14,38547749
1718409600000,2024-06-15,38260861
1718496000000,2024-06-16,38345864
1718582400000,2024-06-17,38015997
1718668800000,2024-06-18,35414883
1718755200000,2024-06-19,36974511
1718841600000,2024-06-20,36965604
1718928000000,2024-06-21,37286709
1719014400000,2024-06-22,31717125
1719100800000,2024-06-23,37989656
1719187200000,2024-06-24,38960129
1719273600000,2024-06-25,39648900
1719360000000,2024-06-26,41255482
1719446400000,2024-06-27,39369349
1719532800000,2024-06-28,42667118
1719619200000,2024-06-29,43066141
1719705600000,2024-06-30,43630218
1719792000000,2024-07-01,42399342
1719878400000,2024-07-02,44040348
1719964800000,2024-07-03,43883860
1720051200000,2024-07-04,43191813
1720137600000,2024-07-05,43147214
1720224000000,2024-07-06,44807938
1720310400000,2024-07-07,44926649
1720396800000,2024-07-08,42422726
1720483200000,2024-07-09,45155896
1720569600000,2024-07-10,46543354
1720742400000,2024-07-12,44441389
1720828800000,2024-07-13,44783026
1720915200000,2024-07-14,45190533
1721001600000,2024-07-15,45173997
1721088000000,2024-07-16,45715514
1721174400000,2024-07-17,41283002
1721260800000,2024-07-18,43168875
1721347200000,2024-07-19,42068307
1721433600000,2024-07-20,45230841
1721520000000,2024-07-21,42877324
1721606400000,2024-07-22,43207283
1721692800000,2024-07-23,43583516
1721779200000,2024-07-24,43683869
1721865600000,2024-07-25,46829181
1721952000000,2024-07-26,44223344
1722038400000,2024-07-27,44169660
1722124800000,2024-07-28,40267420
1722211200000,2024-07-29,44350769
1722297600000,2024-07-30,45340544
1722384000000,2024-07-31,38665651
1722470400000,2024-08-01,37920537
1722556800000,2024-08-02,36872625
1722643200000,2024-08-03,37519907
1722729600000,2024-08-04,36788925
1722816000000,2024-08-05,30412320
1722902400000,2024-08-06,33409506
1722988800000,2024-08-07,33454936
1723075200000,2024-08-08,34803152
1723161600000,2024-08-09,37975013
1723248000000,2024-08-10,37294985
1723334400000,2024-08-11,35640204
1723420800000,2024-08-12,39488865
1723507200000,2024-08-13,37794940
1723593600000,2024-08-14,39980842
1723680000000,2024-08-15,37297927
1723766400000,2024-08-16,38389171
1723852800000,2024-08-17,37056466
1723939200000,2024-08-18,35399630
1724025600000,2024-08-19,34217213
1724112000000,2024-08-20,36592674
1724198400000,2024-08-21,35834439
1724284800000,2024-08-22,34677265
1724371200000,2024-08-23,35035435
1724457600000,2024-08-24,35530062
1724544000000,2024-08-25,33085584
1724630400000,2024-08-26,34157409
1724716800000,2024-08-27,33149304
1724803200000,2024-08-28,31634834
1724889600000,2024-08-29,33495021
1724976000000,2024-08-30,33309153
1725062400000,2024-08-31,29424063
1725148800000,2024-09-01,29530723
1725235200000,2024-09-02,34352009
1725321600000,2024-09-03,35094014
1725408000000,2024-09-04,35941412
1725494400000,2024-09-05,36587834
1725580800000,2024-09-06,37772947
1725667200000,2024-09-07,35120328
1725753600000,2024-09-08,33147494
1725840000000,2024-09-09,39656745
1725926400000,2024-09-10,40624927
1726012800000,2024-09-11,38240465
1726099200000,2024-09-12,37206202
1726185600000,2024-09-13,35618624
1726272000000,2024-09-14,35859473
1726358400000,2024-09-15,33410429
1726444800000,2024-09-16,33928749
1726531200000,2024-09-17,37147162
1726617600000,2024-09-18,35673945
1726704000000,2024-09-19,36725661
1726790400000,2024-09-20,38460681
1726876800000,2024-09-21,32913199
1726963200000,2024-09-22,35737768
1727049600000,2024-09-23,35917484
1727136000000,2024-09-24,36202174
1727222400000,2024-09-25,35968200
1727308800000,2024-09-26,39075925
1727395200000,2024-09-27,38392704
1727481600000,2024-09-28,39041682
1727568000000,2024-09-29,38933647
1727654400000,2024-09-30,36501815
1727740800000,2024-10-01,40174477
1727827200000,2024-10-02,37833426
1727913600000,2024-10-03,40371741
1728000000000,2024-10-04,37766352
1728086400000,2024-10-05,34589949
1728172800000,2024-10-06,38377886
1728259200000,2024-10-07,39270358
1728345600000,2024-10-08,39876065
1728432000000,2024-10-09,39343502
1728518400000,2024-10-10,40414245
1728604800000,2024-10-11,41619258
1728691200000,2024-10-12,41518714
1728777600000,2024-10-13,38519408
1728864000000,2024-10-14,42977436
1728950400000,2024-10-15,43872794
1729036800000,2024-10-16,43156519
1729123200000,2024-10-17,44808806
1729209600000,2024-10-18,45230263
1729296000000,2024-10-19,43241612
1729382400000,2024-10-20,41520325
1729468800000,2024-10-21,43627825
1729555200000,2024-10-22,45360494
1729641600000,2024-10-23,42672036
1729728000000,2024-10-24,38482323
1729814400000,2024-10-25,40667514
1729900800000,2024-10-26,40250682
1729987200000,2024-10-27,38717016
1730073600000,2024-10-28,43351607
1730160000000,2024-10-29,44128905
1730246400000,2024-10-30,44589484
1730332800000,2024-10-31,40558562
1730419200000,2024-11-01,40800685
1730505600000,2024-11-02,39244316
1730592000000,2024-11-03,37566900
1730678400000,2024-11-04,41592690
1730764800000,2024-11-05,43615401
1730851200000,2024-11-06,42571820
1730937600000,2024-11-07,41516105
1731024000000,2024-11-08,39922652
1731110400000,2024-11-09,39552145
1731196800000,2024-11-10,42339897
1731283200000,2024-11-11,42661074
1731369600000,2024-11-12,47126301
1731456000000,2024-11-13,43309334
1731542400000,2024-11-14,45305633
1731628800000,2024-11-15,44844571
1731715200000,2024-11-16,49189189
1731801600000,2024-11-17,43538940
1731888000000,2024-11-18,47535809
1731974400000,2024-11-19,51103776
1732060800000,2024-11-20,53765984
1732147200000,2024-11-21,53762341
1732233600000,2024-11-22,53332616
1732320000000,2024-11-23,51006582
1732406400000,2024-11-24,52738516
1732492800000,2024-11-25,52925463
1732579200000,2024-11-26,54158119
1732665600000,2024-11-27,58553046
1732752000000,2024-11-28,59319470
1732838400000,2024-11-29,51141326
1732924800000,2024-11-30,47365735
1733011200000,2024-12-01,50339924
1733097600000,2024-12-02,52118604
1733184000000,2024-12-03,57067824
1733270400000,2024-12-04,51160347
1733356800000,2024-12-05,52831935
1733443200000,2024-12-06,51475989
1733529600000,2024-12-07,50938464
1733616000000,2024-12-08,46279378
1733702400000,2024-12-09,54465885
1733788800000,2024-12-10,57020037
1733875200000,2024-12-11,57127917
1733961600000,2024-12-12,58160846
1734048000000,2024-12-13,60040642
1734134400000,2024-12-14,53595031
1734220800000,2024-12-15,59386472
1734307200000,2024-12-16,62677257
1734393600000,2024-12-17,65973761
1734480000000,2024-12-18,62443127
1734566400000,2024-12-19,63024582
1734652800000,2024-12-20,61232812
1734739200000,2024-12-21,65379976
1734825600000,2024-12-22,67141540
1734912000000,2024-12-23,72798208
1734998400000,2024-12-24,67047095
1735084800000,2024-12-25,58067884
1735171200000,2024-12-26,67173293
1735257600000,2024-12-27,67173958
1735344000000,2024-12-28,62937998
1735430400000,2024-12-29,62310780
1735516800000,2024-12-30,58182606
1735603200000,2024-12-31,55818572
1735689600000,2025-01-01,57070187
1735776000000,2025-01-02,65526581
1735862400000,2025-01-03,64880825
1735948800000,2025-01-04,63545955
1736035200000,2025-01-05,65044104
1736121600000,2025-01-06,61607616
1736208000000,2025-01-07,65860368
1736294400000,2025-01-08,63113259
1736380800000,2025-01-09,63714193
1736467200000,2025-01-10,61421616
1736553600000,2025-01-11,61543531
1736640000000,2025-01-12,59082348
1736726400000,2025-01-13,55926419
1736812800000,2025-01-14,60293490
1736899200000,2025-01-15,63341961
1736985600000,2025-01-16,62897614
1737072000000,2025-01-17,66707117
1737158400000,2025-01-18,51840673
1737244800000,2025-01-19,60582309
1737331200000,2025-01-20,68628293
1737417600000,2025-01-21,67823036
1737504000000,2025-01-22,71013691
1737590400000,2025-01-23,76752544
1737676800000,2025-01-24,71085162
1737763200000,2025-01-25,68295083
1737849600000,2025-01-26,67281998
1737936000000,2025-01-27,70077913
1738022400000,2025-01-28,63647895
1738108800000,2025-01-29,62639813
1738195200000,2025-01-30,60274380
1738281600000,2025-01-31,59424838
1738368000000,2025-02-01,55676476
1738454400000,2025-02-02,63085900
1738540800000,2025-02-03,62081552
1738627200000,2025-02-04,63323885
1738713600000,2025-02-05,63624713
1738800000000,2025-02-06,63640230
1738886400000,2025-02-07,58014532
1738972800000,2025-02-08,57904760
1739059200000,2025-02-09,57488427
1739145600000,2025-02-10,57111177
1739232000000,2025-02-11,60793736
1739318400000,2025-02-12,61264800
1739404800000,2025-02-13,59855768
1739491200000,2025-02-14,59168521
1739577600000,2025-02-15,56087106
1739664000000,2025-02-16,58700170
1739750400000,2025-02-17,59457761
1739836800000,2025-02-18,54426914
1739923200000,2025-02-19,52748430
1740009600000,2025-02-20,54543854
1740096000000,2025-02-21,53105096
1740182400000,2025-02-22,47861455
1740268800000,2025-02-23,50152426
1740355200000,2025-02-24,56146104
1740441600000,2025-02-25,52525204
1740528000000,2025-02-26,54470020
1740614400000,2025-02-27,54268671
1740700800000,2025-02-28,53858692
1740787200000,2025-03-01,44651879
1740873600000,2025-03-02,53018338
1740960000000,2025-03-03,56427471
1741046400000,2025-03-04,58810473
1741132800000,2025-03-05,55948203
1741219200000,2025-03-06,55868781
1741305600000,2025-03-07,56015575
1741392000000,2025-03-08,47290065
1741478400000,2025-03-09,46647877
1741564800000,2025-03-10,49138623
1741651200000,2025-03-11,48027080
1741737600000,2025-03-12,49679677
1741824000000,2025-03-13,48364116
1741910400000,2025-03-14,49733244
1741996800000,2025-03-15,41381065
1742083200000,2025-03-16,46747731
1742169600000,2025-03-17,53193393
1742256000000,2025-03-18,52865573
1742342400000,2025-03-19,50665587
1742428800000,2025-03-20,47087418
1742515200000,2025-03-21,43500545
1742601600000,2025-03-22,46844257
1742688000000,2025-03-23,46422269
1742774400000,2025-03-24,53126699
1742860800000,2025-03-25,49903110
1742947200000,2025-03-26,46963322
1743033600000,2025-03-27,46795694
1743120000000,2025-03-28,48851277
1743206400000,2025-03-29,46905312
1743292800000,2025-03-30,47626303
1743379200000,2025-03-31,46833480
1743465600000,2025-04-01,47029578
1743552000000,2025-04-02,47265383
1743638400000,2025-04-03,47476207
1743724800000,2025-04-04,47795251
1743811200000,2025-04-05,45827751
1743897600000,2025-04-06,47437114
1743984000000,2025-04-07,52430965
1744070400000,2025-04-08,47954065
1744156800000,2025-04-09,51494817
1744243200000,2025-04-10,49272450
1744329600000,2025-04-11,53635842
1744416000000,2025-04-12,50830558
1744502400000,2025-04-13,50080767
1744588800000,2025-04-14,53104327
1744675200000,2025-04-15,55655079
1744761600000,2025-04-16,55673131
1744848000000,2025-04-17,52455649
1744934400000,2025-04-18,50477721
1745020800000,2025-04-19,51524962
1745107200000,2025-04-20,51393405
1745193600000,2025-04-21,55877641
1745280000000,2025-04-22,56783176
1745366400000,2025-04-23,60197047
1745452800000,2025-04-24,57077870
1745539200000,2025-04-25,58706850
1745625600000,2025-04-26,58970209
1745712000000,2025-04-27,54924022
1745798400000,2025-04-28,60634438
1745884800000,2025-04-29,56869019
1745971200000,2025-04-30,58554233
1746057600000,2025-05-01,59919715
1746144000000,2025-05-02,56550320
1746230400000,2025-05-03,57559866
1746316800000,2025-05-04,58562472
1746403200000,2025-05-05,59779867
1746489600000,2025-05-06,58632070
1746576000000,2025-05-07,61923486
1746662400000,2025-05-08,62214265
1746748800000,2025-05-09,62610435
1746835200000,2025-05-10,62907975
1746921600000,2025-05-11,57051858
1747008000000,2025-05-12,59871498
1747094400000,2025-05-13,62037846
1747180800000,2025-05-14,61609707
1747267200000,2025-05-15,59986257
1747353600000,2025-05-16,64180712
1747440000000,2025-05-17,64090308
1747526400000,2025-05-18,60993825
1747612800000,2025-05-19,64886940
1747699200000,2025-05-20,69517738
1747785600000,2025-05-21,65284057
1747872000000,2025-05-22,68291795
1747958400000,2025-05-23,68213298
1748044800000,2025-05-24,61440813
1748131200000,2025-05-25,61613259
1748217600000,2025-05-26,64879732
1748304000000,2025-05-27,65171032
1748390400000,2025-05-28,63151353
1748476800000,2025-05-29,62106657
1748563200000,2025-05-30,61262872
1748649600000,2025-05-31,60403355
1748736000000,2025-06-01,66770339
1748822400000,2025-06-02,68364509
1748908800000,2025-06-03,68215915
1748995200000,2025-06-04,65351250
1749081600000,2025-06-05,71408075
1749168000000,2025-06-06,71335563
1749254400000,2025-06-07,65508069
1749340800000,2025-06-08,60768876
1749427200000,2025-06-09,68033388
1749513600000,2025-06-10,69280561
1749600000000,2025-06-11,72307649
1749686400000,2025-06-12,71021689
1749772800000,2025-06-13,71664582
1749859200000,2025-06-14,66925337
1749945600000,2025-06-15,66054603
1750032000000,2025-06-16,76638557
1750118400000,2025-06-17,74648167
1750204800000,2025-06-18,70475836
1750291200000,2025-06-19,72750750
1750377600000,2025-06-20,74546344
1750464000000,2025-06-21,75442228
1750550400000,2025-06-22,68406574
1750636800000,2025-06-23,67830563
1750723200000,2025-06-24,71493645
1750809600000,2025-06-25,78509706
1750896000000,2025-06-26,79270962
1750982400000,2025-06-27,78394826
1751068800000,2025-06-28,71535333
1751155200000,2025-06-29,65024511
1751241600000,2025-06-30,73563602
1751328000000,2025-07-01,77265872
1751414400000,2025-07-02,80100675
1751500800000,2025-07-03,81717520
1751587200000,2025-07-04,75105593
1751673600000,2025-07-05,76516675
1751760000000,2025-07-06,85807398
1751846400000,2025-07-07,86459514
1751932800000,2025-07-08,82171657
1752019200000,2025-07-09,84821268
1752105600000,2025-07-10,84709515
1752192000000,2025-07-11,87956790
1752278400000,2025-07-12,85383706
1752364800000,2025-07-13,83686757
1752451200000,2025-07-14,85360951
1752537600000,2025-07-15,84448297
1752624000000,2025-07-16,85774100
1752710400000,2025-07-17,88783182
1752796800000,2025-07-18,86500840
1752883200000,2025-07-19,77955394
1752969600000,2025-07-20,82454083
1753056000000,2025-07-21,89877497
1753142400000,2025-07-22,94923515
1753228800000,2025-07-23,89069134
1753315200000,2025-07-24,92803564
1753401600000,2025-07-25,89853885
1753488000000,2025-07-26,78527397
1753574400000,2025-07-27,78087025
1753660800000,2025-07-28,89454520
1753747200000,2025-07-29,89153790
1753833600000,2025-07-30,89569961
1753920000000,2025-07-31,85057412
1754006400000,2025-08-01,76776273
1754092800000,2025-08-02,74510445
1754179200000,2025-08-03,74708373
1754265600000,2025-08-04,83465347
1754352000000,2025-08-05,79640845
1754438400000,2025-08-06,73754046
1754524800000,2025-08-07,79710974
1754611200000,2025-08-08,78311664
1754697600000,2025-08-09,74857826
1754784000000,2025-08-10,73445993
1754870400000,2025-08-11,77545610
1754956800000,2025-08-12,76939406
1755043200000,2025-08-13,78200524
1755129600000,2025-08-14,79880313
1755216000000,2025-08-15,73644534
1755302400000,2025-08-16,63133836
1755388800000,2025-08-17,61081828
1755475200000,2025-08-18,68141973
1755561600000,2025-08-19,69615943
1755648000000,2025-08-20,67540345
1755734400000,2025-08-21,68657182
1755820800000,2025-08-22,69678748
1755907200000,2025-08-23,59123673
1755993600000,2025-08-24,63252780
1756080000000,2025-08-25,67988013
1756166400000,2025-08-26,63542805
1756252800000,2025-08-27,67233974
1756339200000,2025-08-28,65282657
1756425600000,2025-08-29,66529196
1756512000000,2025-08-30,56487781
1756598400000,2025-08-31,54191858
1756684800000,2025-09-01,62337907
1756771200000,2025-09-02,62155360
1756857600000,2025-09-03,60086781
1756944000000,2025-09-04,60086781