Date,REV ($)
2025-09-09,"1,059,654.54"
2025-09-08,"1,014,923.56"
2025-09-07,"548,190.01"
2025-09-06,"672,301.16"
2025-09-05,"1,179,088.21"
2025-09-04,"1,194,920.26"
2025-09-03,"1,146,946.69"
2025-09-02,"1,075,435.15"
2025-09-01,"7,004,931.52"
2025-08-31,"721,309.55"
2025-08-30,"662,186.27"
2025-08-29,"1,398,589.46"
2025-08-28,"1,279,263.69"
2025-08-27,"1,765,249.22"
2025-08-26,"1,293,472.14"
2025-08-25,"1,806,797.76"
2025-08-24,"1,526,129.27"
2025-08-23,"1,092,144.45"
2025-08-22,"3,172,541.93"
2025-08-21,"1,319,341.86"
2025-08-20,"1,401,372.21"
2025-08-19,"1,493,165.30"
2025-08-18,"1,418,271.12"
2025-08-17,"955,649.55"
2025-08-16,"846,050.57"
2025-08-15,"1,857,015.43"
2025-08-14,"3,911,197.39"
2025-08-13,"3,232,780.45"
2025-08-12,"2,354,370.43"
2025-08-11,"1,631,218.01"
2025-08-10,"1,222,770.47"
2025-08-09,"1,490,881.41"
2025-08-08,"1,414,021.18"
2025-08-07,"1,175,055.45"
2025-08-06,"948,090.63"
2025-08-05,"1,332,668.40"
2025-08-04,"915,336.11"
2025-08-03,"641,382.96"
2025-08-02,"863,895.84"
2025-08-01,"1,413,102.72"
2025-07-31,"2,310,184.70"
2025-07-30,"2,440,313.72"
2025-07-29,"2,503,320.83"
2025-07-28,"1,209,560.78"
2025-07-27,"835,644.28"
2025-07-26,"806,578.00"
2025-07-25,"1,324,026.57"
2025-07-24,"1,467,525.03"
2025-07-23,"1,622,823.33"
2025-07-22,"1,899,991.81"
2025-07-21,"2,434,861.61"
2025-07-20,"2,165,055.18"
2025-07-19,"1,116,832.56"
2025-07-18,"3,578,758.63"
2025-07-17,"4,409,276.75"
2025-07-16,"3,387,612.58"
2025-07-15,"2,042,766.46"
2025-07-14,"2,610,314.27"
2025-07-13,"1,057,098.80"
2025-07-12,"940,252.62"
2025-07-11,"2,845,750.79"
2025-07-10,"2,654,694.76"
2025-07-09,"1,809,433.84"
2025-07-08,"1,065,803.75"
2025-07-07,"1,226,150.65"
2025-07-06,"637,057.78"
2025-07-05,"593,482.67"
2025-07-04,"801,252.51"
2025-07-03,"1,037,551.65"
2025-07-02,"1,145,377.25"
2025-07-01,"1,111,302.68"
2025-06-30,"1,288,433.24"
2025-06-29,"609,646.75"
2025-06-28,"585,797.13"
2025-06-27,"934,461.20"
2025-06-26,"1,746,387.95"
2025-06-25,"1,907,204.91"
2025-06-24,"2,126,235.29"
2025-06-23,"2,289,338.85"
2025-06-22,"1,895,577.07"
2025-06-21,"1,447,927.95"
2025-06-20,"1,314,387.35"
2025-06-19,"1,177,545.61"
2025-06-18,"1,023,559.39"
2025-06-17,"1,350,589.73"
2025-06-16,"1,355,640.31"
2025-06-15,"605,042.10"
2025-06-14,"580,224.84"
2025-06-13,"1,768,283.05"
2025-06-12,"2,382,288.22"
2025-06-11,"2,143,271.24"
2025-06-10,"2,448,757.09"
2025-06-09,"1,791,955.38"
2025-06-08,"779,430.35"
2025-06-07,"771,079.83"
2025-06-06,"1,524,327.22"
2025-06-05,"2,667,283.50"
2025-06-04,"1,794,575.26"
2025-06-03,"1,960,425.90"
2025-06-02,"1,663,856.29"
2025-06-01,"1,001,035.70"
2025-05-31,"1,057,890.09"
2025-05-30,"2,274,582.37"
2025-05-29,"2,296,532.33"
2025-05-28,"1,950,472.82"
2025-05-27,"2,394,083.79"
2025-05-26,"1,057,289.09"
2025-05-25,"764,213.01"
2025-05-24,"728,678.06"
2025-05-23,"2,225,464.34"
2025-05-22,"2,365,686.20"
2025-05-21,"1,903,617.40"
2025-05-20,"1,293,118.79"
2025-05-19,"1,242,010.08"
2025-05-18,"1,204,353.71"
2025-05-17,"826,842.83"
2025-05-16,"1,546,723.51"
2025-05-15,"1,862,513.35"
2025-05-14,"1,777,242.00"
2025-05-13,"2,550,483.19"
2025-05-12,"2,963,640.31"
2025-05-11,"2,586,542.95"
2025-05-10,"2,366,079.33"
2025-05-09,"3,010,179.85"
2025-05-08,"3,076,000.43"
2025-05-07,"821,892.23"
2025-05-06,"622,019.33"
2025-05-05,"536,883.07"
2025-05-04,"415,677.95"
2025-05-03,"369,161.51"
2025-05-02,"550,981.07"
2025-05-01,"696,408.43"
2025-04-30,"601,950.46"
2025-04-29,"558,193.89"
2025-04-28,"756,488.59"
2025-04-27,"507,701.38"
2025-04-26,"526,643.65"
2025-04-25,"843,483.32"
2025-04-24,"1,251,934.59"
2025-04-23,"1,114,637.65"
2025-04-22,"1,502,647.63"
2025-04-21,"597,793.17"
2025-04-20,"412,770.25"
2025-04-19,"320,534.70"
2025-04-18,"413,306.61"
2025-04-17,"477,815.54"
2025-04-16,"673,625.25"
2025-04-15,"610,319.27"
2025-04-14,"990,337.88"
2025-04-13,"902,201.47"
2025-04-12,"662,589.98"
2025-04-11,"943,404.49"
2025-04-10,"1,672,310.02"
2025-04-09,"2,086,497.95"
2025-04-08,"903,828.72"
2025-04-07,"5,385,094.25"
2025-04-06,"4,763,239.48"
2025-04-05,"460,194.32"
2025-04-04,"784,344.24"
2025-04-03,"834,536.06"
2025-04-02,"1,234,889.72"
2025-04-01,"1,136,634.35"
2025-03-31,"730,396.03"
2025-03-30,"823,986.23"
2025-03-29,"594,815.35"
2025-03-28,"1,083,268.78"
2025-03-27,"626,972.66"
2025-03-26,"642,595.18"
2025-03-25,"595,338.39"
2025-03-24,"704,745.07"
2025-03-23,"387,410.56"
2025-03-22,"415,969.88"
2025-03-21,"558,752.08"
2025-03-20,"668,375.13"
2025-03-19,"1,099,047.94"
2025-03-18,"614,400.80"
2025-03-17,"643,481.02"
2025-03-16,"565,165.47"
2025-03-15,"469,942.22"
2025-03-14,"731,811.84"
2025-03-13,"766,817.58"
2025-03-12,"1,356,462.24"
2025-03-11,"3,061,995.44"
2025-03-10,"5,192,618.05"
2025-03-09,"1,172,148.34"
2025-03-08,"763,482.05"
2025-03-07,"1,656,404.39"
2025-03-06,"1,059,294.04"
2025-03-05,"1,004,888.13"
2025-03-04,"3,012,543.45"
2025-03-03,"2,014,062.62"
2025-03-02,"3,202,147.56"
2025-03-01,"951,403.93"
2025-02-28,"3,939,626.36"
2025-02-27,"1,287,722.69"
2025-02-26,"2,501,062.28"
2025-02-25,"4,538,784.80"
2025-02-24,"1,876,550.89"
2025-02-23,"1,015,559.56"
2025-02-22,"1,039,124.45"
2025-02-21,"2,298,937.77"
2025-02-20,"1,105,326.58"
2025-02-19,"915,110.04"
2025-02-18,"1,464,140.76"
2025-02-17,"4,669,960.11"
2025-02-16,"722,970.14"
2025-02-15,"671,909.82"
2025-02-14,"1,107,383.25"
2025-02-13,"1,713,435.15"
2025-02-12,"1,806,714.71"
2025-02-11,"1,474,663.58"
2025-02-10,"1,188,364.26"
2025-02-09,"1,122,456.02"
2025-02-08,"836,065.49"
2025-02-07,"1,488,748.22"
2025-02-06,"1,700,895.19"
2025-02-05,"1,522,712.74"
2025-02-04,"2,623,222.81"
2025-02-03,"26,002,577.14"
2025-02-02,"5,097,093.72"
2025-02-01,"1,632,043.03"
2025-01-31,"2,641,144.42"
2025-01-30,"2,073,441.83"
2025-01-29,"2,101,642.49"
2025-01-28,"2,736,907.91"
2025-01-27,"5,116,618.89"
2025-01-26,"2,720,882.25"
2025-01-25,"2,739,633.25"
2025-01-24,"6,449,234.53"
2025-01-23,"5,797,719.90"
2025-01-22,"4,483,886.23"
2025-01-21,"6,715,316.37"
2025-01-20,"16,066,737.99"
2025-01-19,"17,171,976.42"
2025-01-18,"6,970,767.67"
2025-01-17,"4,479,418.76"
2025-01-16,"3,370,928.63"
2025-01-15,"4,058,548.59"
2025-01-14,"3,148,745.84"
2025-01-13,"4,762,550.01"
2025-01-12,"1,516,721.59"
2025-01-11,"1,761,552.75"
2025-01-10,"3,632,604.82"
2025-01-09,"4,051,385.82"
2025-01-08,"4,582,059.75"
2025-01-07,"5,475,726.15"
2025-01-06,"6,927,484.04"
2025-01-05,"3,909,383.17"
2025-01-04,"4,784,359.03"
2025-01-03,"5,614,019.63"
2025-01-02,"9,375,459.00"
2025-01-01,"7,760,843.60"
2024-12-31,"4,716,999.62"
2024-12-30,"3,514,394.84"
2024-12-29,"2,262,488.07"
2024-12-28,"2,359,422.71"
2024-12-27,"3,083,290.59"
2024-12-26,"3,322,884.98"
2024-12-25,"2,801,542.28"
2024-12-24,"3,527,256.47"
2024-12-23,"4,573,515.66"
2024-12-22,"3,247,102.97"
2024-12-21,"4,068,310.65"
2024-12-20,"9,687,401.27"
2024-12-19,"10,474,199.51"
2024-12-18,"9,393,492.47"
2024-12-17,"8,631,944.28"
2024-12-16,"9,281,701.52"
2024-12-15,"4,821,993.49"
2024-12-14,"5,251,407.20"
2024-12-13,"7,600,444.59"
2024-12-12,"10,244,067.16"
2024-12-11,"9,174,330.03"
2024-12-10,"13,173,685.56"
2024-12-09,"14,703,126.93"
2024-12-08,"5,549,316.62"
2024-12-07,"6,913,877.62"
2024-12-06,"11,304,991.72"
2024-12-05,"12,392,676.34"
2024-12-04,"12,380,583.28"
2024-12-03,"12,760,727.06"
2024-12-02,"12,451,281.60"
2024-12-01,"6,623,697.82"
2024-11-30,"5,116,133.40"
2024-11-29,"5,086,004.13"
2024-11-28,"5,217,174.30"
2024-11-27,"7,104,639.37"
2024-11-26,"5,685,665.25"
2024-11-25,"6,567,484.18"
2024-11-24,"4,638,800.55"
2024-11-23,"6,510,724.01"
2024-11-22,"6,171,151.25"
2024-11-21,"7,592,285.16"
2024-11-20,"5,673,655.69"
2024-11-19,"6,730,906.40"
2024-11-18,"6,492,955.47"
2024-11-17,"5,049,742.25"
2024-11-16,"5,856,759.53"
2024-11-15,"8,214,969.80"
2024-11-14,"12,779,397.51"
2024-11-13,"18,951,100.95"
2024-11-12,"13,154,766.33"
2024-11-11,"11,428,277.38"
2024-11-10,"7,692,507.09"
2024-11-09,"4,530,361.06"
2024-11-08,"5,928,147.49"
2024-11-07,"7,104,619.28"
2024-11-06,"8,107,875.22"
2024-11-05,"2,891,506.32"
2024-11-04,"2,688,787.47"
2024-11-03,"2,306,945.66"
2024-11-02,"2,278,057.94"
2024-11-01,"3,504,549.19"
2024-10-31,"3,960,507.74"
2024-10-30,"5,439,914.22"
2024-10-29,"4,609,931.77"
2024-10-28,"3,715,910.66"
2024-10-27,"2,222,014.66"
2024-10-26,"2,246,876.98"
2024-10-25,"3,424,889.80"
2024-10-24,"3,798,589.16"
2024-10-23,"4,525,587.96"
2024-10-22,"4,073,802.61"
2024-10-21,"3,608,448.72"
2024-10-20,"3,522,709.23"
2024-10-19,"4,239,677.86"
2024-10-18,"7,935,468.32"
2024-10-17,"6,775,609.46"
2024-10-16,"5,289,078.36"
2024-10-15,"6,289,234.87"
2024-10-14,"7,356,456.26"
2024-10-13,"4,558,266.55"
2024-10-12,"5,539,455.47"
2024-10-11,"6,543,176.76"
2024-10-10,"4,881,928.61"
2024-10-09,"7,732,496.19"
2024-10-08,"8,233,431.69"
2024-10-07,"7,753,638.18"
2024-10-06,"3,549,617.27"
2024-10-05,"2,635,792.77"
2024-10-04,"2,677,208.26"
2024-10-03,"3,210,357.39"
2024-10-02,"4,427,248.20"
2024-10-01,"6,827,068.59"
2024-09-30,"4,711,171.77"
2024-09-29,"3,446,711.17"
2024-09-28,"3,096,734.04"
2024-09-27,"5,899,463.03"
2024-09-26,"8,165,076.06"
2024-09-25,"8,163,792.15"
2024-09-24,"8,512,095.06"
2024-09-23,"8,415,133.48"
2024-09-22,"4,732,775.72"
2024-09-21,"5,518,230.23"
2024-09-20,"7,081,567.49"
2024-09-19,"6,279,305.87"
2024-09-18,"3,697,045.51"
2024-09-17,"3,636,062.45"
2024-09-16,"3,614,774.23"
2024-09-15,"1,310,466.77"
2024-09-14,"1,368,167.77"
2024-09-13,"1,871,145.86"
2024-09-12,"2,086,110.09"
2024-09-11,"1,787,411.27"
2024-09-10,"2,957,694.02"
2024-09-09,"2,442,180.25"
2024-09-08,"920,655.38"
2024-09-07,"1,349,433.87"
2024-09-06,"4,208,337.12"
2024-09-05,"2,512,783.83"
2024-09-04,"2,489,778.71"
2024-09-03,"1,974,667.90"
2024-09-02,"2,016,266.32"
2024-09-01,"786,429.99"
2024-08-31,"656,435.27"
2024-08-30,"1,084,635.64"
2024-08-29,"1,371,329.85"
2024-08-28,"1,433,885.76"
2024-08-27,"1,975,397.41"
2024-08-26,"1,344,147.35"
2024-08-25,"863,921.14"
2024-08-24,"1,110,346.99"
2024-08-23,"1,469,635.98"
2024-08-22,"1,136,849.29"
2024-08-21,"1,797,420.61"
2024-08-20,"1,602,096.97"
2024-08-19,"1,370,216.09"
2024-08-18,"1,051,911.08"
2024-08-17,"994,097.13"
2024-08-16,"1,233,819.43"
2024-08-15,"2,707,438.55"
2024-08-14,"2,273,423.63"
2024-08-13,"1,975,380.24"
2024-08-12,"2,757,545.68"
2024-08-11,"1,467,491.99"
2024-08-10,"1,102,888.88"
2024-08-09,"2,412,599.61"
2024-08-08,"3,084,695.36"
2024-08-07,"2,601,018.74"
2024-08-06,"2,462,149.57"
2024-08-05,"27,219,845.91"
2024-08-04,"3,796,793.90"
2024-08-03,"1,910,823.21"
2024-08-02,"3,618,470.89"
2024-08-01,"4,762,890.59"
2024-07-31,"4,296,385.26"
2024-07-30,"4,209,383.92"
2024-07-29,"2,229,745.06"
2024-07-28,"1,582,871.07"
2024-07-27,"3,119,137.95"
2024-07-26,"1,955,393.26"
2024-07-25,"3,227,240.50"
2024-07-24,"3,062,312.26"
2024-07-23,"3,563,818.69"
2024-07-22,"4,210,844.62"
2024-07-21,"3,765,853.86"
2024-07-20,"3,550,762.64"
2024-07-19,"4,366,272.66"
2024-07-18,"7,159,925.01"
2024-07-17,"5,930,217.98"
2024-07-16,"5,413,429.20"
2024-07-15,"4,969,644.28"
2024-07-14,"2,347,393.94"
2024-07-13,"2,029,548.06"
2024-07-12,"2,399,992.32"
2024-07-11,"3,325,973.89"
2024-07-10,"3,736,755.28"
2024-07-09,"2,655,040.52"
2024-07-08,"2,710,237.06"
2024-07-07,"1,414,589.21"
2024-07-06,"1,596,240.59"
2024-07-05,"6,970,037.30"
2024-07-04,"4,715,646.75"
2024-07-03,"4,840,985.99"
2024-07-02,"3,079,578.69"
2024-07-01,"3,633,703.35"
2024-06-30,"2,116,935.18"
2024-06-29,"1,626,076.89"
2024-06-28,"3,321,316.95"
2024-06-27,"4,379,584.32"
2024-06-26,"3,457,689.43"
2024-06-25,"3,520,946.73"
2024-06-24,"3,990,909.66"
2024-06-23,"2,155,408.90"
2024-06-22,"2,087,214.51"
2024-06-21,"3,400,246.21"
2024-06-20,"5,555,048.15"
2024-06-19,"4,658,447.68"
2024-06-18,"5,460,707.57"
2024-06-17,"4,641,311.08"
2024-06-16,"2,914,767.34"
2024-06-15,"3,082,908.16"
2024-06-14,"5,849,347.64"
2024-06-13,"8,662,500.42"
2024-06-12,"8,675,302.86"
2024-06-11,"8,017,214.36"
2024-06-10,"6,627,498.61"
2024-06-09,"4,697,086.57"
2024-06-08,"4,911,682.25"
2024-06-07,"9,460,520.75"
2024-06-06,"11,153,739.12"
2024-06-05,"10,336,669.79"
2024-06-04,"6,308,423.21"
2024-06-03,"7,616,697.80"
2024-06-02,"5,887,325.57"
2024-06-01,"4,880,766.50"
2024-05-31,"7,223,555.64"
2024-05-30,"8,191,969.99"
2024-05-29,"7,452,707.87"
2024-05-28,"9,401,946.23"
2024-05-27,"9,014,840.31"
2024-05-26,"4,028,139.13"
2024-05-25,"3,373,973.84"
2024-05-24,"5,734,120.52"
2024-05-23,"9,363,937.02"
2024-05-22,"7,123,693.75"
2024-05-21,"8,450,333.54"
2024-05-20,"8,828,493.71"
2024-05-19,"2,159,963.34"
2024-05-18,"2,079,886.14"
2024-05-17,"3,057,148.91"
2024-05-16,"2,875,276.44"
2024-05-15,"3,899,387.56"
2024-05-14,"3,547,852.83"
2024-05-13,"4,176,711.88"
2024-05-12,"1,977,798.00"
2024-05-11,"2,213,095.94"
2024-05-10,"3,175,345.88"
2024-05-09,"2,579,900.98"
2024-05-08,"2,729,824.81"
2024-05-07,"3,314,597.06"
2024-05-06,"3,189,457.31"
2024-05-05,"2,963,728.69"
2024-05-04,"2,890,451.40"
2024-05-03,"3,659,587.64"
2024-05-02,"3,835,443.48"
2024-05-01,"4,950,906.41"
2024-04-30,"6,903,555.52"
2024-04-29,"4,356,281.64"
2024-04-28,"3,843,054.80"
2024-04-27,"3,192,037.78"
2024-04-26,"3,646,328.94"
2024-04-25,"5,727,498.52"
2024-04-24,"8,890,019.23"
2024-04-23,"5,887,562.31"
2024-04-22,"5,421,931.47"
2024-04-21,"3,677,606.33"
2024-04-20,"3,426,717.83"
2024-04-19,"5,818,530.93"
2024-04-18,"5,444,411.32"
2024-04-17,"8,121,605.42"
2024-04-16,"5,564,644.48"
2024-04-15,"7,545,617.96"
2024-04-14,"5,891,123.56"
2024-04-13,"20,807,399.86"
2024-04-12,"14,500,840.77"
2024-04-11,"10,248,970.83"
2024-04-10,"9,384,767.73"
2024-04-09,"12,453,696.62"
2024-04-08,"11,798,107.32"
2024-04-07,"7,185,028.10"
2024-04-06,"6,090,201.61"
2024-04-05,"9,539,023.75"
2024-04-04,"12,724,675.79"
2024-04-03,"13,959,899.45"
2024-04-02,"16,217,467.43"
2024-04-01,"11,825,376.02"
2024-03-31,"9,668,983.97"
2024-03-30,"9,920,736.88"
2024-03-29,"11,801,716.61"
2024-03-28,"15,330,845.11"
2024-03-27,"15,745,472.73"
2024-03-26,"14,426,270.19"
2024-03-25,"12,153,758.32"
2024-03-24,"8,312,869.82"
2024-03-23,"8,274,547.66"
2024-03-22,"11,448,892.50"
2024-03-21,"13,829,156.97"
2024-03-20,"15,409,526.21"
2024-03-19,"17,658,023.79"
2024-03-18,"16,210,562.50"
2024-03-17,"13,097,563.54"
2024-03-16,"15,934,505.20"
2024-03-15,"20,016,201.92"
2024-03-14,"25,292,792.86"
2024-03-13,"28,740,904.51"
2024-03-12,"30,051,009.74"
2024-03-11,"33,026,325.17"
2024-03-10,"27,968,912.27"
2024-03-09,"25,677,888.00"
2024-03-08,"29,088,637.27"
2024-03-07,"32,143,323.34"
2024-03-06,"35,667,887.13"
2024-03-05,"41,818,674.36"
2024-03-04,"34,120,362.86"
2024-03-03,"21,216,549.06"
2024-03-02,"20,192,926.33"
2024-03-01,"22,120,813.00"
2024-02-29,"27,998,826.32"
2024-02-28,"24,723,953.24"
2024-02-27,"19,464,439.70"
2024-02-26,"15,390,050.55"
2024-02-25,"11,005,312.70"
2024-02-24,"10,598,117.86"
2024-02-23,"15,466,501.13"
2024-02-22,"17,349,031.92"
2024-02-21,"14,704,082.35"
2024-02-20,"14,119,981.66"
2024-02-19,"12,539,821.48"
2024-02-18,"8,086,618.05"
2024-02-17,"7,105,113.74"
2024-02-16,"9,864,278.48"
2024-02-15,"13,472,942.51"
2024-02-14,"9,702,831.67"
2024-02-13,"11,004,685.53"
2024-02-12,"13,707,263.90"
2024-02-11,"9,129,585.88"
2024-02-10,"11,315,411.92"
2024-02-09,"20,363,473.28"
2024-02-08,"17,091,798.14"
2024-02-07,"12,168,350.55"
2024-02-06,"10,560,854.42"
2024-02-05,"5,756,320.24"
2024-02-04,"4,788,768.78"
2024-02-03,"5,926,007.48"
2024-02-02,"6,659,077.43"
2024-02-01,"8,199,348.62"
2024-01-31,"7,915,336.60"
2024-01-30,"8,714,678.32"
2024-01-29,"4,504,234.20"
2024-01-28,"3,768,084.74"
2024-01-27,"4,273,470.97"
2024-01-26,"6,466,540.82"
2024-01-25,"7,595,502.62"
2024-01-24,"3,999,338.36"
2024-01-23,"5,313,332.30"
2024-01-22,"6,250,957.08"
2024-01-21,"4,526,355.80"
2024-01-20,"5,352,589.56"
2024-01-19,"9,721,886.17"
2024-01-18,"11,751,829.02"
2024-01-17,"11,846,411.41"
2024-01-16,"11,268,271.75"
2024-01-15,"7,449,357.81"
2024-01-14,"10,050,817.97"
2024-01-13,"5,829,633.77"
2024-01-12,"8,947,261.83"
2024-01-11,"10,635,704.06"
2024-01-10,"12,412,493.23"
2024-01-09,"7,836,574.11"
2024-01-08,"7,270,900.86"
2024-01-07,"8,055,177.37"
2024-01-06,"5,008,707.06"
2024-01-05,"6,039,410.23"
2024-01-04,"6,842,683.88"
2024-01-03,"12,245,842.49"
2024-01-02,"6,445,686.15"
2024-01-01,"3,924,639.74"
2023-12-31,"4,461,795.99"
2023-12-30,"5,784,255.77"
2023-12-29,"8,611,216.43"
2023-12-28,"9,974,248.48"
2023-12-27,"8,043,084.15"
2023-12-26,"6,940,071.88"
2023-12-25,"6,391,814.62"
2023-12-24,"6,839,531.23"
2023-12-23,"7,048,596.53"
2023-12-22,"9,911,612.03"
2023-12-21,"11,512,017.91"
2023-12-20,"16,057,451.17"
2023-12-19,"14,950,133.99"
2023-12-18,"15,872,881.03"
2023-12-17,"11,244,633.79"
2023-12-16,"14,403,424.62"
2023-12-15,"16,532,614.50"
2023-12-14,"13,174,453.90"
2023-12-13,"13,252,935.68"
2023-12-12,"12,413,661.04"
2023-12-11,"11,088,728.68"
2023-12-10,"9,271,524.46"
2023-12-09,"10,494,672.45"
2023-12-08,"13,010,723.49"
2023-12-07,"14,840,508.01"
2023-12-06,"16,305,714.21"
2023-12-05,"16,164,865.53"
2023-12-04,"13,789,234.10"
2023-12-03,"9,337,000.45"
2023-12-02,"9,453,969.95"
2023-12-01,"11,844,746.25"
2023-11-30,"12,083,046.36"
2023-11-29,"10,509,559.98"
2023-11-28,"10,979,628.15"
2023-11-27,"8,936,854.30"
2023-11-26,"6,782,609.88"
2023-11-25,"6,137,434.52"
2023-11-24,"8,120,975.22"
2023-11-23,"8,882,911.53"
2023-11-22,"10,593,961.68"
2023-11-21,"10,547,123.56"
2023-11-20,"10,183,510.86"
2023-11-19,"5,640,861.29"
2023-11-18,"5,869,509.06"
2023-11-17,"7,539,674.53"
2023-11-16,"9,389,463.94"
2023-11-15,"9,360,310.39"
2023-11-14,"10,238,579.23"
2023-11-13,"13,098,193.03"
2023-11-12,"7,774,015.93"
2023-11-11,"8,067,587.84"
2023-11-10,"11,241,260.27"
2023-11-09,"12,927,876.29"
2023-11-08,"8,210,366.15"
2023-11-07,"7,080,683.65"
2023-11-06,"7,777,950.36"
2023-11-05,"5,203,101.57"
2023-11-04,"4,986,282.25"
2023-11-03,"5,615,927.18"
2023-11-02,"6,626,053.38"
2023-11-01,"6,739,380.75"
2023-10-31,"6,290,149.83"
2023-10-30,"5,755,474.62"
2023-10-29,"3,668,190.83"
2023-10-28,"3,719,728.66"
2023-10-27,"5,267,269.04"
2023-10-26,"6,524,840.47"
2023-10-25,"6,403,177.16"
2023-10-24,"7,045,306.74"
2023-10-23,"5,576,448.58"
2023-10-22,"2,322,861.62"
2023-10-21,"2,337,944.44"
2023-10-20,"3,489,361.94"
2023-10-19,"2,711,206.71"
2023-10-18,"2,876,061.74"
2023-10-17,"2,349,597.51"
2023-10-16,"3,237,086.80"
2023-10-15,"1,570,681.75"
2023-10-14,"1,432,294.39"
2023-10-13,"2,383,643.73"
2023-10-12,"2,229,735.89"
2023-10-11,"2,176,778.58"
2023-10-10,"1,935,380.75"
2023-10-09,"2,300,007.59"
2023-10-08,"1,811,785.31"
2023-10-07,"1,688,671.30"
2023-10-06,"2,186,305.17"
2023-10-05,"2,405,863.75"
2023-10-04,"2,659,190.76"
2023-10-03,"3,213,189.44"
2023-10-02,"4,602,801.87"
2023-10-01,"2,259,422.15"
2023-09-30,"2,293,579.18"
2023-09-29,"2,687,025.58"
2023-09-28,"3,005,259.80"
2023-09-27,"3,043,954.84"
2023-09-26,"4,522,010.97"
2023-09-25,"3,263,667.16"
2023-09-24,"1,930,046.37"
2023-09-23,"2,048,155.44"
2023-09-22,"2,519,953.01"
2023-09-21,"4,461,428.22"
2023-09-20,"3,739,736.24"
2023-09-19,"3,384,065.26"
2023-09-18,"4,278,874.88"
2023-09-17,"2,423,114.26"
2023-09-16,"2,707,054.26"
2023-09-15,"4,005,940.09"
2023-09-14,"4,432,391.18"
2023-09-13,"4,223,481.34"
2023-09-12,"4,005,402.78"
2023-09-11,"5,281,295.18"
2023-09-10,"2,602,040.91"
2023-09-09,"2,841,819.51"
2023-09-08,"4,128,953.04"
2023-09-07,"4,620,502.91"
2023-09-06,"4,816,657.66"
2023-09-05,"4,470,068.70"
2023-09-04,"4,061,370.47"
2023-09-03,"2,992,598.81"
2023-09-02,"3,035,419.74"
2023-09-01,"4,218,869.41"
2023-08-31,"5,290,864.35"
2023-08-30,"5,567,391.38"
2023-08-29,"7,885,413.82"
2023-08-28,"6,410,711.28"
2023-08-27,"3,130,448.38"
2023-08-26,"3,234,484.99"
2023-08-25,"5,615,594.41"
2023-08-24,"4,872,427.82"
2023-08-23,"5,289,302.15"
2023-08-22,"6,948,480.02"
2023-08-21,"5,469,981.96"
2023-08-20,"3,797,001.97"
2023-08-19,"3,664,041.40"
2023-08-18,"5,976,119.57"
2023-08-17,"10,588,390.89"
2023-08-16,"7,915,132.81"
2023-08-15,"6,589,128.27"
2023-08-14,"5,644,120.70"
2023-08-13,"3,903,189.45"
2023-08-12,"3,990,492.10"
2023-08-11,"4,919,033.91"
2023-08-10,"6,026,004.72"
2023-08-09,"5,747,142.31"
2023-08-08,"6,272,044.36"
2023-08-07,"6,208,280.82"
2023-08-06,"3,997,717.36"
2023-08-05,"4,409,326.25"
2023-08-04,"5,192,338.66"
2023-08-03,"5,850,419.56"
2023-08-02,"6,760,295.88"
2023-08-01,"6,033,836.10"
2023-07-31,"6,069,961.51"
2023-07-30,"9,877,857.92"
2023-07-29,"5,579,526.45"
2023-07-28,"9,318,612.11"
2023-07-27,"7,837,538.55"
2023-07-26,"6,838,933.06"
2023-07-25,"7,525,572.34"
2023-07-24,"8,083,052.89"
2023-07-23,"5,385,537.97"
2023-07-22,"5,167,764.32"
2023-07-21,"7,366,181.09"
2023-07-20,"7,065,125.38"
2023-07-19,"6,897,826.30"
2023-07-18,"7,400,623.77"
2023-07-17,"6,101,646.17"
2023-07-16,"4,529,846.85"
2023-07-15,"3,958,414.24"
2023-07-14,"6,644,823.37"
2023-07-13,"8,223,671.84"
2023-07-12,"6,779,719.26"
2023-07-11,"5,694,548.50"
2023-07-10,"5,634,169.12"
2023-07-09,"4,697,122.90"
2023-07-08,"4,982,665.74"
2023-07-07,"7,844,134.66"
2023-07-06,"9,590,944.67"
2023-07-05,"11,471,554.76"
2023-07-04,"7,239,516.34"
2023-07-03,"5,895,063.72"
2023-07-02,"4,128,619.58"
2023-07-01,"4,683,412.57"
2023-06-30,"7,651,751.18"
2023-06-29,"8,197,150.64"
2023-06-28,"5,199,148.80"
2023-06-27,"5,303,313.10"
2023-06-26,"3,823,254.42"
2023-06-25,"3,468,158.73"
2023-06-24,"3,807,906.65"
2023-06-23,"5,157,732.77"
2023-06-22,"4,737,971.22"
2023-06-21,"5,545,998.60"
2023-06-20,"4,657,282.03"
2023-06-19,"4,541,295.63"
2023-06-18,"3,621,145.21"
2023-06-17,"4,365,423.72"
2023-06-16,"4,830,473.73"
2023-06-15,"4,459,074.36"
2023-06-14,"5,292,701.56"
2023-06-13,"4,045,384.62"
2023-06-12,"4,349,458.68"
2023-06-11,"4,049,356.46"
2023-06-10,"6,094,109.66"
2023-06-09,"5,422,513.97"
2023-06-08,"6,045,776.31"
2023-06-07,"5,956,311.71"
2023-06-06,"6,743,171.90"
2023-06-05,"8,654,397.71"
2023-06-04,"5,468,838.24"
2023-06-03,"6,103,202.15"
2023-06-02,"8,262,119.53"
2023-06-01,"9,814,503.92"
2023-05-31,"9,584,838.20"
2023-05-30,"11,198,174.94"
2023-05-29,"9,511,653.99"
2023-05-28,"7,510,591.46"
2023-05-27,"6,640,837.64"
2023-05-26,"7,979,225.23"
2023-05-25,"9,116,175.86"
2023-05-24,"10,348,031.62"
2023-05-23,"12,632,175.36"
2023-05-22,"10,862,285.86"
2023-05-21,"8,160,417.30"
2023-05-20,"7,685,898.28"
2023-05-19,"10,717,218.91"
2023-05-18,"12,228,933.62"
2023-05-17,"12,082,025.50"
2023-05-16,"12,928,703.68"
2023-05-15,"13,945,262.50"
2023-05-14,"9,421,853.80"
2023-05-13,"10,077,127.61"
2023-05-12,"15,519,820.36"
2023-05-11,"22,740,160.14"
2023-05-10,"21,955,998.93"
2023-05-09,"21,069,345.40"
2023-05-08,"25,123,570.12"
2023-05-07,"26,218,353.63"
2023-05-06,"32,575,910.85"
2023-05-05,"32,985,251.80"
2023-05-04,"18,060,456.38"
2023-05-03,"17,158,612.34"
2023-05-02,"19,329,397.05"
2023-05-01,"15,653,076.32"
2023-04-30,"10,320,537.47"
2023-04-29,"8,294,690.61"
2023-04-28,"9,044,413.19"
2023-04-27,"8,933,392.98"
2023-04-26,"9,717,006.03"
2023-04-25,"8,815,065.03"
2023-04-24,"10,173,154.72"
2023-04-23,"9,575,725.28"
2023-04-22,"8,711,418.90"
2023-04-21,"9,670,074.62"
2023-04-20,"16,147,583.41"
2023-04-19,"18,135,166.55"
2023-04-18,"13,528,005.47"
2023-04-17,"8,910,646.75"
2023-04-16,"6,776,642.54"
2023-04-15,"6,257,750.30"
2023-04-14,"8,191,414.69"
2023-04-13,"7,268,206.78"
2023-04-12,"5,473,849.47"
2023-04-11,"6,837,958.29"
2023-04-10,"5,692,711.15"
2023-04-09,"6,041,444.06"
2023-04-08,"4,986,177.65"
2023-04-07,"5,450,582.37"
2023-04-06,"6,648,338.23"
2023-04-05,"8,068,924.83"
2023-04-04,"6,857,174.03"
2023-04-03,"6,559,679.93"
2023-04-02,"4,578,880.28"
2023-04-01,"4,964,421.03"
2023-03-31,"6,209,401.95"
2023-03-30,"7,440,057.29"
2023-03-29,"6,886,466.93"
2023-03-28,"6,417,236.28"
2023-03-27,"6,242,190.58"
2023-03-26,"4,315,728.53"
2023-03-25,"3,967,517.06"
2023-03-24,"5,450,045.51"
2023-03-23,"5,334,050.87"
2023-03-22,"5,060,003.26"
2023-03-21,"4,618,808.39"
2023-03-20,"7,398,711.79"
2023-03-19,"4,457,910.13"
2023-03-18,"4,521,468.28"
2023-03-17,"6,251,751.93"
2023-03-16,"5,524,428.10"
2023-03-15,"6,473,078.95"
2023-03-14,"7,388,552.22"
2023-03-13,"8,040,392.83"
2023-03-12,"6,428,070.27"
2023-03-11,"22,105,596.29"
2023-03-10,"6,517,858.26"
2023-03-09,"7,013,306.55"
2023-03-08,"6,388,964.80"
2023-03-07,"6,587,711.90"
2023-03-06,"6,548,710.82"
2023-03-05,"5,103,091.72"
2023-03-04,"4,714,252.23"
2023-03-03,"6,366,696.92"
2023-03-02,"6,086,920.07"
2023-03-01,"6,668,628.29"
2023-02-28,"5,353,580.10"
2023-02-27,"5,018,990.35"
2023-02-26,"4,344,605.12"
2023-02-25,"4,397,981.43"
2023-02-24,"6,473,283.92"
2023-02-23,"7,778,244.72"
2023-02-22,"7,505,658.58"
2023-02-21,"7,059,329.34"
2023-02-20,"7,049,406.29"
2023-02-19,"5,603,257.72"
2023-02-18,"6,230,359.10"
2023-02-17,"7,588,949.24"
2023-02-16,"8,638,237.74"
2023-02-15,"7,804,909.05"
2023-02-14,"10,306,613.11"
2023-02-13,"5,037,274.72"
2023-02-12,"3,631,968.70"
2023-02-11,"3,609,483.82"
2023-02-10,"5,334,946.30"
2023-02-09,"7,614,708.27"
2023-02-08,"7,235,821.29"
2023-02-07,"6,874,776.37"
2023-02-06,"5,280,913.56"
2023-02-05,"4,397,242.68"
2023-02-04,"5,027,043.95"
2023-02-03,"6,366,142.97"
2023-02-02,"6,295,002.45"
2023-02-01,"5,564,517.35"
2023-01-31,"5,146,282.61"
2023-01-30,"3,956,429.67"
2023-01-29,"4,063,276.77"
2023-01-28,"3,364,320.64"
2023-01-27,"4,450,706.65"
2023-01-26,"4,704,460.11"
2023-01-25,"4,746,731.54"
2023-01-24,"5,454,423.65"
2023-01-23,"4,192,966.71"
2023-01-22,"3,566,990.75"
2023-01-21,"4,183,536.12"
2023-01-20,"4,482,596.48"
2023-01-19,"4,162,490.37"
2023-01-18,"6,101,639.01"
2023-01-17,"4,772,202.86"
2023-01-16,"4,989,992.52"
2023-01-15,"4,130,075.65"
2023-01-14,"5,393,028.05"
2023-01-13,"4,694,102.11"
2023-01-12,"4,410,102.28"
2023-01-11,"3,901,040.47"
2023-01-10,"3,623,150.30"
2023-01-09,"4,047,780.28"
2023-01-08,"3,187,045.77"
2023-01-07,"2,528,782.39"
2023-01-06,"3,311,286.03"
2023-01-05,"3,346,706.21"
2023-01-04,"4,273,885.74"
2023-01-03,"2,865,955.80"
2023-01-02,"2,651,624.78"
2023-01-01,"2,290,359.74"
2022-12-31,"2,524,028.27"
2022-12-30,"2,674,287.60"
2022-12-29,"2,676,902.42"
2022-12-28,"2,617,097.50"
2022-12-27,"2,515,977.53"
2022-12-26,"1,942,175.38"
2022-12-25,"1,857,099.38"
2022-12-24,"1,862,609.60"
2022-12-23,"2,450,090.05"
2022-12-22,"2,460,631.18"
2022-12-21,"2,489,402.48"
2022-12-20,"2,743,457.84"
2022-12-19,"2,389,238.39"
2022-12-18,"2,195,233.31"
2022-12-17,"2,413,040.99"
2022-12-16,"3,544,654.69"
2022-12-15,"3,028,368.12"
2022-12-14,"3,064,474.93"
2022-12-13,"3,448,670.09"
2022-12-12,"2,830,801.66"
2022-12-11,"2,573,850.22"
2022-12-10,"2,466,521.03"
2022-12-09,"4,791,765.42"
2022-12-08,"2,658,455.93"
2022-12-07,"2,855,997.10"
2022-12-06,"2,664,847.83"
2022-12-05,"2,438,468.05"
2022-12-04,"2,057,534.62"
2022-12-03,"2,033,410.97"
2022-12-02,"2,371,999.31"
2022-12-01,"2,342,337.75"
2022-11-30,"2,512,748.51"
2022-11-29,"2,027,336.80"
2022-11-28,"3,121,787.73"
2022-11-27,"1,762,666.95"
2022-11-26,"1,858,929.03"
2022-11-25,"2,487,044.20"
2022-11-24,"2,304,651.00"
2022-11-23,"2,331,235.50"
2022-11-22,"3,074,185.02"
2022-11-21,"2,475,270.69"
2022-11-20,"2,404,426.66"
2022-11-19,"2,115,124.59"
2022-11-18,"2,536,086.24"
2022-11-17,"2,905,355.76"
2022-11-16,"3,004,280.94"
2022-11-15,"3,424,420.98"
2022-11-14,"3,499,076.69"
2022-11-13,"3,165,063.88"
2022-11-12,"6,343,869.62"
2022-11-11,"4,674,695.21"
2022-11-10,"7,818,208.33"
2022-11-09,"11,330,457.10"
2022-11-08,"10,651,727.02"
2022-11-07,"3,855,301.37"
2022-11-06,"2,738,573.92"
2022-11-05,"2,793,611.81"
2022-11-04,"4,157,786.88"
2022-11-03,"5,040,205.66"
2022-11-02,"3,927,946.80"
2022-11-01,"3,126,483.20"
2022-10-31,"4,285,394.55"
2022-10-30,"2,136,935.10"
2022-10-29,"3,115,530.62"
2022-10-28,"3,503,186.36"
2022-10-27,"3,478,121.99"
2022-10-26,"4,044,680.99"
2022-10-25,"4,223,147.08"
2022-10-24,"3,404,210.33"
2022-10-23,"2,489,703.41"
2022-10-22,"3,770,152.48"
2022-10-21,"5,025,095.86"
2022-10-20,"5,114,931.51"
2022-10-19,"4,467,071.49"
2022-10-18,"4,194,114.12"
2022-10-17,"3,917,505.43"
2022-10-16,"2,462,462.48"
2022-10-15,"2,797,235.68"
2022-10-14,"3,182,054.12"
2022-10-13,"4,023,104.55"
2022-10-12,"3,168,489.04"
2022-10-11,"4,200,611.01"
2022-10-10,"5,427,070.91"
2022-10-09,"4,523,112.44"
2022-10-08,"3,092,168.88"
2022-10-07,"2,116,477.05"
2022-10-06,"2,463,972.67"
2022-10-05,"2,856,615.73"
2022-10-04,"2,705,760.21"
2022-10-03,"2,623,209.25"
2022-10-02,"1,302,871.34"
2022-10-01,"1,705,046.88"
2022-09-30,"2,952,196.78"
2022-09-29,"2,810,582.17"
2022-09-28,"3,024,830.56"
2022-09-27,"3,388,046.04"
2022-09-26,"2,283,556.68"
2022-09-25,"1,531,663.85"
2022-09-24,"1,373,390.02"
2022-09-23,"1,858,537.31"
2022-09-22,"1,997,263.46"
2022-09-21,"2,638,136.21"
2022-09-20,"2,310,467.82"
2022-09-19,"2,024,274.94"
2022-09-18,"1,788,671.66"
2022-09-17,"1,434,716.70"
2022-09-16,"2,159,813.24"
2022-09-15,"3,710,819.35"
2022-09-14,"2,470,571.15"
2022-09-13,"3,594,032.47"
2022-09-12,"3,341,582.33"
2022-09-11,"2,130,964.81"
2022-09-10,"2,386,000.32"
2022-09-09,"3,940,046.29"
2022-09-08,"4,029,652.86"
2022-09-07,"3,568,933.50"
2022-09-06,"3,029,961.26"
2022-09-05,"2,078,575.55"
2022-09-04,"1,658,949.16"
2022-09-03,"1,499,112.22"
2022-09-02,"2,568,211.41"
2022-09-01,"3,473,326.65"
2022-08-31,"3,873,906.23"
2022-08-30,"3,455,343.41"
2022-08-29,"2,769,441.11"
2022-08-28,"1,593,168.42"
2022-08-27,"1,604,429.36"
2022-08-26,"2,749,527.13"
2022-08-25,"2,980,756.27"
2022-08-24,"2,449,859.34"
2022-08-23,"2,576,059.68"
2022-08-22,"2,648,183.49"
2022-08-21,"1,582,482.08"
2022-08-20,"2,202,158.81"
2022-08-19,"3,534,290.06"
2022-08-18,"2,764,055.55"
2022-08-17,"2,848,399.59"
2022-08-16,"2,776,528.94"
2022-08-15,"4,356,691.50"
2022-08-14,"2,719,496.61"
2022-08-13,"2,570,442.23"
2022-08-12,"3,803,984.48"
2022-08-11,"4,891,336.41"
2022-08-10,"5,565,598.22"
2022-08-09,"3,717,756.25"
2022-08-08,"3,602,887.74"
2022-08-07,"2,015,602.83"
2022-08-06,"1,909,964.46"
2022-08-05,"2,887,153.50"
2022-08-04,"2,617,075.24"
2022-08-03,"2,522,223.01"
2022-08-02,"2,797,776.18"
2022-08-01,"3,950,941.03"
2022-07-31,"1,909,642.35"
2022-07-30,"2,017,737.94"
2022-07-29,"3,307,965.83"
2022-07-28,"4,471,502.78"
2022-07-27,"3,611,546.92"
2022-07-26,"3,671,977.52"
2022-07-25,"3,466,473.36"
2022-07-24,"2,083,283.34"
2022-07-23,"2,441,288.51"
2022-07-22,"3,006,312.14"
2022-07-21,"3,712,532.24"
2022-07-20,"5,205,771.57"
2022-07-19,"5,410,382.18"
2022-07-18,"5,071,155.97"
2022-07-17,"3,373,383.74"
2022-07-16,"3,365,824.60"
2022-07-15,"4,206,315.75"
2022-07-14,"4,278,452.08"
2022-07-13,"3,526,990.03"
2022-07-12,"2,964,594.36"
2022-07-11,"3,694,699.91"
2022-07-10,"2,487,570.00"
2022-07-09,"3,546,594.94"
2022-07-08,"3,720,762.43"
2022-07-07,"4,781,997.31"
2022-07-06,"3,889,349.75"
2022-07-05,"3,696,359.61"
2022-07-04,"2,861,049.70"
2022-07-03,"2,236,794.72"
2022-07-02,"1,990,909.26"
2022-07-01,"3,812,535.52"
2022-06-30,"4,983,885.30"
2022-06-29,"5,593,215.83"
2022-06-28,"4,832,712.49"
2022-06-27,"5,268,892.24"
2022-06-26,"3,969,348.34"
2022-06-25,"3,809,465.46"
2022-06-24,"4,516,558.16"
2022-06-23,"4,809,114.37"
2022-06-22,"3,457,813.44"
2022-06-21,"4,095,023.11"
2022-06-20,"3,092,347.75"
2022-06-19,"3,072,769.40"
2022-06-18,"5,086,300.09"
2022-06-17,"4,292,780.45"
2022-06-16,"4,601,834.14"
2022-06-15,"7,409,775.82"
2022-06-14,"7,123,038.50"
2022-06-13,"11,217,638.90"
2022-06-12,"5,065,179.80"
2022-06-11,"5,956,417.76"
2022-06-10,"9,470,993.75"
2022-06-09,"11,755,052.88"
2022-06-08,"12,194,140.27"
2022-06-07,"9,921,393.43"
2022-06-06,"9,375,673.91"
2022-06-05,"9,392,067.37"
2022-06-04,"9,692,415.24"
2022-06-03,"10,701,431.72"
2022-06-02,"10,954,928.87"
2022-06-01,"10,525,401.96"
2022-05-31,"10,340,581.94"
2022-05-30,"6,606,373.07"
2022-05-29,"4,022,767.04"
2022-05-28,"3,943,944.08"
2022-05-27,"7,648,346.39"
2022-05-26,"8,962,699.88"
2022-05-25,"7,028,346.21"
2022-05-24,"5,940,625.40"
2022-05-23,"5,621,193.31"
2022-05-22,"4,775,178.63"
2022-05-21,"4,667,257.00"
2022-05-20,"6,102,742.79"
2022-05-19,"5,605,251.37"
2022-05-18,"5,903,843.97"
2022-05-17,"7,554,749.75"
2022-05-16,"5,601,820.93"
2022-05-15,"5,467,091.19"
2022-05-14,"7,962,567.30"
2022-05-13,"16,242,828.70"
2022-05-12,"41,333,301.86"
2022-05-11,"33,063,946.99"
2022-05-10,"14,404,117.82"
2022-05-09,"15,196,789.59"
2022-05-08,"7,188,540.21"
2022-05-07,"8,825,341.55"
2022-05-06,"14,715,792.70"
2022-05-05,"18,567,943.31"
2022-05-04,"14,407,251.99"
2022-05-03,"17,549,490.78"
2022-05-02,"19,593,195.04"
2022-05-01,"227,336,928.06"
2022-04-30,"13,897,719.37"
2022-04-29,"15,330,196.47"
2022-04-28,"15,888,522.29"
2022-04-27,"15,596,045.96"
2022-04-26,"14,231,969.49"
2022-04-25,"16,201,111.89"
2022-04-24,"10,357,091.83"
2022-04-23,"10,202,184.41"
2022-04-22,"17,195,588.76"
2022-04-21,"19,234,464.76"
2022-04-20,"23,157,047.51"
2022-04-19,"13,479,892.54"
2022-04-18,"11,546,227.32"
2022-04-17,"9,181,834.25"
2022-04-16,"11,491,130.26"
2022-04-15,"12,659,292.03"
2022-04-14,"15,839,944.89"
2022-04-13,"14,891,311.58"
2022-04-12,"14,831,106.76"
2022-04-11,"15,085,712.67"
2022-04-10,"14,356,464.73"
2022-04-09,"12,076,525.96"
2022-04-08,"18,732,882.86"
2022-04-07,"23,461,313.59"
2022-04-06,"20,079,514.68"
2022-04-05,"47,229,584.47"
2022-04-04,"22,828,023.60"
2022-04-03,"20,758,160.70"
2022-04-02,"21,937,044.57"
2022-04-01,"22,525,417.92"
2022-03-31,"18,128,584.40"
2022-03-30,"18,388,881.30"
2022-03-29,"17,102,629.01"
2022-03-28,"31,741,993.92"
2022-03-27,"19,562,625.40"
2022-03-26,"10,479,161.74"
2022-03-25,"15,099,143.82"
2022-03-24,"15,939,120.67"
2022-03-23,"11,909,572.64"
2022-03-22,"13,256,028.60"
2022-03-21,"10,219,846.83"
2022-03-20,"8,263,860.84"
2022-03-19,"9,545,840.71"
2022-03-18,"19,247,461.39"
2022-03-17,"20,145,415.00"
2022-03-16,"11,586,824.18"
2022-03-15,"10,039,943.03"
2022-03-14,"8,958,433.49"
2022-03-13,"9,106,993.55"
2022-03-12,"6,716,318.74"
2022-03-11,"8,528,447.22"
2022-03-10,"9,263,421.59"
2022-03-09,"10,846,458.89"
2022-03-08,"12,286,526.80"
2022-03-07,"11,274,019.65"
2022-03-06,"13,086,748.31"
2022-03-05,"9,952,551.37"
2022-03-04,"13,478,364.24"
2022-03-03,"14,918,330.62"
2022-03-02,"16,697,903.02"
2022-03-01,"17,937,801.57"
2022-02-28,"20,105,806.16"
2022-02-27,"12,540,207.75"
2022-02-26,"15,214,158.39"
2022-02-25,"17,154,329.61"
2022-02-24,"22,058,818.02"
2022-02-23,"26,547,731.11"
2022-02-22,"22,794,193.87"
2022-02-21,"24,417,889.65"
2022-02-20,"19,962,697.40"
2022-02-19,"19,650,081.10"
2022-02-18,"27,479,440.10"
2022-02-17,"23,460,608.64"
2022-02-16,"25,804,679.71"
2022-02-15,"23,810,019.90"
2022-02-14,"18,361,987.65"
2022-02-13,"16,819,358.64"
2022-02-12,"19,531,302.16"
2022-02-11,"23,225,341.73"
2022-02-10,"35,014,980.47"
2022-02-09,"29,929,286.85"
2022-02-08,"27,918,515.17"
2022-02-07,"35,523,962.21"
2022-02-06,"22,666,932.02"
2022-02-05,"41,088,676.79"
2022-02-04,"30,440,729.31"
2022-02-03,"31,903,055.50"
2022-02-02,"41,065,076.63"
2022-02-01,"42,229,571.25"
2022-01-31,"30,756,784.84"
2022-01-30,"33,359,833.42"
2022-01-29,"29,678,302.34"
2022-01-28,"33,633,787.89"
2022-01-27,"37,109,683.00"
2022-01-26,"35,069,267.59"
2022-01-25,"33,725,455.00"
2022-01-24,"33,205,243.26"
2022-01-23,"30,044,511.59"
2022-01-22,"40,303,906.33"
2022-01-21,"51,387,096.56"
2022-01-20,"46,988,135.75"
2022-01-19,"39,454,890.51"
2022-01-18,"38,653,144.64"
2022-01-17,"47,056,851.42"
2022-01-16,"43,619,593.12"
2022-01-15,"44,671,225.84"
2022-01-14,"61,142,043.87"
2022-01-13,"54,791,006.78"
2022-01-12,"64,385,236.65"
2022-01-11,"58,007,404.09"
2022-01-10,"64,814,401.19"
2022-01-09,"47,936,927.59"
2022-01-08,"37,690,682.62"
2022-01-07,"48,526,197.83"
2022-01-06,"45,849,770.93"
2022-01-05,"55,269,841.17"
2022-01-04,"50,283,814.62"
2022-01-03,"39,953,963.41"
2022-01-02,"38,838,544.03"
2022-01-01,"30,500,740.42"
2021-12-31,"34,857,462.46"
2021-12-30,"40,786,662.17"
2021-12-29,"47,869,955.22"
2021-12-28,"40,624,056.44"
2021-12-27,"32,786,340.37"
2021-12-26,"23,230,740.07"
2021-12-25,"29,569,752.16"
2021-12-24,"30,361,535.86"
2021-12-23,"34,302,046.34"
2021-12-22,"31,970,883.03"
2021-12-21,"27,867,354.79"
2021-12-20,"28,141,245.80"
2021-12-19,"25,429,522.94"
2021-12-18,"26,493,675.41"
2021-12-17,"39,297,416.68"
2021-12-16,"42,067,372.35"
2021-12-15,"35,360,170.76"
2021-12-14,"30,373,198.93"
2021-12-13,"34,949,065.91"
2021-12-12,"26,728,522.02"
2021-12-11,"31,077,632.75"
2021-12-10,"38,814,823.52"
2021-12-09,"36,369,902.76"
2021-12-08,"35,113,006.03"
2021-12-07,"41,131,874.41"
2021-12-06,"44,482,887.66"
2021-12-05,"42,569,065.41"
2021-12-04,"57,821,885.66"
2021-12-03,"48,401,971.54"
2021-12-02,"52,972,778.96"
2021-12-01,"64,086,795.28"
2021-11-30,"67,495,514.51"
2021-11-29,"53,194,003.99"
2021-11-28,"46,870,251.83"
2021-11-27,"50,097,664.46"
2021-11-26,"47,906,116.21"
2021-11-25,"54,623,172.14"
2021-11-24,"55,766,067.42"
2021-11-23,"57,771,513.96"
2021-11-22,"62,481,425.90"
2021-11-21,"46,531,724.24"
2021-11-20,"45,086,317.08"
2021-11-19,"50,527,571.69"
2021-11-18,"60,440,585.42"
2021-11-17,"56,789,366.38"
2021-11-16,"63,159,409.61"
2021-11-15,"72,001,347.18"
2021-11-14,"52,547,207.41"
2021-11-13,"61,296,433.76"
2021-11-12,"70,468,114.60"
2021-11-11,"76,109,361.70"
2021-11-10,"80,604,527.30"
2021-11-09,"83,958,514.63"
2021-11-08,"61,168,907.84"
2021-11-07,"46,380,420.54"
2021-11-06,"52,242,929.11"
2021-11-05,"61,762,833.06"
2021-11-04,"65,545,458.98"
2021-11-03,"75,255,161.76"
2021-11-02,"78,250,080.07"
2021-11-01,"69,273,355.90"
2021-10-31,"64,242,443.82"
2021-10-30,"70,932,114.16"
2021-10-29,"77,239,772.90"
2021-10-28,"79,163,838.30"
2021-10-27,"70,427,406.83"
2021-10-26,"54,645,227.25"
2021-10-25,"42,394,847.91"
2021-10-24,"31,258,880.14"
2021-10-23,"27,506,909.34"
2021-10-22,"36,876,573.26"
2021-10-21,"41,811,253.23"
2021-10-20,"32,551,125.09"
2021-10-19,"29,458,996.94"
2021-10-18,"50,173,191.44"
2021-10-17,"29,674,524.59"
2021-10-16,"33,908,976.19"
2021-10-15,"59,741,783.89"
2021-10-14,"50,418,724.92"
2021-10-13,"35,681,449.96"
2021-10-12,"32,357,644.85"
2021-10-11,"39,741,553.39"
2021-10-10,"30,682,228.54"
2021-10-09,"28,967,230.04"
2021-10-08,"47,219,497.44"
2021-10-07,"52,757,330.44"
2021-10-06,"52,895,544.22"
2021-10-05,"47,288,584.32"
2021-10-04,"35,185,426.50"
2021-10-03,"21,606,680.25"
2021-10-02,"22,451,341.61"
2021-10-01,"28,790,602.55"
2021-09-30,"35,224,244.26"
2021-09-29,"24,595,355.19"
2021-09-28,"27,321,560.88"
2021-09-27,"52,537,982.40"
2021-09-26,"22,141,063.62"
2021-09-25,"14,650,540.44"
2021-09-24,"22,731,437.26"
2021-09-23,"29,597,585.98"
2021-09-22,"21,339,400.55"
2021-09-21,"31,839,525.54"
2021-09-20,"29,148,360.97"
2021-09-19,"24,383,304.51"
2021-09-18,"19,660,485.31"
2021-09-17,"27,575,080.10"
2021-09-16,"33,759,849.68"
2021-09-15,"25,436,490.62"
2021-09-14,"28,994,126.15"
2021-09-13,"28,755,290.25"
2021-09-12,"22,328,786.77"
2021-09-11,"22,359,410.07"
2021-09-10,"36,772,273.91"
2021-09-09,"58,887,014.62"
2021-09-08,"56,965,067.07"
2021-09-07,"78,031,982.08"
2021-09-06,"48,083,496.07"
2021-09-05,"45,427,552.73"
2021-09-04,"48,747,343.91"
2021-09-03,"62,232,897.21"
2021-09-02,"43,942,937.78"
2021-09-01,"54,049,521.09"
2021-08-31,"45,262,195.25"
2021-08-30,"39,851,803.69"
2021-08-29,"35,457,023.15"
2021-08-28,"32,546,499.25"
2021-08-27,"42,918,642.12"
2021-08-26,"31,260,697.86"
2021-08-25,"32,303,437.83"
2021-08-24,"28,807,338.86"
2021-08-23,"22,104,356.58"
2021-08-22,"12,882,349.15"
2021-08-21,"13,130,045.42"
2021-08-20,"15,267,631.58"
2021-08-19,"18,910,966.32"
2021-08-18,"16,094,218.57"
2021-08-17,"18,202,890.81"
2021-08-16,"19,766,125.34"
2021-08-15,"24,521,652.49"
2021-08-14,"19,876,828.10"
2021-08-13,"21,993,629.45"
2021-08-12,"20,279,745.59"
2021-08-11,"21,744,604.22"
2021-08-10,"23,951,343.03"
2021-08-09,"19,683,084.65"
2021-08-08,"16,886,890.84"
2021-08-07,"16,300,015.89"
2021-08-06,"14,974,929.43"
2021-08-05,"17,039,262.25"
2021-08-04,"10,834,647.06"
2021-08-03,"12,363,883.96"
2021-08-02,"10,667,536.14"
2021-08-01,"9,592,541.51"
2021-07-31,"11,956,156.68"
2021-07-30,"8,426,579.63"
2021-07-29,"6,951,138.07"
2021-07-28,"11,863,042.56"
2021-07-27,"10,837,682.25"
2021-07-26,"9,007,955.64"
2021-07-25,"4,299,083.07"
2021-07-24,"4,765,945.45"
2021-07-23,"7,609,017.77"
2021-07-22,"6,321,097.08"
2021-07-21,"4,724,935.09"
2021-07-20,"5,549,170.73"
2021-07-19,"5,111,077.68"
2021-07-18,"4,977,255.40"
2021-07-17,"5,035,716.07"
2021-07-16,"7,505,620.32"
2021-07-15,"8,137,247.31"
2021-07-14,"8,488,736.71"
2021-07-13,"5,847,090.02"
2021-07-12,"5,630,245.87"
2021-07-11,"2,662,174.19"
2021-07-10,"3,447,686.14"
2021-07-09,"5,594,890.29"
2021-07-08,"7,570,090.05"
2021-07-07,"8,686,710.01"
2021-07-06,"11,060,723.16"
2021-07-05,"3,952,246.38"
2021-07-04,"2,949,977.60"
2021-07-03,"3,335,977.77"
2021-07-02,"3,503,704.84"
2021-07-01,"4,615,886.71"
2021-06-30,"6,620,172.47"
2021-06-29,"4,875,726.16"
2021-06-28,"4,591,741.82"
2021-06-27,"4,618,104.19"
2021-06-26,"2,668,191.38"
2021-06-25,"4,680,403.11"
2021-06-24,"3,749,669.71"
2021-06-23,"4,269,320.35"
2021-06-22,"12,539,655.94"
2021-06-21,"8,352,534.80"
2021-06-20,"3,715,670.61"
2021-06-19,"3,312,954.50"
2021-06-18,"4,761,072.53"
2021-06-17,"5,057,867.89"
2021-06-16,"4,791,510.89"
2021-06-15,"5,251,375.89"
2021-06-14,"4,866,798.47"
2021-06-13,"3,509,906.12"
2021-06-12,"4,524,957.35"
2021-06-11,"5,554,662.05"
2021-06-10,"5,064,107.57"
2021-06-09,"5,999,848.88"
2021-06-08,"7,133,103.50"
2021-06-07,"5,786,036.70"
2021-06-06,"4,203,107.68"
2021-06-05,"4,945,104.55"
2021-06-04,"6,998,100.73"
2021-06-03,"8,567,087.09"
2021-06-02,"8,000,819.97"
2021-06-01,"7,404,757.44"
2021-05-31,"7,703,706.59"
2021-05-30,"6,299,872.45"
2021-05-29,"7,436,606.75"
2021-05-28,"9,625,722.36"
2021-05-27,"10,057,929.85"
2021-05-26,"12,834,544.10"
2021-05-25,"12,372,365.64"
2021-05-24,"15,010,442.22"
2021-05-23,"28,731,989.21"
2021-05-22,"12,475,387.08"
2021-05-21,"28,820,184.24"
2021-05-20,"33,306,922.84"
2021-05-19,"87,419,722.97"
2021-05-18,"28,262,579.49"
2021-05-17,"30,366,473.77"
2021-05-16,"28,652,353.41"
2021-05-15,"34,846,822.00"
2021-05-14,"48,587,033.39"
2021-05-13,"63,037,494.15"
2021-05-12,"113,580,126.84"
2021-05-11,"112,606,453.73"
2021-05-10,"91,562,472.70"
2021-05-09,"47,349,474.50"
2021-05-08,"47,990,650.86"
2021-05-07,"22,316,684.77"
2021-05-06,"21,489,337.76"
2021-05-05,"18,830,598.11"
2021-05-04,"21,492,402.79"
2021-05-03,"19,561,019.13"
2021-05-02,"11,330,709.27"
2021-05-01,"14,097,607.53"
2021-04-30,"14,390,728.38"
2021-04-29,"18,245,800.83"
2021-04-28,"19,411,933.94"
2021-04-27,"15,587,211.89"
2021-04-26,"14,110,925.99"
2021-04-25,"11,715,618.79"
2021-04-24,"14,407,751.61"
2021-04-23,"26,252,250.01"
2021-04-22,"32,769,519.34"
2021-04-21,"35,099,522.47"
2021-04-20,"47,650,278.92"
2021-04-19,"34,503,281.30"
2021-04-18,"30,825,861.53"
2021-04-17,"28,849,469.61"
2021-04-16,"35,420,800.59"
2021-04-15,"19,425,373.44"
2021-04-14,"25,638,165.17"
2021-04-13,"20,931,350.09"
2021-04-12,"18,576,066.15"
2021-04-11,"14,337,141.07"
2021-04-10,"17,110,758.94"
2021-04-09,"19,402,806.64"
2021-04-08,"19,503,675.17"
2021-04-07,"24,974,555.22"
2021-04-06,"26,247,931.97"
2021-04-05,"24,272,976.85"
2021-04-04,"18,129,995.22"
2021-04-03,"24,529,367.86"
2021-04-02,"29,571,729.05"
2021-04-01,"30,094,960.39"
2021-03-31,"31,121,862.77"
2021-03-30,"24,244,504.12"
2021-03-29,"20,862,390.65"
2021-03-28,"16,651,324.00"
2021-03-27,"15,935,796.29"
2021-03-26,"19,097,995.65"
2021-03-25,"23,166,336.50"
2021-03-24,"23,587,733.99"
2021-03-23,"22,124,047.34"
2021-03-22,"26,453,669.97"
2021-03-21,"19,321,536.57"
2021-03-20,"20,671,946.52"
2021-03-19,"22,736,127.46"
2021-03-18,"25,966,807.82"
2021-03-17,"27,662,859.94"
2021-03-16,"26,611,537.49"
2021-03-15,"27,162,638.67"
2021-03-14,"22,447,894.21"
2021-03-13,"23,897,363.54"
2021-03-12,"24,215,395.68"
2021-03-11,"19,024,109.48"
2021-03-10,"19,538,210.58"
2021-03-09,"20,132,385.44"
2021-03-08,"18,806,102.94"
2021-03-07,"17,390,866.70"
2021-03-06,"12,349,822.65"
2021-03-05,"16,435,230.26"
2021-03-04,"13,944,229.80"
2021-03-03,"16,071,594.21"
2021-03-02,"15,295,247.77"
2021-03-01,"13,867,139.97"
2021-02-28,"13,252,795.46"
2021-02-27,"14,093,330.67"
2021-02-26,"18,861,517.94"
2021-02-25,"21,104,979.49"
2021-02-24,"26,632,940.54"
2021-02-23,"49,829,603.83"
2021-02-22,"40,557,325.62"
2021-02-21,"22,044,969.98"
2021-02-20,"31,729,366.77"
2021-02-19,"28,913,056.85"
2021-02-18,"27,468,666.37"
2021-02-17,"24,941,652.67"
2021-02-16,"23,977,076.27"
2021-02-15,"25,356,487.26"
2021-02-14,"21,235,196.08"
2021-02-13,"26,405,060.47"
2021-02-12,"25,113,222.91"
2021-02-11,"23,944,346.58"
2021-02-10,"29,861,091.95"
2021-02-09,"32,093,338.05"
2021-02-08,"27,406,930.10"
2021-02-07,"20,187,224.07"
2021-02-06,"23,709,298.82"
2021-02-05,"32,942,335.80"
2021-02-04,"30,783,564.96"
2021-02-03,"21,462,904.19"
2021-02-02,"19,743,240.34"
2021-02-01,"16,006,820.06"
2021-01-31,"13,686,545.77"
2021-01-30,"11,733,104.61"
2021-01-29,"14,800,262.26"
2021-01-28,"9,596,554.76"
2021-01-27,"9,905,163.67"
2021-01-26,"8,865,868.16"
2021-01-25,"12,067,287.74"
2021-01-24,"8,425,790.75"
2021-01-23,"7,868,927.05"
2021-01-22,"12,402,025.00"
2021-01-21,"12,208,203.98"
2021-01-20,"8,883,101.20"
2021-01-19,"10,884,988.36"
2021-01-18,"7,108,625.10"
2021-01-17,"5,965,614.62"
2021-01-16,"7,662,558.04"
2021-01-15,"8,866,755.70"
2021-01-14,"7,590,252.56"
2021-01-13,"5,739,756.18"
2021-01-12,"7,373,988.18"
2021-01-11,"21,213,981.38"
2021-01-10,"9,119,101.33"
2021-01-09,"8,836,797.83"
2021-01-08,"13,481,145.28"
2021-01-07,"12,980,109.69"
2021-01-06,"11,120,804.54"
2021-01-05,"11,600,223.47"
2021-01-04,"20,421,160.13"
2021-01-03,"11,184,817.94"
2021-01-02,"6,009,512.72"
2021-01-01,"3,824,786.60"
2020-12-31,"5,757,098.06"
2020-12-30,"6,617,492.03"
2020-12-29,"5,343,362.66"
2020-12-28,"6,432,390.75"
2020-12-27,"5,005,683.44"
2020-12-26,"3,281,825.57"
2020-12-25,"4,381,138.74"
2020-12-24,"3,921,079.13"
2020-12-23,"5,490,873.60"
2020-12-22,"3,204,091.53"
2020-12-21,"3,861,722.16"
2020-12-20,"2,217,474.94"
2020-12-19,"3,210,519.42"
2020-12-18,"3,593,608.76"
2020-12-17,"7,171,456.10"
2020-12-16,"3,867,849.53"
2020-12-15,"3,832,116.23"
2020-12-14,"2,778,530.72"
2020-12-13,"1,930,411.16"
2020-12-12,"1,737,678.46"
2020-12-11,"2,640,664.96"
2020-12-10,"2,392,188.10"
2020-12-09,"2,814,578.83"
2020-12-08,"2,808,604.31"
2020-12-07,"2,122,751.57"
2020-12-06,"1,579,694.86"
2020-12-05,"1,566,142.49"
2020-12-04,"2,352,784.78"
2020-12-03,"2,115,039.04"
2020-12-02,"1,872,046.00"
2020-12-01,"3,946,981.71"
2020-11-30,"3,572,689.55"
2020-11-29,"1,079,998.92"
2020-11-28,"1,178,883.57"
2020-11-27,"1,608,806.35"
2020-11-26,"5,844,481.76"
2020-11-25,"2,712,885.41"
2020-11-24,"4,357,642.59"
2020-11-23,"3,420,198.07"
2020-11-22,"2,655,943.64"
2020-11-21,"2,654,429.82"
2020-11-20,"2,540,536.81"
2020-11-19,"1,844,451.16"
2020-11-18,"3,047,632.82"
2020-11-17,"2,772,326.97"
2020-11-16,"1,616,688.70"
2020-11-15,"1,149,197.89"
2020-11-14,"1,296,029.88"
2020-11-13,"1,920,661.52"
2020-11-12,"1,925,423.05"
2020-11-11,"1,740,219.25"
2020-11-10,"1,693,370.95"
2020-11-09,"1,429,726.86"
2020-11-08,"949,945.44"
2020-11-07,"1,936,835.75"
2020-11-06,"1,980,690.07"
2020-11-05,"1,532,929.38"
2020-11-04,"1,078,489.87"
2020-11-03,"1,278,658.89"
2020-11-02,"1,718,580.29"
2020-11-01,"939,358.78"
2020-10-31,"1,158,102.34"
2020-10-30,"1,767,447.85"
2020-10-29,"1,983,769.78"
2020-10-28,"1,912,068.62"
2020-10-27,"1,258,977.84"
2020-10-26,"1,774,251.42"
2020-10-25,"961,159.79"
2020-10-24,"932,741.76"
2020-10-23,"1,817,449.93"
2020-10-22,"1,971,429.09"
2020-10-21,"2,208,331.26"
2020-10-20,"1,694,869.20"
2020-10-19,"1,580,271.70"
2020-10-18,"1,025,106.13"
2020-10-17,"952,371.10"
2020-10-16,"1,754,986.43"
2020-10-15,"2,196,171.42"
2020-10-14,"2,258,120.30"
2020-10-13,"2,180,731.89"
2020-10-12,"2,090,474.30"
2020-10-11,"1,338,525.16"
2020-10-10,"1,679,379.58"
2020-10-09,"2,055,692.59"
2020-10-08,"2,060,251.68"
2020-10-07,"2,083,854.62"
2020-10-06,"2,902,314.50"
2020-10-05,"2,280,354.06"
2020-10-04,"2,057,914.29"
2020-10-03,"1,932,970.06"
2020-10-02,"2,355,905.39"
2020-10-01,"2,684,046.17"
2020-09-30,"3,155,382.58"
2020-09-29,"4,013,870.83"
2020-09-28,"3,265,569.82"
2020-09-27,"2,263,620.53"
2020-09-26,"2,213,477.11"
2020-09-25,"2,669,319.58"
2020-09-24,"2,843,873.50"
2020-09-23,"3,392,452.18"
2020-09-22,"4,168,596.01"
2020-09-21,"4,843,642.66"
2020-09-20,"3,828,574.20"
2020-09-19,"5,196,584.20"
2020-09-18,"9,518,099.00"
2020-09-17,"16,320,041.50"
2020-09-16,"4,249,277.27"
2020-09-15,"5,487,946.50"
2020-09-14,"5,762,771.77"
2020-09-13,"3,487,469.25"
2020-09-12,"3,074,958.72"
2020-09-11,"4,231,073.76"
2020-09-10,"5,101,785.74"
2020-09-09,"3,198,779.59"
2020-09-08,"2,737,549.95"
2020-09-07,"2,995,677.03"
2020-09-06,"3,448,552.46"
2020-09-05,"7,889,158.19"
2020-09-04,"7,008,568.83"
2020-09-03,"13,046,434.49"
2020-09-02,"17,216,126.51"
2020-09-01,"16,476,749.76"
2020-08-31,"8,115,601.52"
2020-08-30,"6,835,775.05"
2020-08-29,"3,135,886.55"
2020-08-28,"2,814,015.95"
2020-08-27,"2,824,879.79"
2020-08-26,"2,769,799.45"
2020-08-25,"3,281,476.54"
2020-08-24,"3,098,015.68"
2020-08-23,"2,563,157.90"
2020-08-22,"3,116,379.87"
2020-08-21,"5,096,685.10"
2020-08-20,"3,754,099.05"
2020-08-19,"4,437,781.77"
2020-08-18,"4,407,474.94"
2020-08-17,"3,713,164.06"
2020-08-16,"3,379,578.98"
2020-08-15,"3,972,144.81"
2020-08-14,"7,043,453.66"
2020-08-13,"8,002,221.04"
2020-08-12,"6,768,426.22"
2020-08-11,"3,871,628.40"
2020-08-10,"3,692,062.61"
2020-08-09,"2,384,823.44"
2020-08-08,"1,987,775.60"
2020-08-07,"2,212,664.37"
2020-08-06,"1,775,738.70"
2020-08-05,"1,606,971.99"
2020-08-04,"1,706,632.06"
2020-08-03,"2,023,613.36"
2020-08-02,"2,215,022.24"
2020-08-01,"1,727,337.74"
2020-07-31,"2,010,989.69"
2020-07-30,"1,694,643.76"
2020-07-29,"1,798,768.80"
2020-07-28,"1,712,505.85"
2020-07-27,"2,385,683.92"
2020-07-26,"1,683,947.22"
2020-07-25,"1,768,649.97"
2020-07-24,"1,545,671.56"
2020-07-23,"1,596,898.49"
2020-07-22,"1,273,194.07"
2020-07-21,"1,286,714.34"
2020-07-20,"1,209,082.28"
2020-07-19,"927,737.86"
2020-07-18,"857,523.96"
2020-07-17,"930,187.29"
2020-07-16,"909,845.76"
2020-07-15,"862,257.53"
2020-07-14,"719,593.44"
2020-07-13,"875,673.28"
2020-07-12,"508,118.26"
2020-07-11,"541,387.05"
2020-07-10,"614,957.39"
2020-07-09,"797,821.38"
2020-07-08,"878,078.79"
2020-07-07,"661,207.53"
2020-07-06,"639,582.35"
2020-07-05,"479,267.48"
2020-07-04,"512,870.06"
2020-07-03,"688,286.58"
2020-07-02,"666,567.95"
2020-07-01,"738,407.35"
2020-06-30,"819,506.41"
2020-06-29,"608,738.59"
2020-06-28,"542,298.32"
2020-06-27,"575,214.92"
2020-06-26,"622,920.32"
2020-06-25,"688,651.26"
2020-06-24,"795,552.23"
2020-06-23,"777,794.15"
2020-06-22,"677,257.61"
2020-06-21,"459,208.45"
2020-06-20,"447,430.36"
2020-06-19,"569,508.04"
2020-06-18,"518,313.90"
2020-06-17,"565,424.77"
2020-06-16,"538,003.03"
2020-06-15,"576,410.04"
2020-06-14,"316,804.80"
2020-06-13,"377,556.62"
2020-06-12,"483,191.37"
2020-06-11,"3,720,123.56"
2020-06-10,"3,192,017.22"
2020-06-09,"524,493.65"
2020-06-08,"552,561.69"
2020-06-07,"540,689.78"
2020-06-06,"498,392.75"
2020-06-05,"442,150.72"
2020-06-04,"422,957.78"
2020-06-03,"386,791.67"
2020-06-02,"507,297.58"
2020-06-01,"427,396.62"
2020-05-31,"372,390.38"
2020-05-30,"439,110.65"
2020-05-29,"432,129.63"
2020-05-28,"475,347.75"
2020-05-27,"477,332.08"
2020-05-26,"434,562.34"
2020-05-25,"424,439.12"
2020-05-24,"335,317.19"
2020-05-23,"255,891.76"
2020-05-22,"393,131.55"
2020-05-21,"576,425.10"
2020-05-20,"438,931.43"
2020-05-19,"380,030.47"
2020-05-18,"425,611.94"
2020-05-17,"304,107.81"
2020-05-16,"276,637.86"
2020-05-15,"339,061.09"
2020-05-14,"449,417.01"
2020-05-13,"359,991.70"
2020-05-12,"277,302.29"
2020-05-11,"244,276.96"
2020-05-10,"322,823.63"
2020-05-09,"199,887.74"
2020-05-08,"242,693.52"
2020-05-07,"240,576.49"
2020-05-06,"194,614.04"
2020-05-05,"160,348.81"
2020-05-04,"152,006.77"
2020-05-03,"128,812.71"
2020-05-02,"111,113.20"
2020-05-01,"145,003.03"
2020-04-30,"273,549.66"
2020-04-29,"202,699.66"
2020-04-28,"117,521.19"
2020-04-27,"128,157.09"
2020-04-26,"124,548.05"
2020-04-25,"110,034.85"
2020-04-24,"125,141.88"
2020-04-23,"128,608.02"
2020-04-22,"117,064.27"
2020-04-21,"120,350.15"
2020-04-20,"118,841.40"
2020-04-19,"94,262.08"
2020-04-18,"103,742.88"
2020-04-17,"90,114.28"
2020-04-16,"114,378.03"
2020-04-15,"77,769.23"
2020-04-14,"83,228.96"
2020-04-13,"76,507.46"
2020-04-12,"58,768.34"
2020-04-11,"62,973.51"
2020-04-10,"83,476.39"
2020-04-09,"83,478.39"
2020-04-08,"86,503.57"
2020-04-07,"99,166.70"
2020-04-06,"99,482.37"
2020-04-05,"50,615.87"
2020-04-04,"51,844.99"
2020-04-03,"69,419.64"
2020-04-02,"72,432.66"
2020-04-01,"60,525.84"
2020-03-31,"66,546.29"
2020-03-30,"59,447.50"
2020-03-29,"45,380.70"
2020-03-28,"52,048.08"
2020-03-27,"67,479.39"
2020-03-26,"71,596.51"
2020-03-25,"75,293.17"
2020-03-24,"77,180.95"
2020-03-23,"75,538.18"
2020-03-22,"65,353.15"
2020-03-21,"68,502.36"
2020-03-20,"99,926.53"
2020-03-19,"110,705.71"
2020-03-18,"69,405.82"
2020-03-17,"87,699.10"
2020-03-16,"166,719.86"
2020-03-15,"65,225.40"
2020-03-14,"76,055.53"
2020-03-13,"614,285.43"
2020-03-12,"797,951.00"
2020-03-11,"115,315.41"
2020-03-10,"95,021.79"
2020-03-09,"150,422.99"
2020-03-08,"152,571.27"
2020-03-07,"89,769.83"
2020-03-06,"94,713.57"
2020-03-05,"99,996.02"
2020-03-04,"84,822.74"
2020-03-03,"84,920.75"
2020-03-02,"79,907.54"
2020-03-01,"75,972.25"
2020-02-29,"73,939.06"
2020-02-28,"105,000.67"
2020-02-27,"123,968.73"
2020-02-26,"199,130.24"
2020-02-25,"122,495.13"
2020-02-24,"109,606.32"
2020-02-23,"97,584.56"
2020-02-22,"80,426.64"
2020-02-21,"89,861.99"
2020-02-20,"132,839.44"
2020-02-19,"135,973.23"
2020-02-18,"121,907.89"
2020-02-17,"121,796.91"
2020-02-16,"156,231.47"
2020-02-15,"138,088.43"
2020-02-14,"142,336.14"
2020-02-13,"144,981.20"
2020-02-12,"150,720.32"
2020-02-11,"96,217.96"
2020-02-10,"87,383.31"
2020-02-09,"83,810.06"
2020-02-08,"88,235.50"
2020-02-07,"107,192.09"
2020-02-06,"101,623.45"
2020-02-05,"85,941.26"
2020-02-04,"66,976.17"
2020-02-03,"61,204.32"
2020-02-02,"52,317.76"
2020-02-01,"50,015.39"
2020-01-31,"55,273.65"
2020-01-30,"54,763.69"
2020-01-29,"47,608.83"
2020-01-28,"44,859.64"
2020-01-27,"39,607.65"
2020-01-26,"31,630.04"
2020-01-25,"30,516.79"
2020-01-24,"40,489.20"
2020-01-23,"41,841.94"
2020-01-22,"42,619.29"
2020-01-21,"46,030.20"
2020-01-20,"49,281.45"
2020-01-19,"55,258.36"
2020-01-18,"59,411.91"
2020-01-17,"62,433.13"
2020-01-16,"55,625.86"
2020-01-15,"66,784.58"
2020-01-14,"77,806.90"
2020-01-13,"49,430.28"
2020-01-12,"41,708.75"
2020-01-11,"45,127.80"
2020-01-10,"57,385.38"
2020-01-09,"47,981.18"
2020-01-08,"60,452.69"
2020-01-07,"50,306.43"
2020-01-06,"51,377.00"
2020-01-05,"36,510.58"
2020-01-04,"36,933.71"
2020-01-03,"44,882.95"
2020-01-02,"37,511.47"
2020-01-01,"39,397.25"
2019-12-31,"49,071.75"
2019-12-30,"47,103.56"
2019-12-29,"38,477.37"
2019-12-28,"39,124.47"
2019-12-27,"44,706.47"
2019-12-26,"46,232.32"
2019-12-25,"45,001.96"
2019-12-24,"47,916.66"
2019-12-23,"56,915.76"
2019-12-22,"41,794.55"
2019-12-21,"43,831.82"
2019-12-20,"56,126.71"
2019-12-19,"55,251.81"
2019-12-18,"71,570.54"
2019-12-17,"86,623.93"
2019-12-16,"70,255.84"
2019-12-15,"50,231.45"
2019-12-14,"48,950.13"
2019-12-13,"57,808.52"
2019-12-12,"60,276.20"
2019-12-11,"62,257.15"
2019-12-10,"61,462.17"
2019-12-09,"56,997.82"
2019-12-08,"39,560.65"
2019-12-07,"45,943.65"
2019-12-06,"55,188.93"
2019-12-05,"61,526.02"
2019-12-04,"71,568.50"
2019-12-03,"64,929.32"
2019-12-02,"74,988.20"
2019-12-01,"73,610.46"
2019-11-30,"62,556.50"
2019-11-29,"72,078.92"
2019-11-28,"83,301.43"
2019-11-27,"81,924.09"
2019-11-26,"100,778.34"
2019-11-25,"140,670.67"
2019-11-24,"63,005.69"
2019-11-23,"64,233.88"
2019-11-22,"192,321.81"
2019-11-21,"129,250.52"
2019-11-20,"90,198.21"
2019-11-19,"91,504.20"
2019-11-18,"113,568.11"
2019-11-17,"74,545.89"
2019-11-16,"69,422.94"
2019-11-15,"87,784.03"
2019-11-14,"92,828.69"
2019-11-13,"92,270.06"
2019-11-12,"89,605.91"
2019-11-11,"93,555.42"
2019-11-10,"75,827.21"
2019-11-09,"76,967.92"
2019-11-08,"92,906.45"
2019-11-07,"124,478.85"
2019-11-06,"88,673.24"
2019-11-05,"95,334.16"
2019-11-04,"88,555.27"
2019-11-03,"75,182.60"
2019-11-02,"72,111.72"
2019-11-01,"89,684.30"
2019-10-31,"98,163.10"
2019-10-30,"104,517.76"
2019-10-29,"103,298.93"
2019-10-28,"98,255.91"
2019-10-27,"80,860.74"
2019-10-26,"101,907.60"
2019-10-25,"95,627.57"
2019-10-24,"86,668.54"
2019-10-23,"113,873.34"
2019-10-22,"93,195.20"
2019-10-21,"81,235.29"
2019-10-20,"77,106.83"
2019-10-19,"71,700.94"
2019-10-18,"80,619.27"
2019-10-17,"76,137.87"
2019-10-16,"80,809.55"
2019-10-15,"85,652.41"
2019-10-14,"81,954.76"
2019-10-13,"68,742.93"
2019-10-12,"71,599.07"
2019-10-11,"87,419.13"
2019-10-10,"95,773.77"
2019-10-09,"106,224.80"
2019-10-08,"84,729.33"
2019-10-07,"77,477.95"
2019-10-06,"68,247.51"
2019-10-05,"75,260.22"
2019-10-04,"87,173.71"
2019-10-03,"114,037.82"
2019-10-02,"86,113.60"
2019-10-01,"91,857.01"
2019-09-30,"176,129.98"
2019-09-29,"193,354.13"
2019-09-28,"211,757.55"
2019-09-27,"207,759.87"
2019-09-26,"204,483.36"
2019-09-25,"275,319.00"
2019-09-24,"294,814.78"
2019-09-23,"274,202.28"
2019-09-22,"188,930.38"
2019-09-21,"251,004.29"
2019-09-20,"319,882.29"
2019-09-19,"309,583.34"
2019-09-18,"276,495.12"
2019-09-17,"248,254.49"
2019-09-16,"195,950.29"
2019-09-15,"183,469.60"
2019-09-14,"175,778.22"
2019-09-13,"157,056.83"
2019-09-12,"172,914.62"
2019-09-11,"155,586.47"
2019-09-10,"166,461.13"
2019-09-09,"150,634.46"
2019-09-08,"131,864.50"
2019-09-07,"117,819.26"
2019-09-06,"127,465.34"
2019-09-05,"118,745.45"
2019-09-04,"95,415.45"
2019-09-03,"99,011.18"
2019-09-02,"98,063.98"
2019-09-01,"78,463.80"
2019-08-31,"75,453.51"
2019-08-30,"84,635.40"
2019-08-29,"87,826.94"
2019-08-28,"93,735.47"
2019-08-27,"93,434.95"
2019-08-26,"120,101.47"
2019-08-25,"96,688.11"
2019-08-24,"74,810.43"
2019-08-23,"88,443.54"
2019-08-22,"92,536.84"
2019-08-21,"105,264.00"
2019-08-20,"93,182.18"
2019-08-19,"91,435.65"
2019-08-18,"55,791.73"
2019-08-17,"52,866.09"
2019-08-16,"70,593.95"
2019-08-15,"91,670.41"
2019-08-14,"85,576.24"
2019-08-13,"92,596.69"
2019-08-12,"80,702.08"
2019-08-11,"60,905.37"
2019-08-10,"67,286.60"
2019-08-09,"87,921.99"
2019-08-08,"87,193.47"
2019-08-07,"84,217.39"
2019-08-06,"91,809.12"
2019-08-05,"84,780.36"
2019-08-04,"57,976.56"
2019-08-03,"127,705.00"
2019-08-02,"107,582.94"
2019-08-01,"151,907.32"
2019-07-31,"87,839.99"
2019-07-30,"79,902.66"
2019-07-29,"73,450.12"
2019-07-28,"54,604.07"
2019-07-27,"71,666.45"
2019-07-26,"78,415.30"
2019-07-25,"161,132.09"
2019-07-24,"154,251.88"
2019-07-23,"74,353.08"
2019-07-22,"70,519.33"
2019-07-21,"61,507.07"
2019-07-20,"65,658.75"
2019-07-19,"132,003.19"
2019-07-18,"82,697.99"
2019-07-17,"152,747.17"
2019-07-16,"222,282.32"
2019-07-15,"112,616.01"
2019-07-14,"101,828.15"
2019-07-13,"83,968.99"
2019-07-12,"115,565.11"
2019-07-11,"200,587.30"
2019-07-10,"113,286.09"
2019-07-09,"138,009.82"
2019-07-08,"164,198.24"
2019-07-07,"86,196.55"
2019-07-06,"134,174.07"
2019-07-05,"150,445.09"
2019-07-04,"111,913.92"
2019-07-03,"123,339.79"
2019-07-02,"167,454.76"
2019-07-01,"229,131.39"
2019-06-30,"145,177.43"
2019-06-29,"147,033.35"
2019-06-28,"228,743.67"
2019-06-27,"241,674.26"
2019-06-26,"236,273.38"
2019-06-25,"224,833.73"
2019-06-24,"147,719.08"
2019-06-23,"125,645.33"
2019-06-22,"117,809.56"
2019-06-21,"117,360.99"
2019-06-20,"209,602.70"
2019-06-19,"152,172.63"
2019-06-18,"130,324.30"
2019-06-17,"195,826.89"
2019-06-16,"105,154.04"
2019-06-15,"173,032.24"
2019-06-14,"130,719.29"
2019-06-13,"102,100.18"
2019-06-12,"97,305.21"
2019-06-11,"145,928.42"
2019-06-10,"184,138.64"
2019-06-09,"83,842.93"
2019-06-08,"178,767.31"
2019-06-07,"113,227.35"
2019-06-06,"119,831.86"
2019-06-05,"126,650.63"
2019-06-04,"132,281.92"
2019-06-03,"139,600.64"
2019-06-02,"113,121.65"
2019-06-01,"160,142.60"
2019-05-31,"160,276.00"
2019-05-30,"190,964.35"
2019-05-29,"179,368.79"
2019-05-28,"161,967.08"
2019-05-27,"165,578.72"
2019-05-26,"90,817.75"
2019-05-25,"112,022.41"
2019-05-24,"148,828.33"
2019-05-23,"133,229.43"
2019-05-22,"162,562.13"
2019-05-21,"117,769.05"
2019-05-20,"141,576.73"
2019-05-19,"122,035.87"
2019-05-18,"132,788.59"
2019-05-17,"177,475.28"
2019-05-16,"236,565.66"
2019-05-15,"153,578.09"
2019-05-14,"109,540.70"
2019-05-13,"91,095.46"
2019-05-12,"69,595.39"
2019-05-11,"68,188.38"
2019-05-10,"74,218.81"
2019-05-09,"65,655.05"
2019-05-08,"67,574.48"
2019-05-07,"83,246.01"
2019-05-06,"66,111.88"
2019-05-05,"52,811.28"
2019-05-04,"51,808.05"
2019-05-03,"63,092.89"
2019-05-02,"125,931.09"
2019-05-01,"56,192.93"
2019-04-30,"52,902.24"
2019-04-29,"48,206.83"
2019-04-28,"43,780.52"
2019-04-27,"41,608.67"
2019-04-26,"63,571.34"
2019-04-25,"52,127.64"
2019-04-24,"61,288.62"
2019-04-23,"67,726.29"
2019-04-22,"61,492.09"
2019-04-21,"52,981.32"
2019-04-20,"50,674.37"
2019-04-19,"64,331.20"
2019-04-18,"77,700.35"
2019-04-17,"72,205.55"
2019-04-16,"67,621.09"
2019-04-15,"58,642.21"
2019-04-14,"50,956.88"
2019-04-13,"54,619.70"
2019-04-12,"66,556.96"
2019-04-11,"77,915.34"
2019-04-10,"97,469.56"
2019-04-09,"70,421.82"
2019-04-08,"81,011.75"
2019-04-07,"59,567.92"
2019-04-06,"56,974.33"
2019-04-05,"64,305.52"
2019-04-04,"81,376.02"
2019-04-03,"113,218.56"
2019-04-02,"86,715.17"
2019-04-01,"69,711.80"
2019-03-31,"55,446.72"
2019-03-30,"54,784.43"
2019-03-29,"68,705.66"
2019-03-28,"60,722.43"
2019-03-27,"69,724.47"
2019-03-26,"61,397.51"
2019-03-25,"59,774.05"
2019-03-24,"47,693.94"
2019-03-23,"48,109.07"
2019-03-22,"63,609.14"
2019-03-21,"78,671.90"
2019-03-20,"54,356.25"
2019-03-19,"60,374.92"
2019-03-18,"360,462.71"
2019-03-17,"43,538.52"
2019-03-16,"38,783.82"
2019-03-15,"45,044.02"
2019-03-14,"43,033.43"
2019-03-13,"46,233.39"
2019-03-12,"47,579.96"
2019-03-11,"47,142.46"
2019-03-10,"42,957.95"
2019-03-09,"49,663.41"
2019-03-08,"55,779.58"
2019-03-07,"56,958.47"
2019-03-06,"57,130.51"
2019-03-05,"56,701.03"
2019-03-04,"54,940.35"
2019-03-03,"44,460.50"
2019-03-02,"48,173.71"
2019-03-01,"53,833.08"
2019-02-28,"74,907.78"
2019-02-27,"65,708.02"
2019-02-26,"72,390.27"
2019-02-25,"72,980.06"
2019-02-24,"71,770.85"
2019-02-23,"58,154.31"
2019-02-22,"62,965.59"
2019-02-21,"65,666.74"
2019-02-20,"67,759.86"
2019-02-19,"659,195.23"
2019-02-18,"69,287.06"
2019-02-17,"45,130.91"
2019-02-16,"44,231.69"
2019-02-15,"49,795.30"
2019-02-14,"48,287.84"
2019-02-13,"43,675.40"
2019-02-12,"38,179.02"
2019-02-11,"38,867.27"
2019-02-10,"32,413.56"
2019-02-09,"34,726.34"
2019-02-08,"36,059.50"
2019-02-07,"31,752.86"
2019-02-06,"29,453.81"
2019-02-05,"28,908.82"
2019-02-04,"28,654.20"
2019-02-03,"27,480.07"
2019-02-02,"30,845.45"
2019-02-01,"38,161.09"
2019-01-31,"42,167.09"
2019-01-30,"37,569.55"
2019-01-29,"34,655.90"
2019-01-28,"39,982.87"
2019-01-27,"31,103.95"
2019-01-26,"31,799.49"
2019-01-25,"37,824.98"
2019-01-24,"41,410.41"
2019-01-23,"40,688.23"
2019-01-22,"57,145.08"
2019-01-21,"41,705.91"
2019-01-20,"37,295.32"
2019-01-19,"40,656.91"
2019-01-18,"44,951.75"
2019-01-17,"40,243.35"
2019-01-16,"53,228.09"
2019-01-15,"53,740.98"
2019-01-14,"61,802.10"
2019-01-13,"32,592.38"
2019-01-12,"31,255.86"
2019-01-11,"42,118.51"
2019-01-10,"49,864.65"
2019-01-09,"45,294.49"
2019-01-08,"47,085.62"
2019-01-07,"51,813.17"
2019-01-06,"46,385.88"
2019-01-05,"78,224.96"
2019-01-04,"54,994.81"
2019-01-03,"49,796.99"
2019-01-02,"51,533.24"
2019-01-01,"41,227.28"
2018-12-31,"45,381.20"
2018-12-30,"78,215.03"
2018-12-29,"44,540.87"
2018-12-28,"44,997.86"
2018-12-27,"42,378.28"
2018-12-26,"66,609.94"
2018-12-25,"56,972.07"
2018-12-24,"64,532.69"
2018-12-23,"46,733.15"
2018-12-22,"36,291.62"
2018-12-21,"48,351.95"
2018-12-20,"48,475.18"
2018-12-19,"46,753.95"
2018-12-18,"62,816.21"
2018-12-17,"35,110.37"
2018-12-16,"26,720.06"
2018-12-15,"28,518.72"
2018-12-14,"50,453.90"
2018-12-13,"38,969.61"
2018-12-12,"33,251.01"
2018-12-11,"34,416.72"
2018-12-10,"37,343.61"
2018-12-09,"31,937.12"
2018-12-08,"31,976.38"
2018-12-07,"43,031.71"
2018-12-06,"50,268.70"
2018-12-05,"69,238.67"
2018-12-04,"66,968.87"
2018-12-03,"66,828.99"
2018-12-02,"60,226.47"
2018-12-01,"67,879.03"
2018-11-30,"102,538.26"
2018-11-29,"87,869.04"
2018-11-28,"75,124.64"
2018-11-27,"51,404.30"
2018-11-26,"58,575.20"
2018-11-25,"58,159.65"
2018-11-24,"56,431.83"
2018-11-23,"65,016.87"
2018-11-22,"67,024.04"
2018-11-21,"70,501.60"
2018-11-20,"90,790.46"
2018-11-19,"101,747.80"
2018-11-18,"80,941.54"
2018-11-17,"70,960.87"
2018-11-16,"96,854.23"
2018-11-15,"112,314.63"
2018-11-14,"113,976.52"
2018-11-13,"99,374.84"
2018-11-12,"93,450.86"
2018-11-11,"58,372.49"
2018-11-10,"63,152.16"
2018-11-09,"86,885.79"
2018-11-08,"117,611.57"
2018-11-07,"102,339.10"
2018-11-06,"107,859.46"
2018-11-05,"104,936.48"
2018-11-04,"71,771.74"
2018-11-03,"79,293.25"
2018-11-02,"88,730.04"
2018-11-01,"81,663.14"
2018-10-31,"84,946.59"
2018-10-30,"83,624.57"
2018-10-29,"86,555.33"
2018-10-28,"69,196.13"
2018-10-27,"72,906.82"
2018-10-26,"98,594.91"
2018-10-25,"111,255.31"
2018-10-24,"97,013.95"
2018-10-23,"83,595.64"
2018-10-22,"82,676.91"
2018-10-21,"69,290.53"
2018-10-20,"75,836.17"
2018-10-19,"84,978.92"
2018-10-18,"75,034.57"
2018-10-17,"80,047.27"
2018-10-16,"73,821.70"
2018-10-15,"84,650.66"
2018-10-14,"59,195.55"
2018-10-13,"68,145.00"
2018-10-12,"121,626.16"
2018-10-11,"95,809.67"
2018-10-10,"101,323.81"
2018-10-09,"88,881.48"
2018-10-08,"98,725.52"
2018-10-07,"71,366.46"
2018-10-06,"66,111.29"
2018-10-05,"96,400.11"
2018-10-04,"99,216.49"
2018-10-03,"98,801.65"
2018-10-02,"148,518.38"
2018-10-01,"141,552.12"
2018-09-30,"121,859.49"
2018-09-29,"150,447.89"
2018-09-28,"140,702.64"
2018-09-27,"125,422.70"
2018-09-26,"115,844.35"
2018-09-25,"111,270.13"
2018-09-24,"161,188.08"
2018-09-23,"89,774.56"
2018-09-22,"101,085.73"
2018-09-21,"156,370.01"
2018-09-20,"104,613.05"
2018-09-19,"147,063.38"
2018-09-18,"111,066.07"
2018-09-17,"94,779.41"
2018-09-16,"81,113.96"
2018-09-15,"84,424.09"
2018-09-14,"83,968.06"
2018-09-13,"105,982.00"
2018-09-12,"92,490.85"
2018-09-11,"98,462.77"
2018-09-10,"88,833.90"
2018-09-09,"86,463.23"
2018-09-08,"86,977.43"
2018-09-07,"114,208.18"
2018-09-06,"116,602.32"
2018-09-05,"96,732.85"
2018-09-04,"132,502.88"
2018-09-03,"108,491.76"
2018-09-02,"97,876.01"
2018-09-01,"104,070.05"
2018-08-31,"126,258.34"
2018-08-30,"125,435.48"
2018-08-29,"155,583.04"
2018-08-28,"109,686.42"
2018-08-27,"104,408.79"
2018-08-26,"262,252.49"
2018-08-25,"93,774.10"
2018-08-24,"292,948.71"
2018-08-23,"164,672.94"
2018-08-22,"251,973.37"
2018-08-21,"105,263.80"
2018-08-20,"119,915.23"
2018-08-19,"117,698.72"
2018-08-18,"135,865.44"
2018-08-17,"579,091.75"
2018-08-16,"151,318.86"
2018-08-15,"169,537.92"
2018-08-14,"160,830.18"
2018-08-13,"164,549.74"
2018-08-12,"117,516.64"
2018-08-11,"163,032.56"
2018-08-10,"544,487.52"
2018-08-09,"900,776.84"
2018-08-08,"1,059,313.69"
2018-08-07,"543,811.44"
2018-08-06,"174,420.79"
2018-08-05,"107,045.75"
2018-08-04,"165,523.11"
2018-08-03,"142,446.10"
2018-08-02,"139,191.66"
2018-08-01,"315,459.62"
2018-07-31,"157,284.65"
2018-07-30,"157,843.58"
2018-07-29,"141,521.89"
2018-07-28,"239,731.11"
2018-07-27,"169,060.51"
2018-07-26,"186,223.58"
2018-07-25,"210,138.52"
2018-07-24,"222,756.15"
2018-07-23,"257,589.87"
2018-07-22,"170,807.58"
2018-07-21,"272,342.97"
2018-07-20,"256,629.56"
2018-07-19,"205,128.77"
2018-07-18,"237,278.33"
2018-07-17,"244,307.07"
2018-07-16,"271,079.79"
2018-07-15,"1,582,670.59"
2018-07-14,"1,277,122.31"
2018-07-13,"669,811.07"
2018-07-12,"592,796.06"
2018-07-11,"369,507.01"
2018-07-10,"331,929.97"
2018-07-09,"531,214.84"
2018-07-08,"682,485.10"
2018-07-07,"1,423,197.30"
2018-07-06,"1,583,019.32"
2018-07-05,"1,214,499.16"
2018-07-04,"1,377,947.54"
2018-07-03,"1,901,685.92"
2018-07-02,"2,700,117.55"
2018-07-01,"1,466,003.65"
2018-06-30,"900,313.33"
2018-06-29,"163,790.14"
2018-06-28,"161,150.80"
2018-06-27,"168,960.12"
2018-06-26,"174,515.53"
2018-06-25,"241,617.50"
2018-06-24,"232,845.85"
2018-06-23,"163,940.28"
2018-06-22,"433,429.44"
2018-06-21,"222,113.09"
2018-06-20,"231,924.25"
2018-06-19,"246,011.21"
2018-06-18,"167,078.88"
2018-06-17,"156,283.25"
2018-06-16,"286,662.00"
2018-06-15,"302,738.58"
2018-06-14,"258,466.59"
2018-06-13,"234,971.75"
2018-06-12,"244,235.63"
2018-06-11,"249,969.42"
2018-06-10,"246,351.88"
2018-06-09,"265,452.37"
2018-06-08,"329,818.88"
2018-06-07,"384,724.33"
2018-06-06,"490,109.86"
2018-06-05,"378,204.91"
2018-06-04,"445,020.42"
2018-06-03,"360,868.26"
2018-06-02,"354,904.88"
2018-06-01,"505,180.90"
2018-05-31,"615,615.01"
2018-05-30,"488,754.54"
2018-05-29,"449,590.47"
2018-05-28,"466,427.12"
2018-05-27,"315,510.07"
2018-05-26,"356,070.04"
2018-05-25,"410,452.76"
2018-05-24,"423,542.72"
2018-05-23,"482,066.91"
2018-05-22,"525,644.42"
2018-05-21,"483,629.35"
2018-05-20,"430,315.65"
2018-05-19,"463,163.72"
2018-05-18,"509,055.80"
2018-05-17,"553,996.62"
2018-05-16,"500,515.50"
2018-05-15,"488,756.92"
2018-05-14,"481,370.28"
2018-05-13,"368,498.64"
2018-05-12,"335,699.85"
2018-05-11,"505,432.59"
2018-05-10,"556,934.01"
2018-05-09,"387,633.36"
2018-05-08,"372,731.71"
2018-05-07,"330,762.82"
2018-05-06,"304,355.34"
2018-05-05,"347,038.77"
2018-05-04,"427,755.84"
2018-05-03,"418,502.73"
2018-05-02,"323,537.30"
2018-05-01,"293,284.94"
2018-04-30,"387,379.54"
2018-04-29,"374,222.85"
2018-04-28,"351,096.48"
2018-04-27,"323,997.27"
2018-04-26,"292,775.25"
2018-04-25,"293,942.22"
2018-04-24,"329,420.46"
2018-04-23,"249,100.77"
2018-04-22,"222,128.74"
2018-04-21,"210,128.33"
2018-04-20,"259,722.89"
2018-04-19,"241,277.47"
2018-04-18,"216,437.10"
2018-04-17,"183,660.41"
2018-04-16,"170,671.67"
2018-04-15,"151,902.16"
2018-04-14,"158,601.73"
2018-04-13,"222,435.74"
2018-04-12,"170,159.09"
2018-04-11,"136,452.27"
2018-04-10,"117,829.31"
2018-04-09,"124,269.40"
2018-04-08,"111,402.58"
2018-04-07,"93,191.65"
2018-04-06,"131,245.07"
2018-04-05,"185,278.59"
2018-04-04,"111,189.09"
2018-04-03,"133,803.56"
2018-04-02,"119,337.95"
2018-04-01,"96,334.23"
2018-03-31,"113,220.52"
2018-03-30,"136,499.29"
2018-03-29,"161,652.73"
2018-03-28,"166,386.55"
2018-03-27,"167,610.86"
2018-03-26,"217,534.86"
2018-03-25,"174,665.19"
2018-03-24,"204,869.90"
2018-03-23,"236,142.11"
2018-03-22,"234,407.27"
2018-03-21,"252,743.96"
2018-03-20,"207,548.41"
2018-03-19,"203,928.93"
2018-03-18,"185,124.68"
2018-03-17,"182,938.95"
2018-03-16,"256,370.63"
2018-03-15,"237,449.88"
2018-03-14,"279,072.51"
2018-03-13,"272,688.95"
2018-03-12,"368,026.33"
2018-03-11,"254,739.72"
2018-03-10,"288,395.80"
2018-03-09,"344,614.42"
2018-03-08,"400,634.89"
2018-03-07,"477,842.75"
2018-03-06,"430,854.30"
2018-03-05,"547,320.07"
2018-03-04,"473,542.05"
2018-03-03,"438,914.92"
2018-03-02,"635,000.09"
2018-03-01,"496,006.92"
2018-02-28,"654,840.25"
2018-02-27,"496,772.18"
2018-02-26,"471,035.01"
2018-02-25,"461,332.50"
2018-02-24,"530,725.97"
2018-02-23,"532,496.59"
2018-02-22,"513,634.96"
2018-02-21,"648,827.87"
2018-02-20,"702,958.71"
2018-02-19,"618,625.69"
2018-02-18,"724,822.93"
2018-02-17,"655,385.16"
2018-02-16,"563,127.77"
2018-02-15,"591,737.85"
2018-02-14,"567,919.96"
2018-02-13,"534,962.09"
2018-02-12,"551,445.45"
2018-02-11,"534,495.86"
2018-02-10,"666,862.77"
2018-02-09,"585,022.18"
2018-02-08,"531,965.76"
2018-02-07,"677,231.07"
2018-02-06,"628,540.16"
2018-02-05,"676,574.29"
2018-02-04,"763,004.52"
2018-02-03,"829,594.67"
2018-02-02,"1,100,302.08"
2018-02-01,"1,704,078.27"
2018-01-31,"1,170,379.37"
2018-01-30,"1,212,331.22"
2018-01-29,"1,529,199.73"
2018-01-28,"1,064,232.71"
2018-01-27,"881,039.34"
2018-01-26,"1,003,340.23"
2018-01-25,"1,130,959.57"
2018-01-24,"1,309,305.03"
2018-01-23,"1,413,012.27"
2018-01-22,"1,228,356.32"
2018-01-21,"1,435,031.56"
2018-01-20,"1,996,481.95"
2018-01-19,"1,958,570.81"
2018-01-18,"2,240,299.73"
2018-01-17,"1,953,449.04"
2018-01-16,"2,520,468.05"
2018-01-15,"2,969,343.62"
2018-01-14,"3,014,877.11"
2018-01-13,"3,263,882.08"
2018-01-12,"2,865,541.43"
2018-01-11,"3,839,232.53"
2018-01-10,"4,898,204.09"
2018-01-09,"3,772,731.95"
2018-01-08,"3,432,739.58"
2018-01-07,"3,234,020.56"
2018-01-06,"3,749,202.15"
2018-01-05,"3,237,745.99"
2018-01-04,"1,455,819.68"
2018-01-03,"1,119,195.33"
2018-01-02,"921,340.63"
2018-01-01,"587,088.48"
2017-12-31,"640,148.74"
2017-12-30,"696,235.41"
2017-12-29,"756,547.08"
2017-12-28,"606,551.52"
2017-12-27,"636,362.40"
2017-12-26,"573,216.24"
2017-12-25,"570,367.44"
2017-12-24,"690,011.93"
2017-12-23,"880,827.32"
2017-12-22,"1,130,086.34"
2017-12-21,"1,473,683.32"
2017-12-20,"1,403,004.33"
2017-12-19,"1,237,937.25"
2017-12-18,"855,184.67"
2017-12-17,"844,429.09"
2017-12-16,"1,022,767.35"
2017-12-15,"978,713.42"
2017-12-14,"1,218,574.48"
2017-12-13,"968,233.36"
2017-12-12,"881,925.84"
2017-12-11,"718,320.05"
2017-12-10,"858,333.49"
2017-12-09,"1,014,481.59"
2017-12-08,"1,031,353.66"
2017-12-07,"963,529.92"
2017-12-06,"687,115.47"
2017-12-05,"552,109.53"
2017-12-04,"374,727.98"
2017-12-03,"192,104.02"
2017-12-02,"160,868.67"
2017-12-01,"186,920.11"
2017-11-30,"185,567.93"
2017-11-29,"213,490.34"
2017-11-28,"201,515.22"
2017-11-27,"176,910.59"
2017-11-26,"163,831.73"
2017-11-25,"136,106.06"
2017-11-24,"135,087.39"
2017-11-23,"144,908.80"
2017-11-22,"133,927.49"
2017-11-21,"132,675.02"
2017-11-20,"133,961.41"
2017-11-19,"100,130.09"
2017-11-18,"85,462.09"
2017-11-17,"123,754.04"
2017-11-16,"116,549.63"
2017-11-15,"138,292.48"
2017-11-14,"110,242.75"
2017-11-13,"97,710.32"
2017-11-12,"91,664.86"
2017-11-11,"71,398.58"
2017-11-10,"90,850.79"
2017-11-09,"103,365.08"
2017-11-08,"114,641.18"
2017-11-07,"93,783.05"
2017-11-06,"80,443.70"
2017-11-05,"59,585.50"
2017-11-04,"63,639.01"
2017-11-03,"82,626.08"
2017-11-02,"107,661.13"
2017-11-01,"111,500.40"
2017-10-31,"101,874.17"
2017-10-30,"90,895.03"
2017-10-29,"73,551.55"
2017-10-28,"71,511.27"
2017-10-27,"88,428.55"
2017-10-26,"81,857.05"
2017-10-25,"86,383.89"
2017-10-24,"108,865.05"
2017-10-23,"77,478.06"
2017-10-22,"58,293.87"
2017-10-21,"68,674.74"
2017-10-20,"150,889.76"
2017-10-19,"87,986.36"
2017-10-18,"91,565.19"
2017-10-17,"104,592.79"
2017-10-16,"114,334.77"
2017-10-15,"128,714.56"
2017-10-14,"136,421.86"
2017-10-13,"155,887.86"
2017-10-12,"129,223.10"
2017-10-11,"283,318.73"
2017-10-10,"125,393.38"
2017-10-09,"114,717.95"
2017-10-08,"111,081.66"
2017-10-07,"97,642.57"
2017-10-06,"131,142.95"
2017-10-05,"122,895.37"
2017-10-04,"113,305.91"
2017-10-03,"112,496.52"
2017-10-02,"106,729.64"
2017-10-01,"107,268.01"
2017-09-30,"111,314.04"
2017-09-29,"96,150.12"
2017-09-28,"111,468.56"
2017-09-27,"124,566.52"
2017-09-26,"111,977.50"
2017-09-25,"110,672.13"
2017-09-24,"125,451.71"
2017-09-23,"86,664.83"
2017-09-22,"80,350.64"
2017-09-21,"89,874.49"
2017-09-20,"187,214.45"
2017-09-19,"109,762.18"
2017-09-18,"113,552.55"
2017-09-17,"91,434.92"
2017-09-16,"165,043.84"
2017-09-15,"147,653.36"
2017-09-14,"102,959.43"
2017-09-13,"127,921.19"
2017-09-12,"155,493.03"
2017-09-11,"115,207.05"
2017-09-10,"117,850.87"
2017-09-09,"129,372.92"
2017-09-08,"237,813.44"
2017-09-07,"240,066.41"
2017-09-06,"251,958.47"
2017-09-05,"183,000.47"
2017-09-04,"152,084.80"
2017-09-03,"102,971.26"
2017-09-02,"218,815.59"
2017-09-01,"199,878.52"
2017-08-31,"281,043.45"
2017-08-30,"163,432.58"
2017-08-29,"185,739.52"
2017-08-28,"111,258.20"
2017-08-27,"93,027.58"
2017-08-26,"98,611.51"
2017-08-25,"103,037.93"
2017-08-24,"103,961.04"
2017-08-23,"100,858.69"
2017-08-22,"101,596.45"
2017-08-21,"106,262.00"
2017-08-20,"86,799.14"
2017-08-19,"139,356.63"
2017-08-18,"307,351.85"
2017-08-17,"210,752.25"
2017-08-16,"346,002.30"
2017-08-15,"111,781.26"
2017-08-14,"104,079.01"
2017-08-13,"90,644.18"
2017-08-12,"108,002.63"
2017-08-11,"106,404.54"
2017-08-10,"93,863.53"
2017-08-09,"80,421.09"
2017-08-08,"95,523.70"
2017-08-07,"85,835.01"
2017-08-06,"64,029.79"
2017-08-05,"56,279.52"
2017-08-04,"49,405.20"
2017-08-03,"52,978.76"
2017-08-02,"52,870.89"
2017-08-01,"57,741.24"
2017-07-31,"45,915.48"
2017-07-30,"41,765.62"
2017-07-29,"38,534.11"
2017-07-28,"56,055.45"
2017-07-27,"53,804.89"
2017-07-26,"59,415.26"
2017-07-25,"75,131.21"
2017-07-24,"69,616.59"
2017-07-23,"65,246.91"
2017-07-22,"50,366.56"
2017-07-21,"69,565.12"
2017-07-20,"56,156.73"
2017-07-19,"73,333.86"
2017-07-18,"86,754.47"
2017-07-17,"48,564.26"
2017-07-16,"43,392.65"
2017-07-15,"53,348.87"
2017-07-14,"55,190.52"
2017-07-13,"70,196.82"
2017-07-12,"68,338.38"
2017-07-11,"57,605.34"
2017-07-10,"60,636.69"
2017-07-09,"63,385.53"
2017-07-08,"89,041.85"
2017-07-07,"92,347.16"
2017-07-06,"82,471.85"
2017-07-05,"109,837.02"
2017-07-04,"106,156.46"
2017-07-03,"121,779.33"
2017-07-02,"87,436.01"
2017-07-01,"88,611.42"
2017-06-30,"106,870.37"
2017-06-29,"147,683.05"
2017-06-28,"231,478.43"
2017-06-27,"85,561.37"
2017-06-26,"244,695.71"
2017-06-25,"131,425.59"
2017-06-24,"215,979.00"
2017-06-23,"160,634.83"
2017-06-22,"230,388.13"
2017-06-21,"312,437.09"
2017-06-20,"266,856.16"
2017-06-19,"105,462.63"
2017-06-18,"95,450.60"
2017-06-17,"89,011.70"
2017-06-16,"93,434.90"
2017-06-15,"94,877.84"
2017-06-14,"97,392.79"
2017-06-13,"115,533.56"
2017-06-12,"191,059.09"
2017-06-11,"107,402.63"
2017-06-10,"64,984.29"
2017-06-09,"67,283.33"
2017-06-08,"62,023.24"
2017-06-07,"72,680.09"
2017-06-06,"68,194.28"
2017-06-05,"54,308.06"
2017-06-04,"61,165.36"
2017-06-03,"50,830.91"
2017-06-02,"65,503.75"
2017-06-01,"57,427.37"
2017-05-31,"145,159.64"
2017-05-30,"66,884.21"
2017-05-29,"34,269.03"
2017-05-28,"32,553.06"
2017-05-27,"27,483.51"
2017-05-26,"36,861.41"
2017-05-25,"42,753.08"
2017-05-24,"54,083.08"
2017-05-23,"44,916.63"
2017-05-22,"32,704.22"
2017-05-21,"22,295.95"
2017-05-20,"20,105.52"
2017-05-19,"19,957.51"
2017-05-18,"14,918.96"
2017-05-17,"19,711.21"
2017-05-16,"12,551.15"
2017-05-15,"12,232.90"
2017-05-14,"9,634.46"
2017-05-13,"9,610.84"
2017-05-12,"9,937.63"
2017-05-11,"9,871.86"
2017-05-10,"9,372.93"
2017-05-09,"9,522.75"
2017-05-08,"8,847.52"
2017-05-07,"10,174.62"
2017-05-06,"7,976.53"
2017-05-05,"8,240.24"
2017-05-04,"8,039.20"
2017-05-03,"6,038.16"
2017-05-02,"8,758.49"
2017-05-01,"8,373.48"
2017-04-30,"5,667.33"
2017-04-29,"4,879.40"
2017-04-28,"5,193.51"
2017-04-27,"4,971.07"
2017-04-26,"3,854.82"
2017-04-25,"3,929.20"
2017-04-24,"3,638.04"
2017-04-23,"3,149.54"
2017-04-22,"3,633.44"
2017-04-21,"4,521.26"
2017-04-20,"3,525.00"
2017-04-19,"3,966.21"
2017-04-18,"3,661.37"
2017-04-17,"2,925.11"
2017-04-16,"2,683.02"
2017-04-15,"2,778.79"
2017-04-14,"3,026.23"
2017-04-13,"3,000.72"
2017-04-12,"3,553.42"
2017-04-11,"2,572.67"
2017-04-10,"2,711.51"
2017-04-09,"2,479.85"
2017-04-08,"2,314.69"
2017-04-07,"3,107.01"
2017-04-06,"3,254.08"
2017-04-05,"3,158.95"
2017-04-04,"2,853.66"
2017-04-03,"3,450.19"
2017-04-02,"3,323.24"
2017-04-01,"2,874.39"
2017-03-31,"3,886.40"
2017-03-30,"3,744.00"
2017-03-29,"3,639.44"
2017-03-28,"3,204.83"
2017-03-27,"3,973.27"
2017-03-26,"2,945.85"
2017-03-25,"2,945.56"
2017-03-24,"3,411.54"
2017-03-23,"2,579.16"
2017-03-22,"2,524.38"
2017-03-21,"2,799.84"
2017-03-20,"2,543.40"
2017-03-19,"2,311.17"
2017-03-18,"2,437.82"
2017-03-17,"4,204.90"
2017-03-16,"3,505.32"
2017-03-15,"1,955.24"
2017-03-14,"2,136.52"
2017-03-13,"2,094.44"
2017-03-12,"1,090.50"
2017-03-11,953.11
2017-03-10,"1,012.87"
2017-03-09,862.83
2017-03-08,725.34
2017-03-07,840.32
2017-03-06,809.18
2017-03-05,821.40
2017-03-04,828.87
2017-03-03,919.01
2017-03-02,995.28
2017-03-01,874.86
2017-02-28,800.57
2017-02-27,659.94
2017-02-26,541.18
2017-02-25,596.42
2017-02-24,540.40
2017-02-23,553.76
2017-02-22,645.36
2017-02-21,691.90
2017-02-20,524.37
2017-02-19,464.33
2017-02-18,569.50
2017-02-17,497.10
2017-02-16,500.74
2017-02-15,"1,161.27"
2017-02-14,611.76
2017-02-13,692.54
2017-02-12,457.52
2017-02-11,435.66
2017-02-10,510.66
2017-02-09,456.81
2017-02-08,500.61
2017-02-07,530.61
2017-02-06,409.62
2017-02-05,396.52
2017-02-04,375.44
2017-02-03,370.89
2017-02-02,380.07
2017-02-01,409.46
2017-01-31,339.89
2017-01-30,345.19
2017-01-29,321.85
2017-01-28,351.44
2017-01-27,371.81
2017-01-26,385.85
2017-01-25,398.34
2017-01-24,438.75
2017-01-23,376.47
2017-01-22,387.30
2017-01-21,329.78
2017-01-20,355.17
2017-01-19,321.89
2017-01-18,348.52
2017-01-17,394.32
2017-01-16,317.67
2017-01-15,296.78
2017-01-14,279.03
2017-01-13,348.02
2017-01-12,356.74
2017-01-11,351.68
2017-01-10,405.89
2017-01-09,376.12
2017-01-08,332.01
2017-01-07,299.00
2017-01-06,320.46
2017-01-05,376.25
2017-01-04,419.53
2017-01-03,359.79
2017-01-02,231.15
2017-01-01,208.08
2016-12-31,228.38
2016-12-30,370.24
2016-12-29,331.47
2016-12-28,228.65
2016-12-27,263.10
2016-12-26,168.05
2016-12-25,175.86
2016-12-24,188.75
2016-12-23,219.46
2016-12-22,297.54
2016-12-21,424.70
2016-12-20,335.61
2016-12-19,282.39
2016-12-18,217.53
2016-12-17,251.70
2016-12-16,240.35
2016-12-15,275.14
2016-12-14,292.66
2016-12-13,260.87
2016-12-12,261.01
2016-12-11,301.41
2016-12-10,241.38
2016-12-09,263.75
2016-12-08,"6,759.52"
2016-12-07,272.58
2016-12-06,239.28
2016-12-05,227.66
2016-12-04,202.88
2016-12-03,205.46
2016-12-02,224.92
2016-12-01,231.17
2016-11-30,298.89
2016-11-29,839.20
2016-11-28,"1,079.53"
2016-11-27,"1,047.20"
2016-11-26,680.30
2016-11-25,563.16
2016-11-24,560.90
2016-11-23,810.83
2016-11-22,377.57
2016-11-21,338.14
2016-11-20,313.41
2016-11-19,269.42
2016-11-18,337.71
2016-11-17,305.25
2016-11-16,355.62
2016-11-15,372.81
2016-11-14,384.39
2016-11-13,341.95
2016-11-12,311.16
2016-11-11,460.66
2016-11-10,374.39
2016-11-09,371.75
2016-11-08,341.09
2016-11-07,315.56
2016-11-06,255.32
2016-11-05,271.34
2016-11-04,237.67
2016-11-03,324.17
2016-11-02,318.33
2016-11-01,441.09
2016-10-31,373.99
2016-10-30,326.30
2016-10-29,332.40
2016-10-28,404.93
2016-10-27,381.77
2016-10-26,407.53
2016-10-25,500.13
2016-10-24,583.42
2016-10-23,317.28
2016-10-22,334.33
2016-10-21,507.30
2016-10-20,665.78
2016-10-19,"1,140.01"
2016-10-18,"1,210.39"
2016-10-17,853.94
2016-10-16,801.60
2016-10-15,821.02
2016-10-14,901.50
2016-10-13,"1,346.76"
2016-10-12,524.02
2016-10-11,469.20
2016-10-10,648.24
2016-10-09,734.07
2016-10-08,693.90
2016-10-07,682.26
2016-10-06,649.39
2016-10-05,849.71
2016-10-04,"1,143.59"
2016-10-03,875.12
2016-10-02,"1,155.76"
2016-10-01,"1,203.25"
2016-09-30,531.41
2016-09-29,543.51
2016-09-28,904.59
2016-09-27,"1,287.47"
2016-09-26,"1,492.52"
2016-09-25,871.15
2016-09-24,925.44
2016-09-23,652.64
2016-09-22,828.55
2016-09-21,416.55
2016-09-20,449.50
2016-09-19,354.21
2016-09-18,376.43
2016-09-17,444.71
2016-09-16,572.96
2016-09-15,435.50
2016-09-14,433.65
2016-09-13,364.96
2016-09-12,412.95
2016-09-11,339.34
2016-09-10,320.27
2016-09-09,483.90
2016-09-08,472.66
2016-09-07,397.57
2016-09-06,387.36
2016-09-05,335.03
2016-09-04,575.78
2016-09-03,323.22
2016-09-02,545.72
2016-09-01,386.39
2016-08-31,340.53
2016-08-30,358.69
2016-08-29,322.55
2016-08-28,284.25
2016-08-27,320.72
2016-08-26,357.38
2016-08-25,363.69
2016-08-24,331.98
2016-08-23,799.32
2016-08-22,335.68
2016-08-21,322.23
2016-08-20,295.76
2016-08-19,321.13
2016-08-18,392.59
2016-08-17,315.54
2016-08-16,347.27
2016-08-15,303.50
2016-08-14,277.46
2016-08-13,292.68
2016-08-12,356.38
2016-08-11,380.43
2016-08-10,408.36
2016-08-09,368.61
2016-08-08,592.05
2016-08-07,302.74
2016-08-06,279.08
2016-08-05,322.32
2016-08-04,347.79
2016-08-03,319.75
2016-08-02,346.79
2016-08-01,352.08
2016-07-31,369.50
2016-07-30,379.92
2016-07-29,580.08
2016-07-28,814.64
2016-07-27,483.39
2016-07-26,583.94
2016-07-25,525.39
2016-07-24,500.07
2016-07-23,476.95
2016-07-22,504.90
2016-07-21,424.89
2016-07-20,915.15
2016-07-19,330.40
2016-07-18,291.75
2016-07-17,222.36
2016-07-16,281.87
2016-07-15,349.24
2016-07-14,359.81
2016-07-13,259.80
2016-07-12,345.22
2016-07-11,303.05
2016-07-10,301.08
2016-07-09,540.29
2016-07-08,413.15
2016-07-07,268.65
2016-07-06,316.34
2016-07-05,317.46
2016-07-04,310.32
2016-07-03,366.18
2016-07-02,294.07
2016-07-01,553.77
2016-06-30,"1,099.36"
2016-06-29,693.65
2016-06-28,421.58
2016-06-27,385.05
2016-06-26,384.24
2016-06-25,403.95
2016-06-24,550.42
2016-06-23,418.83
2016-06-22,733.49
2016-06-21,995.89
2016-06-20,609.34
2016-06-19,662.68
2016-06-18,"3,506.71"
2016-06-17,"3,998.72"
2016-06-16,801.52
2016-06-15,559.99
2016-06-14,702.43
2016-06-13,615.76
2016-06-12,429.76
2016-06-11,378.25
2016-06-10,408.59
2016-06-09,417.82
2016-06-08,413.47
2016-06-07,950.42
2016-06-06,359.13
2016-06-05,328.62
2016-06-04,333.81
2016-06-03,345.34
2016-06-02,358.67
2016-06-01,434.68
2016-05-31,414.43
2016-05-30,398.28
2016-05-29,472.50
2016-05-28,922.31
2016-05-27,429.51
2016-05-26,442.68
2016-05-25,406.41
2016-05-24,372.13
2016-05-23,416.73
2016-05-22,406.32
2016-05-21,488.59
2016-05-20,545.85
2016-05-19,462.19
2016-05-18,457.85
2016-05-17,334.44
2016-05-16,290.20
2016-05-15,317.59
2016-05-14,362.06
2016-05-13,457.47
2016-05-12,398.31
2016-05-11,306.81
2016-05-10,259.07
2016-05-09,248.72
2016-05-08,268.56
2016-05-07,226.23
2016-05-06,340.90
2016-05-05,297.83
2016-05-04,261.18
2016-05-03,258.79
2016-05-02,263.57
2016-05-01,320.06
2016-04-30,265.85
2016-04-29,175.16
2016-04-28,168.18
2016-04-27,155.85
2016-04-26,158.97
2016-04-25,186.60
2016-04-24,184.35
2016-04-23,156.45
2016-04-22,164.77
2016-04-21,257.63
2016-04-20,205.35
2016-04-19,172.85
2016-04-18,182.52
2016-04-17,279.86
2016-04-16,142.84
2016-04-15,194.98
2016-04-14,266.31
2016-04-13,257.73
2016-04-12,180.83
2016-04-11,158.96
2016-04-10,168.50
2016-04-09,192.91
2016-04-08,250.24
2016-04-07,223.68
2016-04-06,230.91
2016-04-05,307.89
2016-04-04,282.40
2016-04-03,207.57
2016-04-02,208.29
2016-04-01,282.77
2016-03-31,295.28
2016-03-30,443.39
2016-03-29,277.85
2016-03-28,297.00
2016-03-27,206.06
2016-03-26,383.18
2016-03-25,436.64
2016-03-24,473.01
2016-03-23,388.62
2016-03-22,303.64
2016-03-21,358.62
2016-03-20,367.73
2016-03-19,469.54
2016-03-18,280.70
2016-03-17,368.19
2016-03-16,316.55
2016-03-15,305.93
2016-03-14,374.92
2016-03-13,367.50
2016-03-12,315.02
2016-03-11,213.92
2016-03-10,237.04
2016-03-09,277.21
2016-03-08,321.18
2016-03-07,313.15
2016-03-06,418.87
2016-03-05,377.41
2016-03-04,316.31
2016-03-03,327.04
2016-03-02,311.67
2016-03-01,230.20
2016-02-29,211.18
2016-02-28,189.56
2016-02-27,176.39
2016-02-26,305.62
2016-02-25,198.43
2016-02-24,302.94
2016-02-23,536.68
2016-02-22,167.44
2016-02-21,125.07
2016-02-20,118.77
2016-02-19,166.58
2016-02-18,118.68
2016-02-17,167.85
2016-02-16,161.57
2016-02-15,168.06
2016-02-14,135.85
2016-02-13,179.73
2016-02-12,193.94
2016-02-11,229.67
2016-02-10,256.25
2016-02-09,175.89
2016-02-08,117.57
2016-02-07,143.26
2016-02-06,604.81
2016-02-05,98.80
2016-02-04,83.13
2016-02-03,67.48
2016-02-02,66.06
2016-02-01,72.29
2016-01-31,81.11
2016-01-30,89.45
2016-01-29,94.09
2016-01-28,103.18
2016-01-27,136.93
2016-01-26,97.93
2016-01-25,92.57
2016-01-24,50.88
2016-01-23,30.56
2016-01-22,47.43
2016-01-21,30.96
2016-01-20,27.91
2016-01-19,48.97
2016-01-18,44.02
2016-01-17,21.16
2016-01-16,28.14
2016-01-15,28.74
2016-01-14,30.34
2016-01-13,67.01
2016-01-12,29.26
2016-01-11,26.38
2016-01-10,25.97
2016-01-09,38.56
2016-01-08,25.18
2016-01-07,62.37
2016-01-06,63.04
2016-01-05,57.74
2016-01-04,20.38
2016-01-03,18.74
2016-01-02,18.51
2016-01-01,14.77
2015-12-31,23.74
2015-12-30,67.87
2015-12-29,28.14
2015-12-28,31.10
2015-12-27,73.65
2015-12-26,27.10
2015-12-25,23.17
2015-12-24,39.59
2015-12-23,70.66
2015-12-22,52.97
2015-12-21,35.31
2015-12-20,31.51
2015-12-19,25.87
2015-12-18,29.70
2015-12-17,30.85
2015-12-16,43.99
2015-12-15,115.20
2015-12-14,73.81
2015-12-13,18.12
2015-12-12,22.33
2015-12-11,14.38
2015-12-10,9.25
2015-12-09,8.02
2015-12-08,7.26
2015-12-07,7.87
2015-12-06,14.74
2015-12-05,11.12
2015-12-04,10.16
2015-12-03,8.65
2015-12-02,9.65
2015-12-01,11.39
2015-11-30,18.14
2015-11-29,8.06
2015-11-28,13.15
2015-11-27,8.25
2015-11-26,8.04
2015-11-25,10.92
2015-11-24,12.11
2015-11-23,12.73
2015-11-22,10.91
2015-11-21,10.65
2015-11-20,11.08
2015-11-19,15.47
2015-11-18,10.08
2015-11-17,9.11
2015-11-16,9.40
2015-11-15,10.36
2015-11-14,16.55
2015-11-13,12.84
2015-11-12,22.03
2015-11-11,19.59
2015-11-10,15.15
2015-11-09,11.65
2015-11-08,28.32
2015-11-07,29.22
2015-11-06,14.36
2015-11-05,9.85
2015-11-04,8.72
2015-11-03,12.18
2015-11-02,10.95
2015-11-01,15.52
2015-10-31,14.92
2015-10-30,15.21
2015-10-29,13.46
2015-10-28,9.57
2015-10-27,15.27
2015-10-26,6.90
2015-10-25,5.64
2015-10-24,5.84
2015-10-23,7.51
2015-10-22,6.02
2015-10-21,4.49
2015-10-20,5.61
2015-10-19,5.84
2015-10-18,6.97
2015-10-17,6.60
2015-10-16,11.59
2015-10-15,10.19
2015-10-14,6.70
2015-10-13,7.54
2015-10-12,6.81
2015-10-11,5.65
2015-10-10,7.27
2015-10-09,7.43
2015-10-08,7.21
2015-10-07,7.71
2015-10-06,6.22
2015-10-05,7.58
2015-10-04,6.38
2015-10-03,6.79
2015-10-02,6.57
2015-10-01,6.07
2015-09-30,5.63
2015-09-29,5.50
2015-09-28,6.05
2015-09-27,6.29
2015-09-26,6.84
2015-09-25,7.57
2015-09-24,8.92
2015-09-23,9.57
2015-09-22,10.21
2015-09-21,9.44
2015-09-20,9.85
2015-09-19,6.81
2015-09-18,10.20
2015-09-17,7.46
2015-09-16,14.02
2015-09-15,7.78
2015-09-14,9.02
2015-09-13,9.41
2015-09-12,11.69
2015-09-11,9.36
2015-09-10,9.44
2015-09-09,12.08
2015-09-08,12.98
2015-09-07,11.78
2015-09-06,10.72
2015-09-05,11.86
2015-09-04,12.37
2015-09-03,8.90
2015-09-02,10.81
2015-09-01,10.67
2015-08-31,9.83
2015-08-30,7.16
2015-08-29,6.50
2015-08-28,11.61
2015-08-27,10.05
2015-08-26,8.52
2015-08-25,9.86
2015-08-24,11.54
2015-08-23,10.87
2015-08-22,60.34
2015-08-21,11.73
2015-08-20,0.00
2015-08-19,0.00
2015-08-18,0.00
2015-08-17,0.00
2015-08-16,0.00
2015-08-15,0.00
2015-08-14,0.00
2015-08-13,0.00
2015-08-12,0.00
2015-08-11,0.00
2015-08-10,0.00
2015-08-09,0.00
2015-08-08,0.00
2015-08-07,0.00