time,REV
2025-09-09T00:00:00.000Z,"$1,825,519.41"
2025-09-08T00:00:00.000Z,"$1,751,923.62"
2025-09-07T00:00:00.000Z,"$1,384,979.83"
2025-09-06T00:00:00.000Z,"$1,377,319.04"
2025-09-05T00:00:00.000Z,"$1,886,289.74"
2025-09-04T00:00:00.000Z,"$1,949,540.61"
2025-09-03T00:00:00.000Z,"$2,263,216.67"
2025-09-02T00:00:00.000Z,"$2,274,037.17"
2025-09-01T00:00:00.000Z,"$1,953,373.78"
2025-08-31T00:00:00.000Z,"$1,467,925.72"
2025-08-30T00:00:00.000Z,"$1,623,401.60"
2025-08-29T00:00:00.000Z,"$2,613,020.67"
2025-08-28T00:00:00.000Z,"$2,636,432.62"
2025-08-27T00:00:00.000Z,"$3,111,775.31"
2025-08-26T00:00:00.000Z,"$2,348,980.26"
2025-08-25T00:00:00.000Z,"$2,325,346.06"
2025-08-24T00:00:00.000Z,"$2,085,016.70"
2025-08-23T00:00:00.000Z,"$1,811,013.68"
2025-08-22T00:00:00.000Z,"$2,472,514.78"
2025-08-21T00:00:00.000Z,"$3,075,578.11"
2025-08-20T00:00:00.000Z,"$1,991,801.81"
2025-08-19T00:00:00.000Z,"$2,200,574.10"
2025-08-18T00:00:00.000Z,"$2,307,258.05"
2025-08-17T00:00:00.000Z,"$1,754,141.42"
2025-08-16T00:00:00.000Z,"$2,051,193.77"
2025-08-15T00:00:00.000Z,"$2,635,767.14"
2025-08-14T00:00:00.000Z,"$3,842,935.30"
2025-08-13T00:00:00.000Z,"$3,774,874.29"
2025-08-12T00:00:00.000Z,"$3,504,230.84"
2025-08-11T00:00:00.000Z,"$3,248,970.77"
2025-08-10T00:00:00.000Z,"$2,406,350.44"
2025-08-09T00:00:00.000Z,"$2,683,624.30"
2025-08-08T00:00:00.000Z,"$3,049,197.45"
2025-08-07T00:00:00.000Z,"$3,361,493.91"
2025-08-06T00:00:00.000Z,"$2,700,891.72"
2025-08-05T00:00:00.000Z,"$2,835,957.97"
2025-08-04T00:00:00.000Z,"$2,468,877.02"
2025-08-03T00:00:00.000Z,"$1,719,925.51"
2025-08-02T00:00:00.000Z,"$1,563,754.05"
2025-08-01T00:00:00.000Z,"$2,173,439.57"
2025-07-31T00:00:00.000Z,"$2,687,818.59"
2025-07-30T00:00:00.000Z,"$2,734,514.86"
2025-07-29T00:00:00.000Z,"$2,752,188.82"
2025-07-28T00:00:00.000Z,"$3,002,366.87"
2025-07-27T00:00:00.000Z,"$2,071,096.94"
2025-07-26T00:00:00.000Z,"$2,297,242.26"
2025-07-25T00:00:00.000Z,"$2,552,269.35"
2025-07-24T00:00:00.000Z,"$3,330,228.10"
2025-07-23T00:00:00.000Z,"$3,256,456.40"
2025-07-22T00:00:00.000Z,"$3,803,138.30"
2025-07-21T00:00:00.000Z,"$3,372,005.81"
2025-07-20T00:00:00.000Z,"$2,598,946.76"
2025-07-19T00:00:00.000Z,"$2,287,430.07"
2025-07-18T00:00:00.000Z,"$4,091,280.71"
2025-07-17T00:00:00.000Z,"$3,969,607.83"
2025-07-16T00:00:00.000Z,"$3,968,112.18"
2025-07-15T00:00:00.000Z,"$3,202,050.43"
2025-07-14T00:00:00.000Z,"$3,216,037.92"
2025-07-13T00:00:00.000Z,"$1,986,730.81"
2025-07-12T00:00:00.000Z,"$1,982,279.92"
2025-07-11T00:00:00.000Z,"$2,622,296.35"
2025-07-10T00:00:00.000Z,"$2,861,517.25"
2025-07-09T00:00:00.000Z,"$2,478,558.95"
2025-07-08T00:00:00.000Z,"$2,671,570.35"
2025-07-07T00:00:00.000Z,"$2,770,797.74"
2025-07-06T00:00:00.000Z,"$2,661,956.56"
2025-07-05T00:00:00.000Z,"$2,258,533.63"
2025-07-04T00:00:00.000Z,"$2,009,636.37"
2025-07-03T00:00:00.000Z,"$2,628,345.93"
2025-07-02T00:00:00.000Z,"$2,571,546.51"
2025-07-01T00:00:00.000Z,"$2,330,049.56"
2025-06-30T00:00:00.000Z,"$2,521,024.72"
2025-06-29T00:00:00.000Z,"$1,633,708.74"
2025-06-28T00:00:00.000Z,"$1,798,196.48"
2025-06-27T00:00:00.000Z,"$2,090,681.68"
2025-06-26T00:00:00.000Z,"$2,151,371.53"
2025-06-25T00:00:00.000Z,"$2,432,152.43"
2025-06-24T00:00:00.000Z,"$1,973,041.59"
2025-06-23T00:00:00.000Z,"$1,775,536.82"
2025-06-22T00:00:00.000Z,"$1,554,554.11"
2025-06-21T00:00:00.000Z,"$1,687,108.96"
2025-06-20T00:00:00.000Z,"$1,824,324.85"
2025-06-19T00:00:00.000Z,"$2,091,785.74"
2025-06-18T00:00:00.000Z,"$1,964,830.96"
2025-06-17T00:00:00.000Z,"$1,919,431.53"
2025-06-16T00:00:00.000Z,"$2,793,481.54"
2025-06-15T00:00:00.000Z,"$1,592,920.27"
2025-06-14T00:00:00.000Z,"$1,549,983.18"
2025-06-13T00:00:00.000Z,"$2,060,574.70"
2025-06-12T00:00:00.000Z,"$2,119,060.07"
2025-06-11T00:00:00.000Z,"$2,424,081.73"
2025-06-10T00:00:00.000Z,"$2,321,151.25"
2025-06-09T00:00:00.000Z,"$2,287,625.92"
2025-06-08T00:00:00.000Z,"$1,650,119.02"
2025-06-07T00:00:00.000Z,"$1,720,055.71"
2025-06-06T00:00:00.000Z,"$2,361,749.06"
2025-06-05T00:00:00.000Z,"$3,224,233.65"
2025-06-04T00:00:00.000Z,"$2,165,080.80"
2025-06-03T00:00:00.000Z,"$2,675,133.63"
2025-06-02T00:00:00.000Z,"$2,381,942.14"
2025-06-01T00:00:00.000Z,"$1,901,274.31"
2025-05-31T00:00:00.000Z,"$1,795,693.84"
2025-05-30T00:00:00.000Z,"$2,145,844.13"
2025-05-29T00:00:00.000Z,"$2,614,808.60"
2025-05-28T00:00:00.000Z,"$2,646,390.81"
2025-05-27T00:00:00.000Z,"$2,909,733.25"
2025-05-26T00:00:00.000Z,"$2,949,963.71"
2025-05-25T00:00:00.000Z,"$2,294,074.01"
2025-05-24T00:00:00.000Z,"$2,262,996.38"
2025-05-23T00:00:00.000Z,"$3,620,076.08"
2025-05-22T00:00:00.000Z,"$4,360,028.11"
2025-05-21T00:00:00.000Z,"$3,909,740.05"
2025-05-20T00:00:00.000Z,"$3,927,486.72"
2025-05-19T00:00:00.000Z,"$3,583,806.12"
2025-05-18T00:00:00.000Z,"$3,431,783.91"
2025-05-17T00:00:00.000Z,"$3,880,397.81"
2025-05-16T00:00:00.000Z,"$4,801,575.41"
2025-05-15T00:00:00.000Z,"$6,501,504.47"
2025-05-14T00:00:00.000Z,"$8,351,012.04"
2025-05-13T00:00:00.000Z,"$7,961,901.28"
2025-05-12T00:00:00.000Z,"$5,366,953.61"
2025-05-11T00:00:00.000Z,"$3,430,313.09"
2025-05-10T00:00:00.000Z,"$3,185,800.37"
2025-05-09T00:00:00.000Z,"$4,169,350.98"
2025-05-08T00:00:00.000Z,"$4,654,566.60"
2025-05-07T00:00:00.000Z,"$3,560,030.18"
2025-05-06T00:00:00.000Z,"$3,735,434.35"
2025-05-05T00:00:00.000Z,"$3,174,120.18"
2025-05-04T00:00:00.000Z,"$2,892,965.69"
2025-05-03T00:00:00.000Z,"$3,309,145.56"
2025-05-02T00:00:00.000Z,"$3,950,795.09"
2025-05-01T00:00:00.000Z,"$5,478,449.07"
2025-04-30T00:00:00.000Z,"$3,763,174.13"
2025-04-29T00:00:00.000Z,"$4,035,391.78"
2025-04-28T00:00:00.000Z,"$3,828,126.96"
2025-04-27T00:00:00.000Z,"$3,083,478.35"
2025-04-26T00:00:00.000Z,"$3,202,939.01"
2025-04-25T00:00:00.000Z,"$4,111,053.89"
2025-04-24T00:00:00.000Z,"$3,378,846.59"
2025-04-23T00:00:00.000Z,"$3,790,494.47"
2025-04-22T00:00:00.000Z,"$3,277,379.00"
2025-04-21T00:00:00.000Z,"$3,095,097.51"
2025-04-20T00:00:00.000Z,"$2,101,166.77"
2025-04-19T00:00:00.000Z,"$2,384,075.74"
2025-04-18T00:00:00.000Z,"$2,687,462.43"
2025-04-17T00:00:00.000Z,"$3,277,521.60"
2025-04-16T00:00:00.000Z,"$4,028,444.14"
2025-04-15T00:00:00.000Z,"$3,461,065.21"
2025-04-14T00:00:00.000Z,"$3,311,464.59"
2025-04-13T00:00:00.000Z,"$2,666,514.57"
2025-04-12T00:00:00.000Z,"$2,943,927.42"
2025-04-11T00:00:00.000Z,"$2,550,217.75"
2025-04-10T00:00:00.000Z,"$2,597,068.96"
2025-04-09T00:00:00.000Z,"$3,047,222.81"
2025-04-08T00:00:00.000Z,"$2,408,303.58"
2025-04-07T00:00:00.000Z,"$2,256,017.80"
2025-04-06T00:00:00.000Z,"$1,686,741.26"
2025-04-05T00:00:00.000Z,"$1,790,586.89"
2025-04-04T00:00:00.000Z,"$1,914,029.32"
2025-04-03T00:00:00.000Z,"$2,027,375.83"
2025-04-02T00:00:00.000Z,"$2,746,834.50"
2025-04-01T00:00:00.000Z,"$2,822,505.00"
2025-03-31T00:00:00.000Z,"$2,353,302.99"
2025-03-30T00:00:00.000Z,"$1,904,409.54"
2025-03-29T00:00:00.000Z,"$2,115,086.97"
2025-03-28T00:00:00.000Z,"$2,904,026.42"
2025-03-27T00:00:00.000Z,"$2,640,623.89"
2025-03-26T00:00:00.000Z,"$2,754,878.36"
2025-03-25T00:00:00.000Z,"$3,292,344.37"
2025-03-24T00:00:00.000Z,"$2,904,082.09"
2025-03-23T00:00:00.000Z,"$1,633,678.05"
2025-03-22T00:00:00.000Z,"$1,178,315.80"
2025-03-21T00:00:00.000Z,"$1,198,769.17"
2025-03-20T00:00:00.000Z,"$2,008,202.38"
2025-03-19T00:00:00.000Z,"$1,993,931.77"
2025-03-18T00:00:00.000Z,"$1,812,699.42"
2025-03-17T00:00:00.000Z,"$2,191,549.44"
2025-03-16T00:00:00.000Z,"$1,725,442.65"
2025-03-15T00:00:00.000Z,"$2,190,564.56"
2025-03-14T00:00:00.000Z,"$2,019,668.39"
2025-03-13T00:00:00.000Z,"$2,116,349.40"
2025-03-12T00:00:00.000Z,"$2,165,412.16"
2025-03-11T00:00:00.000Z,"$1,983,057.39"
2025-03-10T00:00:00.000Z,"$2,057,078.63"
2025-03-09T00:00:00.000Z,"$1,976,457.57"
2025-03-08T00:00:00.000Z,"$2,376,730.48"
2025-03-07T00:00:00.000Z,"$3,651,656.82"
2025-03-06T00:00:00.000Z,"$2,739,111.14"
2025-03-05T00:00:00.000Z,"$2,782,688.25"
2025-03-04T00:00:00.000Z,"$2,504,381.82"
2025-03-03T00:00:00.000Z,"$3,406,382.45"
2025-03-02T00:00:00.000Z,"$3,149,652.17"
2025-03-01T00:00:00.000Z,"$1,748,399.32"
2025-02-28T00:00:00.000Z,"$2,275,634.23"
2025-02-27T00:00:00.000Z,"$2,552,070.15"
2025-02-26T00:00:00.000Z,"$2,509,205.66"
2025-02-25T00:00:00.000Z,"$3,139,896.79"
2025-02-24T00:00:00.000Z,"$3,524,767.29"
2025-02-23T00:00:00.000Z,"$3,379,691.69"
2025-02-22T00:00:00.000Z,"$3,308,228.65"
2025-02-21T00:00:00.000Z,"$4,140,874.15"
2025-02-20T00:00:00.000Z,"$4,643,419.87"
2025-02-19T00:00:00.000Z,"$5,359,016.65"
2025-02-18T00:00:00.000Z,"$4,924,333.98"
2025-02-17T00:00:00.000Z,"$4,733,236.22"
2025-02-16T00:00:00.000Z,"$4,874,002.19"
2025-02-15T00:00:00.000Z,"$6,067,432.57"
2025-02-14T00:00:00.000Z,"$10,006,535.15"
2025-02-13T00:00:00.000Z,"$8,860,503.37"
2025-02-12T00:00:00.000Z,"$10,523,727.40"
2025-02-11T00:00:00.000Z,"$13,130,314.16"
2025-02-10T00:00:00.000Z,"$14,362,846.60"
2025-02-09T00:00:00.000Z,"$10,242,216.71"
2025-02-08T00:00:00.000Z,"$6,687,742.17"
2025-02-07T00:00:00.000Z,"$9,019,082.72"
2025-02-06T00:00:00.000Z,"$7,647,434.27"
2025-02-05T00:00:00.000Z,"$10,279,827.89"
2025-02-04T00:00:00.000Z,"$10,253,420.57"
2025-02-03T00:00:00.000Z,"$9,618,858.81"
2025-02-02T00:00:00.000Z,"$8,120,744.49"
2025-02-01T00:00:00.000Z,"$11,762,639.49"
2025-01-31T00:00:00.000Z,"$17,552,921.85"
2025-01-30T00:00:00.000Z,"$24,488,168.73"
2025-01-29T00:00:00.000Z,"$15,613,859.12"
2025-01-28T00:00:00.000Z,"$16,451,129.32"
2025-01-27T00:00:00.000Z,"$20,241,851.59"
2025-01-26T00:00:00.000Z,"$20,270,615.21"
2025-01-25T00:00:00.000Z,"$20,715,900.68"
2025-01-24T00:00:00.000Z,"$28,219,936.82"
2025-01-23T00:00:00.000Z,"$33,031,193.06"
2025-01-22T00:00:00.000Z,"$22,153,234.60"
2025-01-21T00:00:00.000Z,"$26,452,654.56"
2025-01-20T00:00:00.000Z,"$49,969,465.29"
2025-01-19T00:00:00.000Z,"$56,820,959.37"
2025-01-18T00:00:00.000Z,"$23,684,651.21"
2025-01-17T00:00:00.000Z,"$10,704,096.89"
2025-01-16T00:00:00.000Z,"$11,060,972.58"
2025-01-15T00:00:00.000Z,"$9,620,468.16"
2025-01-14T00:00:00.000Z,"$10,002,863.96"
2025-01-13T00:00:00.000Z,"$8,102,213.15"
2025-01-12T00:00:00.000Z,"$9,997,015.20"
2025-01-11T00:00:00.000Z,"$10,113,764.50"
2025-01-10T00:00:00.000Z,"$10,110,509.13"
2025-01-09T00:00:00.000Z,"$11,460,274.52"
2025-01-08T00:00:00.000Z,"$11,695,663.40"
2025-01-07T00:00:00.000Z,"$12,264,786.95"
2025-01-06T00:00:00.000Z,"$11,318,123.41"
2025-01-05T00:00:00.000Z,"$10,936,949.12"
2025-01-04T00:00:00.000Z,"$9,811,197.76"
2025-01-03T00:00:00.000Z,"$12,280,716.20"
2025-01-02T00:00:00.000Z,"$9,773,319.86"
2025-01-01T00:00:00.000Z,"$6,736,717.43"
2024-12-31T00:00:00.000Z,"$6,839,240.42"
2024-12-30T00:00:00.000Z,"$6,837,175.57"
2024-12-29T00:00:00.000Z,"$6,943,553.42"
2024-12-28T00:00:00.000Z,"$5,982,099.10"
2024-12-27T00:00:00.000Z,"$6,907,013.45"
2024-12-26T00:00:00.000Z,"$7,702,531.21"
2024-12-25T00:00:00.000Z,"$4,668,955.11"
2024-12-24T00:00:00.000Z,"$5,526,732.91"
2024-12-23T00:00:00.000Z,"$6,480,196.83"
2024-12-22T00:00:00.000Z,"$6,483,037.56"
2024-12-21T00:00:00.000Z,"$7,905,578.21"
2024-12-20T00:00:00.000Z,"$9,516,890.24"
2024-12-19T00:00:00.000Z,"$8,792,343.27"
2024-12-18T00:00:00.000Z,"$9,106,075.26"
2024-12-17T00:00:00.000Z,"$10,853,296.72"
2024-12-16T00:00:00.000Z,"$8,203,583.94"
2024-12-15T00:00:00.000Z,"$6,782,509.56"
2024-12-14T00:00:00.000Z,"$8,884,401.58"
2024-12-13T00:00:00.000Z,"$10,755,639.09"
2024-12-12T00:00:00.000Z,"$11,056,254.14"
2024-12-11T00:00:00.000Z,"$10,521,191.38"
2024-12-10T00:00:00.000Z,"$9,575,618.93"
2024-12-09T00:00:00.000Z,"$8,699,385.75"
2024-12-08T00:00:00.000Z,"$6,647,703.31"
2024-12-07T00:00:00.000Z,"$7,062,743.44"
2024-12-06T00:00:00.000Z,"$8,770,350.77"
2024-12-05T00:00:00.000Z,"$9,060,175.93"
2024-12-04T00:00:00.000Z,"$9,594,124.55"
2024-12-03T00:00:00.000Z,"$10,399,648.17"
2024-12-02T00:00:00.000Z,"$10,594,701.64"
2024-12-01T00:00:00.000Z,"$9,504,072.29"
2024-11-30T00:00:00.000Z,"$9,409,942.01"
2024-11-29T00:00:00.000Z,"$11,999,844.17"
2024-11-28T00:00:00.000Z,"$13,502,514.44"
2024-11-27T00:00:00.000Z,"$15,087,954.85"
2024-11-26T00:00:00.000Z,"$13,507,850.93"
2024-11-25T00:00:00.000Z,"$15,709,994.72"
2024-11-24T00:00:00.000Z,"$15,259,856.58"
2024-11-23T00:00:00.000Z,"$16,947,890.98"
2024-11-22T00:00:00.000Z,"$20,982,673.14"
2024-11-21T00:00:00.000Z,"$25,355,983.27"
2024-11-20T00:00:00.000Z,"$27,608,690.86"
2024-11-19T00:00:00.000Z,"$26,050,760.36"
2024-11-18T00:00:00.000Z,"$24,112,230.78"
2024-11-17T00:00:00.000Z,"$20,750,277.45"
2024-11-16T00:00:00.000Z,"$14,345,683.95"
2024-11-15T00:00:00.000Z,"$19,572,015.04"
2024-11-14T00:00:00.000Z,"$18,659,749.52"
2024-11-13T00:00:00.000Z,"$14,353,418.99"
2024-11-12T00:00:00.000Z,"$11,742,624.33"
2024-11-11T00:00:00.000Z,"$12,117,065.43"
2024-11-10T00:00:00.000Z,"$8,130,229.36"
2024-11-09T00:00:00.000Z,"$6,083,625.42"
2024-11-08T00:00:00.000Z,"$8,448,243.97"
2024-11-07T00:00:00.000Z,"$7,975,787.88"
2024-11-06T00:00:00.000Z,"$8,030,709.10"
2024-11-05T00:00:00.000Z,"$4,961,870.78"
2024-11-04T00:00:00.000Z,"$5,127,724.80"
2024-11-03T00:00:00.000Z,"$5,303,096.60"
2024-11-02T00:00:00.000Z,"$4,754,621.89"
2024-11-01T00:00:00.000Z,"$5,138,845.53"
2024-10-31T00:00:00.000Z,"$6,837,887.13"
2024-10-30T00:00:00.000Z,"$7,045,447.54"
2024-10-29T00:00:00.000Z,"$8,870,834.64"
2024-10-28T00:00:00.000Z,"$7,392,206.01"
2024-10-27T00:00:00.000Z,"$6,706,098.50"
2024-10-26T00:00:00.000Z,"$5,634,537.44"
2024-10-25T00:00:00.000Z,"$7,350,118.91"
2024-10-24T00:00:00.000Z,"$11,089,539.44"
2024-10-23T00:00:00.000Z,"$8,692,105.55"
2024-10-22T00:00:00.000Z,"$7,935,543.37"
2024-10-21T00:00:00.000Z,"$7,604,951.92"
2024-10-20T00:00:00.000Z,"$5,153,929.08"
2024-10-19T00:00:00.000Z,"$7,073,396.82"
2024-10-18T00:00:00.000Z,"$5,157,780.96"
2024-10-17T00:00:00.000Z,"$4,997,713.46"
2024-10-16T00:00:00.000Z,"$5,216,542.59"
2024-10-15T00:00:00.000Z,"$4,507,407.45"
2024-10-14T00:00:00.000Z,"$4,712,179.15"
2024-10-13T00:00:00.000Z,"$3,608,979.53"
2024-10-12T00:00:00.000Z,"$2,767,086.72"
2024-10-11T00:00:00.000Z,"$2,761,080.56"
2024-10-10T00:00:00.000Z,"$2,400,460.68"
2024-10-09T00:00:00.000Z,"$2,969,896.81"
2024-10-08T00:00:00.000Z,"$2,602,322.61"
2024-10-07T00:00:00.000Z,"$2,859,392.42"
2024-10-06T00:00:00.000Z,"$2,348,871.64"
2024-10-05T00:00:00.000Z,"$2,888,382.45"
2024-10-04T00:00:00.000Z,"$2,557,906.50"
2024-10-03T00:00:00.000Z,"$2,679,076.48"
2024-10-02T00:00:00.000Z,"$3,195,435.70"
2024-10-01T00:00:00.000Z,"$2,533,489.87"
2024-09-30T00:00:00.000Z,"$3,251,171.53"
2024-09-29T00:00:00.000Z,"$3,464,484.61"
2024-09-28T00:00:00.000Z,"$3,300,809.14"
2024-09-27T00:00:00.000Z,"$3,530,357.17"
2024-09-26T00:00:00.000Z,"$2,838,376.50"
2024-09-25T00:00:00.000Z,"$1,703,912.99"
2024-09-24T00:00:00.000Z,"$1,475,005.90"
2024-09-23T00:00:00.000Z,"$1,228,152.49"
2024-09-22T00:00:00.000Z,"$1,085,035.28"
2024-09-21T00:00:00.000Z,"$972,387.90"
2024-09-20T00:00:00.000Z,"$1,032,917.58"
2024-09-19T00:00:00.000Z,"$1,176,189.11"
2024-09-18T00:00:00.000Z,"$989,815.19"
2024-09-17T00:00:00.000Z,"$951,052.56"
2024-09-16T00:00:00.000Z,"$828,793.25"
2024-09-15T00:00:00.000Z,"$830,933.36"
2024-09-14T00:00:00.000Z,"$758,882.82"
2024-09-13T00:00:00.000Z,"$1,064,371.59"
2024-09-12T00:00:00.000Z,"$965,066.10"
2024-09-11T00:00:00.000Z,"$930,764.58"
2024-09-10T00:00:00.000Z,"$986,770.12"
2024-09-09T00:00:00.000Z,"$945,619.78"
2024-09-08T00:00:00.000Z,"$698,006.27"
2024-09-07T00:00:00.000Z,"$632,546.24"
2024-09-06T00:00:00.000Z,"$852,904.65"
2024-09-05T00:00:00.000Z,"$939,738.87"
2024-09-04T00:00:00.000Z,"$1,012,896.46"
2024-09-03T00:00:00.000Z,"$1,198,979.58"
2024-09-02T00:00:00.000Z,"$945,542.34"
2024-09-01T00:00:00.000Z,"$896,084.94"
2024-08-31T00:00:00.000Z,"$846,376.20"
2024-08-30T00:00:00.000Z,"$948,941.82"
2024-08-29T00:00:00.000Z,"$1,272,852.17"
2024-08-28T00:00:00.000Z,"$1,214,918.84"
2024-08-27T00:00:00.000Z,"$1,346,111.49"
2024-08-26T00:00:00.000Z,"$1,409,775.58"
2024-08-25T00:00:00.000Z,"$1,060,280.01"
2024-08-24T00:00:00.000Z,"$1,253,709.70"
2024-08-23T00:00:00.000Z,"$1,376,325.42"
2024-08-22T00:00:00.000Z,"$1,122,674.14"
2024-08-21T00:00:00.000Z,"$1,167,406.95"
2024-08-20T00:00:00.000Z,"$1,290,953.74"
2024-08-19T00:00:00.000Z,"$1,864,323.52"
2024-08-18T00:00:00.000Z,"$1,766,609.36"
2024-08-17T00:00:00.000Z,"$1,409,642.39"
2024-08-16T00:00:00.000Z,"$1,683,489.42"
2024-08-15T00:00:00.000Z,"$2,074,458.21"
2024-08-14T00:00:00.000Z,"$2,282,402.70"
2024-08-13T00:00:00.000Z,"$2,869,901.28"
2024-08-12T00:00:00.000Z,"$2,553,903.12"
2024-08-11T00:00:00.000Z,"$2,061,191.05"
2024-08-10T00:00:00.000Z,"$2,474,011.01"
2024-08-09T00:00:00.000Z,"$2,895,090.82"
2024-08-08T00:00:00.000Z,"$3,926,276.72"
2024-08-07T00:00:00.000Z,"$3,662,117.77"
2024-08-06T00:00:00.000Z,"$3,604,743.39"
2024-08-05T00:00:00.000Z,"$3,006,557.55"
2024-08-04T00:00:00.000Z,"$2,018,545.65"
2024-08-03T00:00:00.000Z,"$2,111,907.63"
2024-08-02T00:00:00.000Z,"$3,124,080.68"
2024-08-01T00:00:00.000Z,"$3,463,768.29"
2024-07-31T00:00:00.000Z,"$4,853,930.02"
2024-07-30T00:00:00.000Z,"$4,468,501.32"
2024-07-29T00:00:00.000Z,"$4,483,712.96"
2024-07-28T00:00:00.000Z,"$5,501,207.20"
2024-07-27T00:00:00.000Z,"$4,244,722.27"
2024-07-26T00:00:00.000Z,"$3,417,331.57"
2024-07-25T00:00:00.000Z,"$3,683,143.30"
2024-07-24T00:00:00.000Z,"$2,939,455.84"
2024-07-23T00:00:00.000Z,"$3,141,076.06"
2024-07-22T00:00:00.000Z,"$3,008,694.43"
2024-07-21T00:00:00.000Z,"$2,921,444.62"
2024-07-20T00:00:00.000Z,"$2,164,855.73"
2024-07-19T00:00:00.000Z,"$2,648,362.50"
2024-07-18T00:00:00.000Z,"$2,797,744.72"
2024-07-17T00:00:00.000Z,"$2,822,253.47"
2024-07-16T00:00:00.000Z,"$3,075,544.01"
2024-07-15T00:00:00.000Z,"$3,446,186.15"
2024-07-14T00:00:00.000Z,"$2,704,353.57"
2024-07-13T00:00:00.000Z,"$2,261,562.92"
2024-07-12T00:00:00.000Z,"$2,176,781.49"
2024-07-11T00:00:00.000Z,"$2,061,859.98"
2024-07-10T00:00:00.000Z,"$1,948,312.97"
2024-07-09T00:00:00.000Z,"$2,169,727.60"
2024-07-08T00:00:00.000Z,"$2,247,991.63"
2024-07-07T00:00:00.000Z,"$2,136,211.49"
2024-07-06T00:00:00.000Z,"$2,058,159.91"
2024-07-05T00:00:00.000Z,"$1,866,624.16"
2024-07-04T00:00:00.000Z,"$1,906,530.67"
2024-07-03T00:00:00.000Z,"$2,763,760.23"
2024-07-02T00:00:00.000Z,"$2,450,495.23"
2024-07-01T00:00:00.000Z,"$2,804,425.45"
2024-06-30T00:00:00.000Z,"$2,165,218.75"
2024-06-29T00:00:00.000Z,"$2,079,396.35"
2024-06-28T00:00:00.000Z,"$2,878,327.62"
2024-06-27T00:00:00.000Z,"$3,860,450.90"
2024-06-26T00:00:00.000Z,"$2,675,412.78"
2024-06-25T00:00:00.000Z,"$2,154,746.65"
2024-06-24T00:00:00.000Z,"$2,234,606.67"
2024-06-23T00:00:00.000Z,"$1,867,149.55"
2024-06-22T00:00:00.000Z,"$2,038,415.95"
2024-06-21T00:00:00.000Z,"$2,743,820.83"
2024-06-20T00:00:00.000Z,"$2,992,912.00"
2024-06-19T00:00:00.000Z,"$3,060,264.12"
2024-06-18T00:00:00.000Z,"$3,115,698.85"
2024-06-17T00:00:00.000Z,"$3,558,561.95"
2024-06-16T00:00:00.000Z,"$2,026,687.38"
2024-06-15T00:00:00.000Z,"$1,956,440.35"
2024-06-14T00:00:00.000Z,"$2,683,493.83"
2024-06-13T00:00:00.000Z,"$3,855,178.02"
2024-06-12T00:00:00.000Z,"$4,249,618.85"
2024-06-11T00:00:00.000Z,"$3,510,966.83"
2024-06-10T00:00:00.000Z,"$4,006,888.62"
2024-06-09T00:00:00.000Z,"$3,434,968.55"
2024-06-08T00:00:00.000Z,"$4,351,204.58"
2024-06-07T00:00:00.000Z,"$5,473,060.81"
2024-06-06T00:00:00.000Z,"$4,840,094.77"
2024-06-05T00:00:00.000Z,"$3,400,845.29"
2024-06-04T00:00:00.000Z,"$2,817,674.49"
2024-06-03T00:00:00.000Z,"$3,634,175.94"
2024-06-02T00:00:00.000Z,"$2,816,039.59"
2024-06-01T00:00:00.000Z,"$2,904,509.38"
2024-05-31T00:00:00.000Z,"$3,219,618.56"
2024-05-30T00:00:00.000Z,"$3,860,282.59"
2024-05-29T00:00:00.000Z,"$4,283,062.58"
2024-05-28T00:00:00.000Z,"$3,865,199.59"
2024-05-27T00:00:00.000Z,"$3,813,892.90"
2024-05-26T00:00:00.000Z,"$2,771,358.88"
2024-05-25T00:00:00.000Z,"$2,236,806.57"
2024-05-24T00:00:00.000Z,"$3,073,766.87"
2024-05-23T00:00:00.000Z,"$2,830,508.17"
2024-05-22T00:00:00.000Z,"$2,954,711.47"
2024-05-21T00:00:00.000Z,"$3,056,668.36"
2024-05-20T00:00:00.000Z,"$3,270,184.52"
2024-05-19T00:00:00.000Z,"$2,511,358.63"
2024-05-18T00:00:00.000Z,"$2,565,695.55"
2024-05-17T00:00:00.000Z,"$2,820,225.41"
2024-05-16T00:00:00.000Z,"$3,120,465.81"
2024-05-15T00:00:00.000Z,"$3,142,977.26"
2024-05-14T00:00:00.000Z,"$3,166,196.88"
2024-05-13T00:00:00.000Z,"$3,275,089.73"
2024-05-12T00:00:00.000Z,"$2,298,538.05"
2024-05-11T00:00:00.000Z,"$2,134,949.08"
2024-05-10T00:00:00.000Z,"$2,470,340.53"
2024-05-09T00:00:00.000Z,"$2,656,023.08"
2024-05-08T00:00:00.000Z,"$2,374,655.34"
2024-05-07T00:00:00.000Z,"$3,120,356.86"
2024-05-06T00:00:00.000Z,"$2,875,530.02"
2024-05-05T00:00:00.000Z,"$2,163,361.91"
2024-05-04T00:00:00.000Z,"$2,542,921.66"
2024-05-03T00:00:00.000Z,"$2,548,968.05"
2024-05-02T00:00:00.000Z,"$2,023,198.19"
2024-05-01T00:00:00.000Z,"$1,468,428.51"
2024-04-30T00:00:00.000Z,"$1,680,591.76"
2024-04-29T00:00:00.000Z,"$2,183,833.90"
2024-04-28T00:00:00.000Z,"$1,734,470.21"
2024-04-27T00:00:00.000Z,"$1,701,951.01"
2024-04-26T00:00:00.000Z,"$2,112,066.86"
2024-04-25T00:00:00.000Z,"$2,780,176.94"
2024-04-24T00:00:00.000Z,"$2,702,917.23"
2024-04-23T00:00:00.000Z,"$2,667,847.89"
2024-04-22T00:00:00.000Z,"$2,327,752.93"
2024-04-21T00:00:00.000Z,"$1,638,137.48"
2024-04-20T00:00:00.000Z,"$1,740,843.20"
2024-04-19T00:00:00.000Z,"$2,041,764.73"
2024-04-18T00:00:00.000Z,"$1,878,806.44"
2024-04-17T00:00:00.000Z,"$1,836,607.94"
2024-04-16T00:00:00.000Z,"$2,176,623.79"
2024-04-15T00:00:00.000Z,"$2,487,389.14"
2024-04-14T00:00:00.000Z,"$1,945,890.00"
2024-04-13T00:00:00.000Z,"$2,653,425.88"
2024-04-12T00:00:00.000Z,"$3,201,641.92"
2024-04-11T00:00:00.000Z,"$3,633,060.76"
2024-04-10T00:00:00.000Z,"$2,992,366.57"
2024-04-09T00:00:00.000Z,"$3,542,702.08"
2024-04-08T00:00:00.000Z,"$3,943,539.59"
2024-04-07T00:00:00.000Z,"$3,501,433.97"
2024-04-06T00:00:00.000Z,"$3,159,695.31"
2024-04-05T00:00:00.000Z,"$3,218,178.74"
2024-04-04T00:00:00.000Z,"$4,101,204.59"
2024-04-03T00:00:00.000Z,"$3,874,474.42"
2024-04-02T00:00:00.000Z,"$4,013,427.27"
2024-04-01T00:00:00.000Z,"$4,224,054.14"
2024-03-31T00:00:00.000Z,"$3,737,054.84"
2024-03-30T00:00:00.000Z,"$3,985,738.15"
2024-03-29T00:00:00.000Z,"$3,303,839.01"
2024-03-28T00:00:00.000Z,"$3,409,115.85"
2024-03-27T00:00:00.000Z,"$3,029,242.28"
2024-03-26T00:00:00.000Z,"$3,577,730.08"
2024-03-25T00:00:00.000Z,"$3,177,212.92"
2024-03-24T00:00:00.000Z,"$2,480,214.80"
2024-03-23T00:00:00.000Z,"$2,632,206.19"
2024-03-22T00:00:00.000Z,"$3,174,217.92"
2024-03-21T00:00:00.000Z,"$5,328,553.95"
2024-03-20T00:00:00.000Z,"$3,875,154.24"
2024-03-19T00:00:00.000Z,"$4,111,871.35"
2024-03-18T00:00:00.000Z,"$5,745,875.90"
2024-03-17T00:00:00.000Z,"$4,420,767.80"
2024-03-16T00:00:00.000Z,"$4,140,106.52"
2024-03-15T00:00:00.000Z,"$3,528,007.98"
2024-03-14T00:00:00.000Z,"$2,499,605.44"
2024-03-13T00:00:00.000Z,"$1,809,489.34"
2024-03-12T00:00:00.000Z,"$1,766,586.49"
2024-03-11T00:00:00.000Z,"$2,009,784.75"
2024-03-10T00:00:00.000Z,"$1,750,878.10"
2024-03-09T00:00:00.000Z,"$1,449,216.63"
2024-03-08T00:00:00.000Z,"$2,426,732.15"
2024-03-07T00:00:00.000Z,"$2,270,577.80"
2024-03-06T00:00:00.000Z,"$1,974,739.45"
2024-03-05T00:00:00.000Z,"$1,441,896.03"
2024-03-04T00:00:00.000Z,"$1,226,179.44"
2024-03-03T00:00:00.000Z,"$1,158,748.65"
2024-03-02T00:00:00.000Z,"$823,873.08"
2024-03-01T00:00:00.000Z,"$725,398.93"
2024-02-29T00:00:00.000Z,"$700,777.47"
2024-02-28T00:00:00.000Z,"$749,677.04"
2024-02-27T00:00:00.000Z,"$655,412.00"
2024-02-26T00:00:00.000Z,"$618,861.24"
2024-02-25T00:00:00.000Z,"$567,546.71"
2024-02-24T00:00:00.000Z,"$459,737.35"
2024-02-23T00:00:00.000Z,"$472,710.45"
2024-02-22T00:00:00.000Z,"$479,450.52"
2024-02-21T00:00:00.000Z,"$514,815.72"
2024-02-20T00:00:00.000Z,"$557,157.31"
2024-02-19T00:00:00.000Z,"$617,357.65"
2024-02-18T00:00:00.000Z,"$551,528.74"
2024-02-17T00:00:00.000Z,"$536,908.72"
2024-02-16T00:00:00.000Z,"$672,518.07"
2024-02-15T00:00:00.000Z,"$827,792.89"
2024-02-14T00:00:00.000Z,"$702,921.45"
2024-02-13T00:00:00.000Z,"$824,869.42"
2024-02-12T00:00:00.000Z,"$871,791.30"
2024-02-11T00:00:00.000Z,"$647,120.09"
2024-02-10T00:00:00.000Z,"$600,715.26"
2024-02-09T00:00:00.000Z,"$638,349.26"
2024-02-08T00:00:00.000Z,"$719,393.08"
2024-02-07T00:00:00.000Z,"$789,648.97"
2024-02-06T00:00:00.000Z,"$649,197.03"
2024-02-05T00:00:00.000Z,"$834,873.21"
2024-02-04T00:00:00.000Z,"$672,981.73"
2024-02-03T00:00:00.000Z,"$680,319.46"
2024-02-02T00:00:00.000Z,"$978,479.47"
2024-02-01T00:00:00.000Z,"$1,127,128.16"
2024-01-31T00:00:00.000Z,"$1,805,591.24"
2024-01-30T00:00:00.000Z,"$814,967.67"
2024-01-29T00:00:00.000Z,"$737,202.34"
2024-01-28T00:00:00.000Z,"$872,185.80"
2024-01-27T00:00:00.000Z,"$684,298.06"
2024-01-26T00:00:00.000Z,"$957,801.52"
2024-01-25T00:00:00.000Z,"$680,160.59"
2024-01-24T00:00:00.000Z,"$733,005.58"
2024-01-23T00:00:00.000Z,"$612,726.40"
2024-01-22T00:00:00.000Z,"$658,786.21"
2024-01-21T00:00:00.000Z,"$755,651.96"
2024-01-20T00:00:00.000Z,"$728,744.66"
2024-01-19T00:00:00.000Z,"$718,522.41"
2024-01-18T00:00:00.000Z,"$734,643.95"
2024-01-17T00:00:00.000Z,"$627,625.13"
2024-01-16T00:00:00.000Z,"$686,263.79"
2024-01-15T00:00:00.000Z,"$580,679.90"
2024-01-14T00:00:00.000Z,"$496,227.42"
2024-01-13T00:00:00.000Z,"$404,278.86"
2024-01-12T00:00:00.000Z,"$426,122.92"
2024-01-11T00:00:00.000Z,"$425,853.09"
2024-01-10T00:00:00.000Z,"$653,731.60"
2024-01-09T00:00:00.000Z,"$502,531.57"
2024-01-08T00:00:00.000Z,"$490,852.08"
2024-01-07T00:00:00.000Z,"$480,323.66"
2024-01-06T00:00:00.000Z,"$529,604.92"
2024-01-05T00:00:00.000Z,"$624,413.47"
2024-01-04T00:00:00.000Z,"$542,838.20"
2024-01-03T00:00:00.000Z,"$623,618.62"
2024-01-02T00:00:00.000Z,"$766,534.44"
2024-01-01T00:00:00.000Z,"$563,447.18"
2023-12-31T00:00:00.000Z,"$535,972.38"
2023-12-30T00:00:00.000Z,"$644,300.41"
2023-12-29T00:00:00.000Z,"$689,222.59"
2023-12-28T00:00:00.000Z,"$672,980.38"
2023-12-27T00:00:00.000Z,"$1,024,879.17"
2023-12-26T00:00:00.000Z,"$951,974.12"
2023-12-25T00:00:00.000Z,"$837,966.45"
2023-12-24T00:00:00.000Z,"$649,296.33"
2023-12-23T00:00:00.000Z,"$563,190.72"
2023-12-22T00:00:00.000Z,"$859,518.41"
2023-12-21T00:00:00.000Z,"$551,219.96"
2023-12-20T00:00:00.000Z,"$403,653.84"
2023-12-19T00:00:00.000Z,"$371,134.78"
2023-12-18T00:00:00.000Z,"$302,778.46"
2023-12-17T00:00:00.000Z,"$251,181.23"
2023-12-16T00:00:00.000Z,"$270,319.28"
2023-12-15T00:00:00.000Z,"$418,773.55"
2023-12-14T00:00:00.000Z,"$411,967.93"
2023-12-13T00:00:00.000Z,"$189,064.81"
2023-12-12T00:00:00.000Z,"$207,643.51"
2023-12-11T00:00:00.000Z,"$185,816.83"
2023-12-10T00:00:00.000Z,"$158,826.21"
2023-12-09T00:00:00.000Z,"$193,376.21"
2023-12-08T00:00:00.000Z,"$145,598.68"
2023-12-07T00:00:00.000Z,"$142,244.26"
2023-12-06T00:00:00.000Z,"$122,666.19"
2023-12-05T00:00:00.000Z,"$126,030.25"
2023-12-04T00:00:00.000Z,"$125,378.53"
2023-12-03T00:00:00.000Z,"$133,686.51"
2023-12-02T00:00:00.000Z,"$135,952.12"
2023-12-01T00:00:00.000Z,"$131,745.55"
2023-11-30T00:00:00.000Z,"$133,759.67"
2023-11-29T00:00:00.000Z,"$123,986.37"
2023-11-28T00:00:00.000Z,"$119,127.31"
2023-11-27T00:00:00.000Z,"$120,948.14"
2023-11-26T00:00:00.000Z,"$134,634.28"
2023-11-25T00:00:00.000Z,"$124,456.22"
2023-11-24T00:00:00.000Z,"$118,688.85"
2023-11-23T00:00:00.000Z,"$122,259.14"
2023-11-22T00:00:00.000Z,"$116,921.59"
2023-11-21T00:00:00.000Z,"$126,449.34"
2023-11-20T00:00:00.000Z,"$159,286.90"
2023-11-19T00:00:00.000Z,"$132,325.54"
2023-11-18T00:00:00.000Z,"$115,643.92"
2023-11-17T00:00:00.000Z,"$115,432.69"
2023-11-16T00:00:00.000Z,"$130,051.57"
2023-11-15T00:00:00.000Z,"$118,656.44"
2023-11-14T00:00:00.000Z,"$108,317.12"
2023-11-13T00:00:00.000Z,"$114,998.75"
2023-11-12T00:00:00.000Z,"$116,763.68"
2023-11-11T00:00:00.000Z,"$122,571.59"
2023-11-10T00:00:00.000Z,"$120,008.21"
2023-11-09T00:00:00.000Z,"$100,143.17"
2023-11-08T00:00:00.000Z,"$92,727.42"
2023-11-07T00:00:00.000Z,"$87,364.58"
2023-11-06T00:00:00.000Z,"$85,835.03"
2023-11-05T00:00:00.000Z,"$87,117.12"
2023-11-04T00:00:00.000Z,"$83,182.67"
2023-11-03T00:00:00.000Z,"$82,266.99"
2023-11-02T00:00:00.000Z,"$127,575.94"
2023-11-01T00:00:00.000Z,"$104,139.08"
2023-10-31T00:00:00.000Z,"$79,068.02"
2023-10-30T00:00:00.000Z,"$76,849.60"
2023-10-29T00:00:00.000Z,"$66,820.15"
2023-10-28T00:00:00.000Z,"$67,946.90"
2023-10-27T00:00:00.000Z,"$66,716.29"
2023-10-26T00:00:00.000Z,"$67,424.05"
2023-10-25T00:00:00.000Z,"$65,180.58"
2023-10-24T00:00:00.000Z,"$61,989.84"
2023-10-23T00:00:00.000Z,"$61,236.30"
2023-10-22T00:00:00.000Z,"$58,133.85"
2023-10-21T00:00:00.000Z,"$56,758.82"
2023-10-20T00:00:00.000Z,"$51,527.84"
2023-10-19T00:00:00.000Z,"$47,916.42"
2023-10-18T00:00:00.000Z,"$47,860.83"
2023-10-17T00:00:00.000Z,"$48,635.03"
2023-10-16T00:00:00.000Z,"$45,837.18"
2023-10-15T00:00:00.000Z,"$43,396.35"
2023-10-14T00:00:00.000Z,"$44,826.87"
2023-10-13T00:00:00.000Z,"$43,300.84"
2023-10-12T00:00:00.000Z,"$44,713.76"
2023-10-11T00:00:00.000Z,"$50,526.03"
2023-10-10T00:00:00.000Z,"$51,791.80"
2023-10-09T00:00:00.000Z,"$46,705.94"
2023-10-08T00:00:00.000Z,"$49,299.96"
2023-10-07T00:00:00.000Z,"$49,102.39"
2023-10-06T00:00:00.000Z,"$50,791.07"
2023-10-05T00:00:00.000Z,"$44,099.44"
2023-10-04T00:00:00.000Z,"$45,672.23"
2023-10-03T00:00:00.000Z,"$45,542.96"
2023-10-02T00:00:00.000Z,"$46,287.85"
2023-10-01T00:00:00.000Z,"$46,182.52"
2023-09-30T00:00:00.000Z,"$41,295.66"
2023-09-29T00:00:00.000Z,"$38,985.96"
2023-09-28T00:00:00.000Z,"$37,593.45"
2023-09-27T00:00:00.000Z,"$36,576.89"
2023-09-26T00:00:00.000Z,"$39,357.74"
2023-09-25T00:00:00.000Z,"$39,959.28"
2023-09-24T00:00:00.000Z,"$39,525.24"
2023-09-23T00:00:00.000Z,"$39,644.86"
2023-09-22T00:00:00.000Z,"$40,020.41"
2023-09-21T00:00:00.000Z,"$41,914.47"
2023-09-20T00:00:00.000Z,"$47,581.26"
2023-09-19T00:00:00.000Z,"$47,365.05"
2023-09-18T00:00:00.000Z,"$40,239.95"
2023-09-17T00:00:00.000Z,"$38,742.22"
2023-09-16T00:00:00.000Z,"$40,463.86"
2023-09-15T00:00:00.000Z,"$39,062.02"
2023-09-14T00:00:00.000Z,"$39,732.77"
2023-09-13T00:00:00.000Z,"$37,334.27"
2023-09-12T00:00:00.000Z,"$36,883.99"
2023-09-11T00:00:00.000Z,"$37,308.48"
2023-09-10T00:00:00.000Z,"$38,398.76"
2023-09-09T00:00:00.000Z,"$40,704.36"
2023-09-08T00:00:00.000Z,"$40,817.63"
2023-09-07T00:00:00.000Z,"$44,464.61"
2023-09-06T00:00:00.000Z,"$41,811.99"
2023-09-05T00:00:00.000Z,"$40,952.81"
2023-09-04T00:00:00.000Z,"$40,934.86"
2023-09-03T00:00:00.000Z,"$39,870.41"
2023-09-02T00:00:00.000Z,"$39,872.56"
2023-09-01T00:00:00.000Z,"$41,627.51"
2023-08-31T00:00:00.000Z,"$44,218.51"
2023-08-30T00:00:00.000Z,"$45,974.77"
2023-08-29T00:00:00.000Z,"$42,630.45"
2023-08-28T00:00:00.000Z,"$44,018.81"
2023-08-27T00:00:00.000Z,"$43,326.81"
2023-08-26T00:00:00.000Z,"$42,738.59"
2023-08-25T00:00:00.000Z,"$43,318.30"
2023-08-24T00:00:00.000Z,"$46,556.99"
2023-08-23T00:00:00.000Z,"$45,186.61"
2023-08-22T00:00:00.000Z,"$44,864.44"
2023-08-21T00:00:00.000Z,"$44,259.86"
2023-08-20T00:00:00.000Z,"$44,992.47"
2023-08-19T00:00:00.000Z,"$45,044.70"
2023-08-18T00:00:00.000Z,"$45,965.22"
2023-08-17T00:00:00.000Z,"$51,151.51"
2023-08-16T00:00:00.000Z,"$51,206.28"
2023-08-15T00:00:00.000Z,"$51,660.28"
2023-08-14T00:00:00.000Z,"$50,883.62"
2023-08-13T00:00:00.000Z,"$50,552.37"
2023-08-12T00:00:00.000Z,"$51,143.28"
2023-08-11T00:00:00.000Z,"$50,609.03"
2023-08-10T00:00:00.000Z,"$50,043.22"
2023-08-09T00:00:00.000Z,"$52,683.57"
2023-08-08T00:00:00.000Z,"$50,568.41"
2023-08-07T00:00:00.000Z,"$48,284.82"
2023-08-06T00:00:00.000Z,"$48,202.09"
2023-08-05T00:00:00.000Z,"$47,104.72"
2023-08-04T00:00:00.000Z,"$47,800.99"
2023-08-03T00:00:00.000Z,"$47,025.32"
2023-08-02T00:00:00.000Z,"$46,966.34"
2023-08-01T00:00:00.000Z,"$50,578.85"
2023-07-31T00:00:00.000Z,"$48,834.25"
2023-07-30T00:00:00.000Z,"$49,533.92"
2023-07-29T00:00:00.000Z,"$49,902.99"
2023-07-28T00:00:00.000Z,"$49,863.77"
2023-07-27T00:00:00.000Z,"$49,973.59"
2023-07-26T00:00:00.000Z,"$49,478.27"
2023-07-25T00:00:00.000Z,"$46,996.57"
2023-07-24T00:00:00.000Z,"$49,589.65"
2023-07-23T00:00:00.000Z,"$49,950.71"
2023-07-22T00:00:00.000Z,"$52,828.83"
2023-07-21T00:00:00.000Z,"$50,680.04"
2023-07-20T00:00:00.000Z,"$52,234.84"
2023-07-19T00:00:00.000Z,"$54,028.60"
2023-07-18T00:00:00.000Z,"$50,614.98"
2023-07-17T00:00:00.000Z,"$57,020.17"
2023-07-16T00:00:00.000Z,"$56,248.27"
2023-07-15T00:00:00.000Z,"$56,370.77"
2023-07-14T00:00:00.000Z,"$64,514.68"
2023-07-13T00:00:00.000Z,"$51,409.66"
2023-07-12T00:00:00.000Z,"$44,803.00"
2023-07-11T00:00:00.000Z,"$43,509.82"
2023-07-10T00:00:00.000Z,"$42,432.66"
2023-07-09T00:00:00.000Z,"$42,546.08"
2023-07-08T00:00:00.000Z,"$44,792.88"
2023-07-07T00:00:00.000Z,"$44,535.98"
2023-07-06T00:00:00.000Z,"$40,975.92"
2023-07-05T00:00:00.000Z,"$39,661.34"
2023-07-04T00:00:00.000Z,"$39,295.54"
2023-07-03T00:00:00.000Z,"$39,301.92"
2023-07-02T00:00:00.000Z,"$38,736.33"
2023-07-01T00:00:00.000Z,"$37,557.99"
2023-06-30T00:00:00.000Z,"$41,187.25"
2023-06-29T00:00:00.000Z,"$36,279.17"
2023-06-28T00:00:00.000Z,"$34,013.20"
2023-06-27T00:00:00.000Z,"$36,185.06"
2023-06-26T00:00:00.000Z,"$33,429.62"
2023-06-25T00:00:00.000Z,"$33,933.99"
2023-06-24T00:00:00.000Z,"$34,932.59"
2023-06-23T00:00:00.000Z,"$34,100.59"
2023-06-22T00:00:00.000Z,"$35,323.88"
2023-06-21T00:00:00.000Z,"$34,670.21"
2023-06-20T00:00:00.000Z,"$31,245.21"
2023-06-19T00:00:00.000Z,"$32,939.74"
2023-06-18T00:00:00.000Z,"$31,293.57"
2023-06-17T00:00:00.000Z,"$30,730.43"
2023-06-16T00:00:00.000Z,"$29,698.12"
2023-06-15T00:00:00.000Z,"$29,671.28"
2023-06-14T00:00:00.000Z,"$29,118.72"
2023-06-13T00:00:00.000Z,"$29,533.99"
2023-06-12T00:00:00.000Z,"$28,501.39"
2023-06-11T00:00:00.000Z,"$28,289.50"
2023-06-10T00:00:00.000Z,"$32,878.34"
2023-06-09T00:00:00.000Z,"$39,200.58"
2023-06-08T00:00:00.000Z,"$36,213.74"
2023-06-07T00:00:00.000Z,"$36,837.83"
2023-06-06T00:00:00.000Z,"$37,570.63"
2023-06-05T00:00:00.000Z,"$41,725.85"
2023-06-04T00:00:00.000Z,"$40,952.85"
2023-06-03T00:00:00.000Z,"$39,960.74"
2023-06-02T00:00:00.000Z,"$38,880.45"
2023-06-01T00:00:00.000Z,"$40,376.27"
2023-05-31T00:00:00.000Z,"$41,176.53"
2023-05-30T00:00:00.000Z,"$48,620.58"
2023-05-29T00:00:00.000Z,"$43,162.36"
2023-05-28T00:00:00.000Z,"$40,643.15"
2023-05-27T00:00:00.000Z,"$36,851.25"
2023-05-26T00:00:00.000Z,"$36,553.54"
2023-05-25T00:00:00.000Z,"$35,953.88"
2023-05-24T00:00:00.000Z,"$41,711.05"
2023-05-23T00:00:00.000Z,"$36,637.82"
2023-05-22T00:00:00.000Z,"$36,131.92"
2023-05-21T00:00:00.000Z,"$36,769.50"
2023-05-20T00:00:00.000Z,"$37,990.45"
2023-05-19T00:00:00.000Z,"$37,422.91"
2023-05-18T00:00:00.000Z,"$39,988.07"
2023-05-17T00:00:00.000Z,"$39,157.00"
2023-05-16T00:00:00.000Z,"$39,665.50"
2023-05-15T00:00:00.000Z,"$39,902.13"
2023-05-14T00:00:00.000Z,"$37,835.79"
2023-05-13T00:00:00.000Z,"$39,914.79"
2023-05-12T00:00:00.000Z,"$45,366.48"
2023-05-11T00:00:00.000Z,"$39,943.68"
2023-05-10T00:00:00.000Z,"$41,064.74"
2023-05-09T00:00:00.000Z,"$43,167.94"
2023-05-08T00:00:00.000Z,"$45,430.95"
2023-05-07T00:00:00.000Z,"$43,761.84"
2023-05-06T00:00:00.000Z,"$48,514.74"
2023-05-05T00:00:00.000Z,"$41,064.86"
2023-05-04T00:00:00.000Z,"$40,445.27"
2023-05-03T00:00:00.000Z,"$35,891.04"
2023-05-02T00:00:00.000Z,"$39,664.61"
2023-05-01T00:00:00.000Z,"$41,893.16"
2023-04-30T00:00:00.000Z,"$42,147.08"
2023-04-29T00:00:00.000Z,"$42,707.87"
2023-04-28T00:00:00.000Z,"$40,508.93"
2023-04-27T00:00:00.000Z,"$39,932.19"
2023-04-26T00:00:00.000Z,"$39,257.94"
2023-04-25T00:00:00.000Z,"$38,717.48"
2023-04-24T00:00:00.000Z,"$39,110.09"
2023-04-23T00:00:00.000Z,"$38,371.01"
2023-04-22T00:00:00.000Z,"$39,962.45"
2023-04-21T00:00:00.000Z,"$38,218.17"
2023-04-20T00:00:00.000Z,"$38,893.33"
2023-04-19T00:00:00.000Z,"$40,805.55"
2023-04-18T00:00:00.000Z,"$43,040.10"
2023-04-17T00:00:00.000Z,"$45,421.66"
2023-04-16T00:00:00.000Z,"$43,112.26"
2023-04-15T00:00:00.000Z,"$43,159.35"
2023-04-14T00:00:00.000Z,"$43,786.33"
2023-04-13T00:00:00.000Z,"$44,123.14"
2023-04-12T00:00:00.000Z,"$43,059.84"
2023-04-11T00:00:00.000Z,"$40,598.62"
2023-04-10T00:00:00.000Z,"$37,269.90"
2023-04-09T00:00:00.000Z,"$36,035.47"
2023-04-08T00:00:00.000Z,"$36,139.52"
2023-04-07T00:00:00.000Z,"$36,243.20"
2023-04-06T00:00:00.000Z,"$37,948.44"
2023-04-05T00:00:00.000Z,"$37,460.81"
2023-04-04T00:00:00.000Z,"$36,898.58"
2023-04-03T00:00:00.000Z,"$36,392.41"
2023-04-02T00:00:00.000Z,"$36,610.17"
2023-04-01T00:00:00.000Z,"$37,941.83"
2023-03-31T00:00:00.000Z,"$36,827.58"
2023-03-30T00:00:00.000Z,"$37,246.62"
2023-03-29T00:00:00.000Z,"$37,191.30"
2023-03-28T00:00:00.000Z,"$35,848.72"
2023-03-27T00:00:00.000Z,"$36,404.49"
2023-03-26T00:00:00.000Z,"$37,665.65"
2023-03-25T00:00:00.000Z,"$36,997.49"
2023-03-24T00:00:00.000Z,"$37,975.73"
2023-03-23T00:00:00.000Z,"$39,512.25"
2023-03-22T00:00:00.000Z,"$42,054.13"
2023-03-21T00:00:00.000Z,"$42,985.95"
2023-03-20T00:00:00.000Z,"$43,819.87"
2023-03-19T00:00:00.000Z,"$41,265.05"
2023-03-18T00:00:00.000Z,"$42,708.26"
2023-03-17T00:00:00.000Z,"$41,123.28"
2023-03-16T00:00:00.000Z,"$36,923.34"
2023-03-15T00:00:00.000Z,"$40,481.99"
2023-03-14T00:00:00.000Z,"$43,540.46"
2023-03-13T00:00:00.000Z,"$44,245.76"
2023-03-12T00:00:00.000Z,"$42,118.67"
2023-03-11T00:00:00.000Z,"$62,625.79"
2023-03-10T00:00:00.000Z,"$40,064.86"
2023-03-09T00:00:00.000Z,"$42,444.10"
2023-03-08T00:00:00.000Z,"$43,710.20"
2023-03-07T00:00:00.000Z,"$47,060.07"
2023-03-06T00:00:00.000Z,"$47,975.58"
2023-03-05T00:00:00.000Z,"$49,466.14"
2023-03-04T00:00:00.000Z,"$49,767.64"
2023-03-03T00:00:00.000Z,"$49,714.83"
2023-03-02T00:00:00.000Z,"$51,339.53"
2023-03-01T00:00:00.000Z,"$50,705.27"
2023-02-28T00:00:00.000Z,"$50,878.29"
2023-02-27T00:00:00.000Z,"$50,627.46"
2023-02-26T00:00:00.000Z,"$42,312.91"
2023-02-25T00:00:00.000Z,"$10,628.56"
2023-02-24T00:00:00.000Z,"$50,504.63"
2023-02-23T00:00:00.000Z,"$47,025.64"
2023-02-22T00:00:00.000Z,"$46,124.63"
2023-02-21T00:00:00.000Z,"$51,007.50"
2023-02-20T00:00:00.000Z,"$51,653.00"
2023-02-19T00:00:00.000Z,"$47,533.40"
2023-02-18T00:00:00.000Z,"$45,991.91"
2023-02-17T00:00:00.000Z,"$43,282.13"
2023-02-16T00:00:00.000Z,"$44,676.60"
2023-02-15T00:00:00.000Z,"$42,728.45"
2023-02-14T00:00:00.000Z,"$42,171.21"
2023-02-13T00:00:00.000Z,"$41,551.05"
2023-02-12T00:00:00.000Z,"$41,659.47"
2023-02-11T00:00:00.000Z,"$42,423.54"
2023-02-10T00:00:00.000Z,"$55,858.17"
2023-02-09T00:00:00.000Z,"$44,381.71"
2023-02-08T00:00:00.000Z,"$48,307.50"
2023-02-07T00:00:00.000Z,"$49,846.27"
2023-02-06T00:00:00.000Z,"$47,235.73"
2023-02-05T00:00:00.000Z,"$47,209.35"
2023-02-04T00:00:00.000Z,"$49,224.49"
2023-02-03T00:00:00.000Z,"$45,569.53"
2023-02-02T00:00:00.000Z,"$46,968.46"
2023-02-01T00:00:00.000Z,"$42,782.48"
2023-01-31T00:00:00.000Z,"$42,068.54"
2023-01-30T00:00:00.000Z,"$44,881.90"
2023-01-29T00:00:00.000Z,"$45,263.99"
2023-01-28T00:00:00.000Z,"$43,915.93"
2023-01-27T00:00:00.000Z,"$43,107.54"
2023-01-26T00:00:00.000Z,"$44,908.20"
2023-01-25T00:00:00.000Z,"$44,709.29"
2023-01-24T00:00:00.000Z,"$50,372.45"
2023-01-23T00:00:00.000Z,"$51,156.92"
2023-01-22T00:00:00.000Z,"$48,510.17"
2023-01-21T00:00:00.000Z,"$48,247.63"
2023-01-20T00:00:00.000Z,"$40,270.43"
2023-01-19T00:00:00.000Z,"$40,971.54"
2023-01-18T00:00:00.000Z,"$42,986.09"
2023-01-17T00:00:00.000Z,"$44,719.15"
2023-01-16T00:00:00.000Z,"$45,670.51"
2023-01-15T00:00:00.000Z,"$47,282.86"
2023-01-14T00:00:00.000Z,"$47,141.90"
2023-01-13T00:00:00.000Z,"$35,976.45"
2023-01-12T00:00:00.000Z,"$32,173.68"
2023-01-11T00:00:00.000Z,"$29,830.80"
2023-01-10T00:00:00.000Z,"$30,537.20"
2023-01-09T00:00:00.000Z,"$33,424.29"
2023-01-08T00:00:00.000Z,"$24,407.35"
2023-01-07T00:00:00.000Z,"$22,445.78"
2023-01-06T00:00:00.000Z,"$25,631.20"
2023-01-05T00:00:00.000Z,"$30,451.81"
2023-01-04T00:00:00.000Z,"$24,987.79"
2023-01-03T00:00:00.000Z,"$21,647.37"
2023-01-02T00:00:00.000Z,"$20,600.41"
2023-01-01T00:00:00.000Z,"$18,798.80"
2022-12-31T00:00:00.000Z,"$18,698.98"
2022-12-30T00:00:00.000Z,"$17,943.33"
2022-12-29T00:00:00.000Z,"$18,157.86"
2022-12-28T00:00:00.000Z,"$19,304.54"
2022-12-27T00:00:00.000Z,"$20,673.42"
2022-12-26T00:00:00.000Z,"$21,368.71"
2022-12-25T00:00:00.000Z,"$21,245.40"
2022-12-24T00:00:00.000Z,"$21,544.99"
2022-12-23T00:00:00.000Z,"$22,328.07"
2022-12-22T00:00:00.000Z,"$22,741.40"
2022-12-21T00:00:00.000Z,"$22,648.05"
2022-12-20T00:00:00.000Z,"$23,086.22"
2022-12-19T00:00:00.000Z,"$23,628.93"
2022-12-18T00:00:00.000Z,"$23,354.43"
2022-12-17T00:00:00.000Z,"$23,415.73"
2022-12-16T00:00:00.000Z,"$25,599.59"
2022-12-15T00:00:00.000Z,"$26,472.15"
2022-12-14T00:00:00.000Z,"$26,134.87"
2022-12-13T00:00:00.000Z,"$25,202.26"
2022-12-12T00:00:00.000Z,"$25,072.11"
2022-12-11T00:00:00.000Z,"$25,979.66"
2022-12-10T00:00:00.000Z,"$25,997.49"
2022-12-09T00:00:00.000Z,"$25,854.25"
2022-12-08T00:00:00.000Z,"$25,696.26"
2022-12-07T00:00:00.000Z,"$26,131.13"
2022-12-06T00:00:00.000Z,"$26,752.35"
2022-12-05T00:00:00.000Z,"$26,243.54"
2022-12-04T00:00:00.000Z,"$25,088.93"
2022-12-03T00:00:00.000Z,"$24,750.45"
2022-12-02T00:00:00.000Z,"$25,324.19"
2022-12-01T00:00:00.000Z,"$25,510.61"
2022-11-30T00:00:00.000Z,"$25,416.32"
2022-11-29T00:00:00.000Z,"$25,325.32"
2022-11-28T00:00:00.000Z,"$25,068.74"
2022-11-27T00:00:00.000Z,"$26,933.34"
2022-11-26T00:00:00.000Z,"$27,166.55"
2022-11-25T00:00:00.000Z,"$26,605.79"
2022-11-24T00:00:00.000Z,"$26,665.35"
2022-11-23T00:00:00.000Z,"$24,972.56"
2022-11-22T00:00:00.000Z,"$21,702.84"
2022-11-21T00:00:00.000Z,"$22,417.60"
2022-11-20T00:00:00.000Z,"$23,088.32"
2022-11-19T00:00:00.000Z,"$22,455.28"
2022-11-18T00:00:00.000Z,"$23,349.95"
2022-11-17T00:00:00.000Z,"$23,177.63"
2022-11-16T00:00:00.000Z,"$23,787.44"
2022-11-15T00:00:00.000Z,"$23,550.20"
2022-11-14T00:00:00.000Z,"$22,687.56"
2022-11-13T00:00:00.000Z,"$21,917.13"
2022-11-12T00:00:00.000Z,"$23,935.83"
2022-11-11T00:00:00.000Z,"$28,527.43"
2022-11-10T00:00:00.000Z,"$28,304.34"
2022-11-09T00:00:00.000Z,"$39,395.82"
2022-11-08T00:00:00.000Z,"$45,703.20"
2022-11-07T00:00:00.000Z,"$49,542.67"
2022-11-06T00:00:00.000Z,"$55,112.10"
2022-11-05T00:00:00.000Z,"$54,526.47"
2022-11-04T00:00:00.000Z,"$48,594.29"
2022-11-03T00:00:00.000Z,"$47,270.72"
2022-11-02T00:00:00.000Z,"$53,011.58"
2022-11-01T00:00:00.000Z,"$66,352.94"
2022-10-31T00:00:00.000Z,"$67,781.04"
2022-10-30T00:00:00.000Z,"$66,040.68"
2022-10-29T00:00:00.000Z,"$65,627.75"
2022-10-28T00:00:00.000Z,"$63,269.37"
2022-10-27T00:00:00.000Z,"$63,686.79"
2022-10-26T00:00:00.000Z,"$63,697.10"
2022-10-25T00:00:00.000Z,"$61,532.82"
2022-10-24T00:00:00.000Z,"$60,659.77"
2022-10-23T00:00:00.000Z,"$60,528.77"
2022-10-22T00:00:00.000Z,"$59,396.29"
2022-10-21T00:00:00.000Z,"$58,466.03"
2022-10-20T00:00:00.000Z,"$50,953.08"
2022-10-19T00:00:00.000Z,"$55,523.22"
2022-10-18T00:00:00.000Z,"$60,380.71"
2022-10-17T00:00:00.000Z,"$57,819.04"
2022-10-16T00:00:00.000Z,"$55,608.72"
2022-10-15T00:00:00.000Z,"$53,804.89"
2022-10-14T00:00:00.000Z,"$50,367.92"
2022-10-13T00:00:00.000Z,"$51,349.64"
2022-10-12T00:00:00.000Z,"$52,375.92"
2022-10-11T00:00:00.000Z,"$50,300.89"
2022-10-10T00:00:00.000Z,"$58,208.57"
2022-10-09T00:00:00.000Z,"$59,268.10"
2022-10-08T00:00:00.000Z,"$63,270.02"
2022-10-07T00:00:00.000Z,"$59,475.42"
2022-10-06T00:00:00.000Z,"$63,328.39"
2022-10-05T00:00:00.000Z,"$52,147.71"
2022-10-04T00:00:00.000Z,"$52,744.53"
2022-10-03T00:00:00.000Z,"$49,385.03"
2022-10-02T00:00:00.000Z,"$50,733.13"
2022-10-01T00:00:00.000Z,"$40,493.32"
2022-09-30T00:00:00.000Z,"$43,087.55"
2022-09-29T00:00:00.000Z,"$45,777.21"
2022-09-28T00:00:00.000Z,"$48,267.83"
2022-09-27T00:00:00.000Z,"$56,601.06"
2022-09-26T00:00:00.000Z,"$48,123.71"
2022-09-25T00:00:00.000Z,"$59,590.16"
2022-09-24T00:00:00.000Z,"$60,749.80"
2022-09-23T00:00:00.000Z,"$56,008.52"
2022-09-22T00:00:00.000Z,"$47,595.84"
2022-09-21T00:00:00.000Z,"$43,896.24"
2022-09-20T00:00:00.000Z,"$52,464.50"
2022-09-19T00:00:00.000Z,"$43,499.72"
2022-09-18T00:00:00.000Z,"$47,396.16"
2022-09-17T00:00:00.000Z,"$51,092.42"
2022-09-16T00:00:00.000Z,"$44,129.27"
2022-09-15T00:00:00.000Z,"$49,972.54"
2022-09-14T00:00:00.000Z,"$49,859.75"
2022-09-13T00:00:00.000Z,"$54,522.66"
2022-09-12T00:00:00.000Z,"$55,904.22"
2022-09-11T00:00:00.000Z,"$56,191.07"
2022-09-10T00:00:00.000Z,"$50,948.43"
2022-09-09T00:00:00.000Z,"$51,236.82"
2022-09-08T00:00:00.000Z,"$51,404.84"
2022-09-07T00:00:00.000Z,"$49,652.67"
2022-09-06T00:00:00.000Z,"$49,434.28"
2022-09-05T00:00:00.000Z,"$51,508.15"
2022-09-04T00:00:00.000Z,"$54,074.93"
2022-09-03T00:00:00.000Z,"$53,221.85"
2022-09-02T00:00:00.000Z,"$46,780.38"
2022-09-01T00:00:00.000Z,"$47,361.49"
2022-08-31T00:00:00.000Z,"$48,278.46"
2022-08-30T00:00:00.000Z,"$49,584.24"
2022-08-29T00:00:00.000Z,"$47,957.53"
2022-08-28T00:00:00.000Z,"$54,808.80"
2022-08-27T00:00:00.000Z,"$49,536.53"
2022-08-26T00:00:00.000Z,"$49,626.58"
2022-08-25T00:00:00.000Z,"$52,222.47"
2022-08-24T00:00:00.000Z,"$51,342.97"
2022-08-23T00:00:00.000Z,"$50,216.09"
2022-08-22T00:00:00.000Z,"$51,737.63"
2022-08-21T00:00:00.000Z,"$59,155.64"
2022-08-20T00:00:00.000Z,"$56,074.63"
2022-08-19T00:00:00.000Z,"$53,125.34"
2022-08-18T00:00:00.000Z,"$60,044.80"
2022-08-17T00:00:00.000Z,"$61,295.47"
2022-08-16T00:00:00.000Z,"$60,880.14"
2022-08-15T00:00:00.000Z,"$63,273.13"
2022-08-14T00:00:00.000Z,"$61,535.52"
2022-08-13T00:00:00.000Z,"$66,295.18"
2022-08-12T00:00:00.000Z,"$61,543.71"
2022-08-11T00:00:00.000Z,"$60,259.00"
2022-08-10T00:00:00.000Z,"$54,326.54"
2022-08-09T00:00:00.000Z,"$59,868.28"
2022-08-08T00:00:00.000Z,"$63,149.19"
2022-08-07T00:00:00.000Z,"$59,921.81"
2022-08-06T00:00:00.000Z,"$62,932.79"
2022-08-05T00:00:00.000Z,"$59,203.07"
2022-08-04T00:00:00.000Z,"$59,527.38"
2022-08-03T00:00:00.000Z,"$55,806.29"
2022-08-02T00:00:00.000Z,"$55,840.24"
2022-08-01T00:00:00.000Z,"$56,932.47"
2022-07-31T00:00:00.000Z,"$61,266.95"
2022-07-30T00:00:00.000Z,"$60,272.92"
2022-07-29T00:00:00.000Z,"$63,144.40"
2022-07-28T00:00:00.000Z,"$52,712.22"
2022-07-27T00:00:00.000Z,"$52,835.20"
2022-07-26T00:00:00.000Z,"$49,574.51"
2022-07-25T00:00:00.000Z,"$48,589.15"
2022-07-24T00:00:00.000Z,"$56,862.36"
2022-07-23T00:00:00.000Z,"$57,833.62"
2022-07-22T00:00:00.000Z,"$66,333.24"
2022-07-21T00:00:00.000Z,"$58,651.82"
2022-07-20T00:00:00.000Z,"$62,065.68"
2022-07-19T00:00:00.000Z,"$56,150.94"
2022-07-18T00:00:00.000Z,"$47,780.44"
2022-07-17T00:00:00.000Z,"$48,195.13"
2022-07-16T00:00:00.000Z,"$47,835.63"
2022-07-15T00:00:00.000Z,"$51,159.66"
2022-07-14T00:00:00.000Z,"$50,404.64"
2022-07-13T00:00:00.000Z,"$44,407.00"
2022-07-12T00:00:00.000Z,"$43,053.86"
2022-07-11T00:00:00.000Z,"$44,709.28"
2022-07-10T00:00:00.000Z,"$56,739.41"
2022-07-09T00:00:00.000Z,"$51,118.02"
2022-07-08T00:00:00.000Z,"$46,847.85"
2022-07-07T00:00:00.000Z,"$49,761.73"
2022-07-06T00:00:00.000Z,"$40,617.16"
2022-07-05T00:00:00.000Z,"$46,522.15"
2022-07-04T00:00:00.000Z,"$44,733.41"
2022-07-03T00:00:00.000Z,"$34,051.44"
2022-07-02T00:00:00.000Z,"$43,006.69"
2022-07-01T00:00:00.000Z,"$38,850.36"
2022-06-30T00:00:00.000Z,"$39,720.73"
2022-06-29T00:00:00.000Z,"$41,914.97"
2022-06-28T00:00:00.000Z,"$53,425.31"
2022-06-27T00:00:00.000Z,"$48,874.84"
2022-06-26T00:00:00.000Z,"$57,416.33"
2022-06-25T00:00:00.000Z,"$48,117.47"
2022-06-24T00:00:00.000Z,"$44,590.39"
2022-06-23T00:00:00.000Z,"$43,800.57"
2022-06-22T00:00:00.000Z,"$44,618.04"
2022-06-21T00:00:00.000Z,"$48,293.80"
2022-06-20T00:00:00.000Z,"$45,342.88"
2022-06-19T00:00:00.000Z,"$40,441.55"
2022-06-18T00:00:00.000Z,"$34,902.12"
2022-06-17T00:00:00.000Z,"$34,691.76"
2022-06-16T00:00:00.000Z,"$34,067.68"
2022-06-15T00:00:00.000Z,"$25,580.45"
2022-06-14T00:00:00.000Z,"$22,017.51"
2022-06-13T00:00:00.000Z,"$20,272.47"
2022-06-12T00:00:00.000Z,"$30,735.53"
2022-06-11T00:00:00.000Z,"$36,591.24"
2022-06-10T00:00:00.000Z,"$38,002.06"
2022-06-09T00:00:00.000Z,"$35,122.51"
2022-06-08T00:00:00.000Z,"$37,124.43"
2022-06-07T00:00:00.000Z,"$37,980.97"
2022-06-06T00:00:00.000Z,"$31,644.04"
2022-06-05T00:00:00.000Z,"$34,112.52"
2022-06-04T00:00:00.000Z,"$39,641.77"
2022-06-03T00:00:00.000Z,"$38,908.12"
2022-06-02T00:00:00.000Z,"$38,139.66"
2022-06-01T00:00:00.000Z,"$38,236.51"
2022-05-31T00:00:00.000Z,"$40,132.68"
2022-05-30T00:00:00.000Z,"$36,763.56"
2022-05-29T00:00:00.000Z,"$34,907.66"
2022-05-28T00:00:00.000Z,"$34,655.92"
2022-05-27T00:00:00.000Z,"$32,974.02"
2022-05-26T00:00:00.000Z,"$36,888.09"
2022-05-25T00:00:00.000Z,"$38,080.32"
2022-05-24T00:00:00.000Z,"$43,744.42"
2022-05-23T00:00:00.000Z,"$49,377.05"
2022-05-22T00:00:00.000Z,"$51,037.45"
2022-05-21T00:00:00.000Z,"$52,081.20"
2022-05-20T00:00:00.000Z,"$41,303.64"
2022-05-19T00:00:00.000Z,"$48,645.80"
2022-05-18T00:00:00.000Z,"$50,896.47"
2022-05-17T00:00:00.000Z,"$45,169.77"
2022-05-16T00:00:00.000Z,"$52,330.58"
2022-05-15T00:00:00.000Z,"$52,665.23"
2022-05-14T00:00:00.000Z,"$52,029.49"
2022-05-13T00:00:00.000Z,"$42,577.36"
2022-05-12T00:00:00.000Z,"$36,548.66"
2022-05-11T00:00:00.000Z,"$52,853.02"
2022-05-10T00:00:00.000Z,"$62,385.90"
2022-05-09T00:00:00.000Z,"$73,669.64"
2022-05-08T00:00:00.000Z,"$93,731.86"
2022-05-07T00:00:00.000Z,"$100,622.50"
2022-05-06T00:00:00.000Z,"$93,376.30"
2022-05-05T00:00:00.000Z,"$110,824.04"
2022-05-04T00:00:00.000Z,"$111,564.56"
2022-05-03T00:00:00.000Z,"$108,013.39"
2022-05-02T00:00:00.000Z,"$96,240.66"
2022-05-01T00:00:00.000Z,"$73,641.83"
2022-04-30T00:00:00.000Z,"$69,960.04"
2022-04-29T00:00:00.000Z,"$84,369.24"
2022-04-28T00:00:00.000Z,"$101,332.37"
2022-04-27T00:00:00.000Z,"$106,533.22"
2022-04-26T00:00:00.000Z,"$93,996.79"
2022-04-25T00:00:00.000Z,"$101,002.37"
2022-04-24T00:00:00.000Z,"$113,822.86"
2022-04-23T00:00:00.000Z,"$130,283.86"
2022-04-22T00:00:00.000Z,"$125,735.53"
2022-04-21T00:00:00.000Z,"$132,290.77"
2022-04-20T00:00:00.000Z,"$128,476.81"
2022-04-19T00:00:00.000Z,"$123,051.28"
2022-04-18T00:00:00.000Z,"$98,069.22"
2022-04-17T00:00:00.000Z,"$111,346.08"
2022-04-16T00:00:00.000Z,"$127,576.28"
2022-04-15T00:00:00.000Z,"$130,476.89"
2022-04-14T00:00:00.000Z,"$129,939.15"
2022-04-13T00:00:00.000Z,"$121,781.14"
2022-04-12T00:00:00.000Z,"$101,700.30"
2022-04-11T00:00:00.000Z,"$108,329.11"
2022-04-10T00:00:00.000Z,"$109,598.31"
2022-04-09T00:00:00.000Z,"$73,291.78"
2022-04-08T00:00:00.000Z,"$97,055.76"
2022-04-07T00:00:00.000Z,"$98,285.33"
2022-04-06T00:00:00.000Z,"$102,396.50"
2022-04-05T00:00:00.000Z,"$150,092.56"
2022-04-04T00:00:00.000Z,"$130,451.56"
2022-04-03T00:00:00.000Z,"$145,360.95"
2022-04-02T00:00:00.000Z,"$161,376.10"
2022-04-01T00:00:00.000Z,"$147,419.30"
2022-03-31T00:00:00.000Z,"$160,278.78"
2022-03-30T00:00:00.000Z,"$153,901.06"
2022-03-29T00:00:00.000Z,"$152,239.51"
2022-03-28T00:00:00.000Z,"$147,647.53"
2022-03-27T00:00:00.000Z,"$130,477.13"
2022-03-26T00:00:00.000Z,"$129,247.31"
2022-03-25T00:00:00.000Z,"$130,684.78"
2022-03-24T00:00:00.000Z,"$127,121.48"
2022-03-23T00:00:00.000Z,"$124,103.72"
2022-03-22T00:00:00.000Z,"$119,022.86"
2022-03-21T00:00:00.000Z,"$113,392.69"
2022-03-20T00:00:00.000Z,"$117,107.98"
2022-03-19T00:00:00.000Z,"$119,264.22"
2022-03-18T00:00:00.000Z,"$117,151.67"
2022-03-17T00:00:00.000Z,"$119,104.46"
2022-03-16T00:00:00.000Z,"$108,112.60"
2022-03-15T00:00:00.000Z,"$99,674.63"
2022-03-14T00:00:00.000Z,"$97,942.23"
2022-03-13T00:00:00.000Z,"$102,066.36"
2022-03-12T00:00:00.000Z,"$105,351.77"
2022-03-11T00:00:00.000Z,"$94,831.82"
2022-03-10T00:00:00.000Z,"$84,446.61"
2022-03-09T00:00:00.000Z,"$102,008.08"
2022-03-08T00:00:00.000Z,"$100,377.48"
2022-03-07T00:00:00.000Z,"$95,911.62"
2022-03-06T00:00:00.000Z,"$106,694.18"
2022-03-05T00:00:00.000Z,"$108,574.04"
2022-03-04T00:00:00.000Z,"$106,827.26"
2022-03-03T00:00:00.000Z,"$116,205.74"
2022-03-02T00:00:00.000Z,"$117,052.69"
2022-03-01T00:00:00.000Z,"$114,385.25"
2022-02-28T00:00:00.000Z,"$106,137.85"
2022-02-27T00:00:00.000Z,"$108,388.07"
2022-02-26T00:00:00.000Z,"$113,586.28"
2022-02-25T00:00:00.000Z,"$102,282.84"
2022-02-24T00:00:00.000Z,"$83,944.83"
2022-02-23T00:00:00.000Z,"$105,912.68"
2022-02-22T00:00:00.000Z,"$100,277.07"
2022-02-21T00:00:00.000Z,"$106,842.85"
2022-02-20T00:00:00.000Z,"$91,952.26"
2022-02-19T00:00:00.000Z,"$108,361.72"
2022-02-18T00:00:00.000Z,"$115,952.80"
2022-02-17T00:00:00.000Z,"$121,012.17"
2022-02-16T00:00:00.000Z,"$128,723.79"
2022-02-15T00:00:00.000Z,"$123,726.15"
2022-02-14T00:00:00.000Z,"$119,582.47"
2022-02-13T00:00:00.000Z,"$118,971.24"
2022-02-12T00:00:00.000Z,"$116,803.48"
2022-02-11T00:00:00.000Z,"$126,358.20"
2022-02-10T00:00:00.000Z,"$136,056.26"
2022-02-09T00:00:00.000Z,"$138,723.38"
2022-02-08T00:00:00.000Z,"$140,479.27"
2022-02-07T00:00:00.000Z,"$152,177.47"
2022-02-06T00:00:00.000Z,"$151,538.70"
2022-02-05T00:00:00.000Z,"$151,539.52"
2022-02-04T00:00:00.000Z,"$139,318.70"
2022-02-03T00:00:00.000Z,"$129,462.75"
2022-02-02T00:00:00.000Z,"$128,090.05"
2022-02-01T00:00:00.000Z,"$132,420.43"
2022-01-31T00:00:00.000Z,"$120,061.72"
2022-01-30T00:00:00.000Z,"$127,227.98"
2022-01-29T00:00:00.000Z,"$123,211.25"
2022-01-28T00:00:00.000Z,"$116,837.97"
2022-01-27T00:00:00.000Z,"$113,800.23"
2022-01-26T00:00:00.000Z,"$123,109.74"
2022-01-25T00:00:00.000Z,"$122,221.08"
2022-01-24T00:00:00.000Z,"$109,964.31"
2022-01-23T00:00:00.000Z,"$124,318.21"
2022-01-22T00:00:00.000Z,"$50,469.30"
2022-01-21T00:00:00.000Z,"$62,056.18"
2022-01-20T00:00:00.000Z,"$135,805.39"
2022-01-19T00:00:00.000Z,"$143,547.55"
2022-01-18T00:00:00.000Z,"$148,638.67"
2022-01-17T00:00:00.000Z,"$156,132.89"
2022-01-16T00:00:00.000Z,"$182,559.06"
2022-01-15T00:00:00.000Z,"$181,455.32"
2022-01-14T00:00:00.000Z,"$173,560.93"
2022-01-13T00:00:00.000Z,"$188,152.04"
2022-01-12T00:00:00.000Z,"$178,997.22"
2022-01-11T00:00:00.000Z,"$173,433.81"
2022-01-10T00:00:00.000Z,"$152,363.53"
2022-01-09T00:00:00.000Z,"$162,904.05"
2022-01-08T00:00:00.000Z,"$139,946.31"
2022-01-07T00:00:00.000Z,"$98,511.62"
2022-01-06T00:00:00.000Z,"$152,155.40"
2022-01-05T00:00:00.000Z,"$190,840.48"
2022-01-04T00:00:00.000Z,"$202,804.14"
2022-01-03T00:00:00.000Z,"$184,425.85"
2022-01-02T00:00:00.000Z,"$230,012.11"
2022-01-01T00:00:00.000Z,"$226,172.28"
2021-12-31T00:00:00.000Z,"$211,274.55"
2021-12-30T00:00:00.000Z,"$216,963.34"
2021-12-29T00:00:00.000Z,"$199,377.37"
2021-12-28T00:00:00.000Z,"$225,523.89"
2021-12-27T00:00:00.000Z,"$258,160.23"
2021-12-26T00:00:00.000Z,"$277,502.02"
2021-12-25T00:00:00.000Z,"$281,720.40"
2021-12-24T00:00:00.000Z,"$263,794.74"
2021-12-23T00:00:00.000Z,"$242,007.01"
2021-12-22T00:00:00.000Z,"$232,407.91"
2021-12-21T00:00:00.000Z,"$221,600.75"
2021-12-20T00:00:00.000Z,"$199,951.70"
2021-12-19T00:00:00.000Z,"$236,146.24"
2021-12-18T00:00:00.000Z,"$232,399.87"
2021-12-17T00:00:00.000Z,"$215,792.15"
2021-12-16T00:00:00.000Z,"$240,194.75"
2021-12-15T00:00:00.000Z,"$212,962.18"
2021-12-14T00:00:00.000Z,"$161,557.75"
2021-12-13T00:00:00.000Z,"$137,646.35"
2021-12-12T00:00:00.000Z,"$194,941.81"
2021-12-11T00:00:00.000Z,"$196,686.95"
2021-12-10T00:00:00.000Z,"$201,461.65"
2021-12-09T00:00:00.000Z,"$204,539.49"
2021-12-08T00:00:00.000Z,"$225,705.74"
2021-12-07T00:00:00.000Z,"$222,250.35"
2021-12-06T00:00:00.000Z,"$213,385.30"
2021-12-05T00:00:00.000Z,"$218,481.28"
2021-12-04T00:00:00.000Z,"$181,698.64"
2021-12-03T00:00:00.000Z,"$265,922.96"
2021-12-02T00:00:00.000Z,"$245,434.66"
2021-12-01T00:00:00.000Z,"$250,762.02"
2021-11-30T00:00:00.000Z,"$240,705.56"
2021-11-29T00:00:00.000Z,"$236,436.25"
2021-11-28T00:00:00.000Z,"$232,475.57"
2021-11-27T00:00:00.000Z,"$240,831.25"
2021-11-26T00:00:00.000Z,"$220,239.12"
2021-11-25T00:00:00.000Z,"$255,890.19"
2021-11-24T00:00:00.000Z,"$260,331.73"
2021-11-23T00:00:00.000Z,"$252,947.24"
2021-11-22T00:00:00.000Z,"$268,319.55"
2021-11-21T00:00:00.000Z,"$277,986.49"
2021-11-20T00:00:00.000Z,"$275,944.87"
2021-11-19T00:00:00.000Z,"$253,791.18"
2021-11-18T00:00:00.000Z,"$240,524.69"
2021-11-17T00:00:00.000Z,"$262,306.17"
2021-11-16T00:00:00.000Z,"$270,968.13"
2021-11-15T00:00:00.000Z,"$300,751.31"
2021-11-14T00:00:00.000Z,"$297,360.79"
2021-11-13T00:00:00.000Z,"$284,680.02"
2021-11-12T00:00:00.000Z,"$260,910.36"
2021-11-11T00:00:00.000Z,"$284,001.03"
2021-11-10T00:00:00.000Z,"$268,095.11"
2021-11-09T00:00:00.000Z,"$287,546.82"
2021-11-08T00:00:00.000Z,"$286,970.52"
2021-11-07T00:00:00.000Z,"$303,332.32"
2021-11-06T00:00:00.000Z,"$297,623.11"
2021-11-05T00:00:00.000Z,"$293,099.72"
2021-11-04T00:00:00.000Z,"$294,732.15"
2021-11-03T00:00:00.000Z,"$267,934.99"
2021-11-02T00:00:00.000Z,"$243,791.98"
2021-11-01T00:00:00.000Z,"$240,005.93"
2021-10-31T00:00:00.000Z,"$235,130.92"
2021-10-30T00:00:00.000Z,"$234,578.17"
2021-10-29T00:00:00.000Z,"$236,196.87"
2021-10-28T00:00:00.000Z,"$226,228.99"
2021-10-27T00:00:00.000Z,"$221,244.24"
2021-10-26T00:00:00.000Z,"$253,303.37"
2021-10-25T00:00:00.000Z,"$250,196.82"
2021-10-24T00:00:00.000Z,"$230,997.69"
2021-10-23T00:00:00.000Z,"$230,722.80"
2021-10-22T00:00:00.000Z,"$233,521.09"
2021-10-21T00:00:00.000Z,"$204,912.52"
2021-10-20T00:00:00.000Z,"$199,663.26"
2021-10-19T00:00:00.000Z,"$192,988.13"
2021-10-18T00:00:00.000Z,"$193,684.75"
2021-10-17T00:00:00.000Z,"$195,620.52"
2021-10-16T00:00:00.000Z,"$194,038.12"
2021-10-15T00:00:00.000Z,"$192,023.18"
2021-10-14T00:00:00.000Z,"$184,053.04"
2021-10-13T00:00:00.000Z,"$175,344.56"
2021-10-12T00:00:00.000Z,"$167,949.45"
2021-10-11T00:00:00.000Z,"$165,560.83"
2021-10-10T00:00:00.000Z,"$168,857.01"
2021-10-09T00:00:00.000Z,"$176,247.81"
2021-10-08T00:00:00.000Z,"$173,504.83"
2021-10-07T00:00:00.000Z,"$154,134.11"
2021-10-06T00:00:00.000Z,"$147,796.61"
2021-10-05T00:00:00.000Z,"$154,638.86"
2021-10-04T00:00:00.000Z,"$154,452.28"
2021-10-03T00:00:00.000Z,"$162,156.20"
2021-10-02T00:00:00.000Z,"$154,746.30"
2021-10-01T00:00:00.000Z,"$142,407.95"
2021-09-30T00:00:00.000Z,"$129,224.28"
2021-09-29T00:00:00.000Z,"$129,413.52"
2021-09-28T00:00:00.000Z,"$126,746.38"
2021-09-27T00:00:00.000Z,"$135,096.26"
2021-09-26T00:00:00.000Z,"$124,370.17"
2021-09-25T00:00:00.000Z,"$129,927.26"
2021-09-24T00:00:00.000Z,"$129,322.10"
2021-09-23T00:00:00.000Z,"$140,301.46"
2021-09-22T00:00:00.000Z,"$127,838.24"
2021-09-21T00:00:00.000Z,"$127,356.74"
2021-09-20T00:00:00.000Z,"$136,820.02"
2021-09-19T00:00:00.000Z,"$158,962.37"
2021-09-18T00:00:00.000Z,"$152,976.94"
2021-09-17T00:00:00.000Z,"$140,631.69"
2021-09-16T00:00:00.000Z,"$155,860.87"
2021-09-15T00:00:00.000Z,"$112,137.14"
2021-09-14T00:00:00.000Z,"$73,292.19"
2021-09-13T00:00:00.000Z,"$140,266.52"
2021-09-12T00:00:00.000Z,"$156,208.45"
2021-09-11T00:00:00.000Z,"$161,371.70"
2021-09-10T00:00:00.000Z,"$159,728.09"
2021-09-09T00:00:00.000Z,"$174,720.10"
2021-09-08T00:00:00.000Z,"$146,443.16"
2021-09-07T00:00:00.000Z,"$148,281.50"
2021-09-06T00:00:00.000Z,"$128,516.47"
2021-09-05T00:00:00.000Z,"$120,420.02"
2021-09-04T00:00:00.000Z,"$125,028.38"
2021-09-03T00:00:00.000Z,"$122,845.39"
2021-09-02T00:00:00.000Z,"$98,608.44"
2021-09-01T00:00:00.000Z,"$90,645.45"
2021-08-31T00:00:00.000Z,"$88,922.63"
2021-08-30T00:00:00.000Z,"$78,054.62"
2021-08-29T00:00:00.000Z,"$65,803.29"
2021-08-28T00:00:00.000Z,"$64,120.61"
2021-08-27T00:00:00.000Z,"$55,303.38"
2021-08-26T00:00:00.000Z,"$49,208.46"
2021-08-25T00:00:00.000Z,"$47,629.38"
2021-08-24T00:00:00.000Z,"$51,162.83"
2021-08-23T00:00:00.000Z,"$49,424.03"
2021-08-22T00:00:00.000Z,"$49,760.26"
2021-08-21T00:00:00.000Z,"$51,294.24"
2021-08-20T00:00:00.000Z,"$48,798.72"
2021-08-19T00:00:00.000Z,"$42,522.80"
2021-08-18T00:00:00.000Z,"$41,640.54"
2021-08-17T00:00:00.000Z,"$40,616.04"
2021-08-16T00:00:00.000Z,"$37,041.03"
2021-08-15T00:00:00.000Z,"$28,826.59"
2021-08-14T00:00:00.000Z,"$26,571.49"
2021-08-13T00:00:00.000Z,"$26,350.39"
2021-08-12T00:00:00.000Z,"$25,674.00"
2021-08-11T00:00:00.000Z,"$27,057.64"
2021-08-10T00:00:00.000Z,"$25,769.95"
2021-08-09T00:00:00.000Z,"$25,128.63"
2021-08-08T00:00:00.000Z,"$24,576.80"
2021-08-07T00:00:00.000Z,"$25,018.66"
2021-08-06T00:00:00.000Z,"$24,783.52"
2021-08-05T00:00:00.000Z,"$24,359.03"
2021-08-04T00:00:00.000Z,"$22,792.64"
2021-08-03T00:00:00.000Z,"$22,032.81"
2021-08-02T00:00:00.000Z,"$22,127.09"
2021-08-01T00:00:00.000Z,"$22,420.23"
2021-07-31T00:00:00.000Z,"$20,956.35"
2021-07-30T00:00:00.000Z,"$19,702.31"
2021-07-29T00:00:00.000Z,"$13,755.91"
2021-07-28T00:00:00.000Z,"$12,604.08"
2021-07-27T00:00:00.000Z,"$11,209.57"
2021-07-26T00:00:00.000Z,"$10,712.72"
2021-07-25T00:00:00.000Z,"$9,615.48"
2021-07-24T00:00:00.000Z,"$9,970.81"
2021-07-23T00:00:00.000Z,"$9,459.30"
2021-07-22T00:00:00.000Z,"$9,217.11"
2021-07-21T00:00:00.000Z,"$8,825.72"
2021-07-20T00:00:00.000Z,"$8,151.49"
2021-07-19T00:00:00.000Z,"$8,551.06"
2021-07-18T00:00:00.000Z,"$8,786.75"
2021-07-17T00:00:00.000Z,"$8,993.90"
2021-07-16T00:00:00.000Z,"$10,107.46"
2021-07-15T00:00:00.000Z,"$10,377.51"
2021-07-14T00:00:00.000Z,"$10,611.24"
2021-07-13T00:00:00.000Z,"$10,752.29"
2021-07-12T00:00:00.000Z,"$10,970.39"
2021-07-11T00:00:00.000Z,"$11,086.57"
2021-07-10T00:00:00.000Z,"$11,422.71"
2021-07-09T00:00:00.000Z,"$11,597.30"
2021-07-08T00:00:00.000Z,"$12,232.22"
2021-07-07T00:00:00.000Z,"$12,932.74"
2021-07-06T00:00:00.000Z,"$12,174.13"
2021-07-05T00:00:00.000Z,"$12,257.14"
2021-07-04T00:00:00.000Z,"$11,751.38"
2021-07-03T00:00:00.000Z,"$11,478.42"
2021-07-02T00:00:00.000Z,"$10,983.38"
2021-07-01T00:00:00.000Z,"$11,733.38"
2021-06-30T00:00:00.000Z,"$11,540.57"
2021-06-29T00:00:00.000Z,"$12,073.73"
2021-06-28T00:00:00.000Z,"$11,514.81"
2021-06-27T00:00:00.000Z,"$10,849.36"
2021-06-26T00:00:00.000Z,"$10,203.62"
2021-06-25T00:00:00.000Z,"$11,083.83"
2021-06-24T00:00:00.000Z,"$11,227.18"
2021-06-23T00:00:00.000Z,"$10,771.41"
2021-06-22T00:00:00.000Z,"$8,889.76"
2021-06-21T00:00:00.000Z,"$10,865.35"
2021-06-20T00:00:00.000Z,"$12,109.46"
2021-06-19T00:00:00.000Z,"$12,969.86"
2021-06-18T00:00:00.000Z,"$13,612.49"
2021-06-17T00:00:00.000Z,"$14,329.88"
2021-06-16T00:00:00.000Z,"$13,511.20"
2021-06-15T00:00:00.000Z,"$13,825.11"
2021-06-14T00:00:00.000Z,"$13,029.42"
2021-06-13T00:00:00.000Z,"$12,575.88"
2021-06-12T00:00:00.000Z,"$12,614.97"
2021-06-11T00:00:00.000Z,"$13,724.59"
2021-06-10T00:00:00.000Z,"$15,082.39"
2021-06-09T00:00:00.000Z,"$15,291.87"
2021-06-08T00:00:00.000Z,"$14,014.53"
2021-06-07T00:00:00.000Z,"$15,582.52"
2021-06-06T00:00:00.000Z,"$15,003.59"
2021-06-05T00:00:00.000Z,"$15,641.55"
2021-06-04T00:00:00.000Z,"$15,306.37"
2021-06-03T00:00:00.000Z,"$14,690.81"
2021-06-02T00:00:00.000Z,"$12,875.50"
2021-06-01T00:00:00.000Z,"$12,008.91"
2021-05-31T00:00:00.000Z,"$11,261.04"
2021-05-30T00:00:00.000Z,"$9,126.45"
2021-05-29T00:00:00.000Z,"$8,469.66"
2021-05-28T00:00:00.000Z,"$9,370.36"
2021-05-27T00:00:00.000Z,"$10,516.62"
2021-05-26T00:00:00.000Z,"$10,563.12"
2021-05-25T00:00:00.000Z,"$9,017.78"
2021-05-24T00:00:00.000Z,"$10,634.01"
2021-05-23T00:00:00.000Z,"$10,291.48"
2021-05-22T00:00:00.000Z,"$13,561.22"
2021-05-21T00:00:00.000Z,"$16,784.51"
2021-05-20T00:00:00.000Z,"$17,068.20"
2021-05-19T00:00:00.000Z,"$18,806.06"
2021-05-18T00:00:00.000Z,"$21,223.38"
2021-05-17T00:00:00.000Z,"$20,114.25"
2021-05-16T00:00:00.000Z,"$20,218.34"
2021-05-15T00:00:00.000Z,"$17,869.70"
2021-05-14T00:00:00.000Z,"$18,389.50"
2021-05-13T00:00:00.000Z,"$17,908.45"
2021-05-12T00:00:00.000Z,"$19,391.89"
2021-05-11T00:00:00.000Z,"$17,760.25"
2021-05-10T00:00:00.000Z,"$18,337.46"
2021-05-09T00:00:00.000Z,"$17,857.43"
2021-05-08T00:00:00.000Z,"$17,183.51"
2021-05-07T00:00:00.000Z,"$16,530.32"
2021-05-06T00:00:00.000Z,"$16,655.04"
2021-05-05T00:00:00.000Z,"$17,708.93"
2021-05-04T00:00:00.000Z,"$19,109.05"
2021-05-03T00:00:00.000Z,"$20,398.08"
2021-05-02T00:00:00.000Z,"$21,859.54"
2021-05-01T00:00:00.000Z,"$21,498.77"
2021-04-30T00:00:00.000Z,"$20,870.89"
2021-04-29T00:00:00.000Z,"$21,039.46"
2021-04-28T00:00:00.000Z,"$22,296.49"
2021-04-27T00:00:00.000Z,"$22,285.92"
2021-04-26T00:00:00.000Z,"$23,448.27"
2021-04-25T00:00:00.000Z,"$22,226.99"
2021-04-24T00:00:00.000Z,"$19,536.59"
2021-04-23T00:00:00.000Z,"$19,152.63"
2021-04-22T00:00:00.000Z,"$19,482.05"
2021-04-21T00:00:00.000Z,"$12,992.08"
2021-04-20T00:00:00.000Z,"$11,252.21"
2021-04-19T00:00:00.000Z,"$11,793.64"
2021-04-18T00:00:00.000Z,"$9,989.73"
2021-04-17T00:00:00.000Z,"$9,653.50"
2021-04-16T00:00:00.000Z,"$9,702.60"
2021-04-15T00:00:00.000Z,"$9,858.05"
2021-04-14T00:00:00.000Z,"$9,643.57"
2021-04-13T00:00:00.000Z,"$10,263.86"
2021-04-12T00:00:00.000Z,"$10,577.48"
2021-04-11T00:00:00.000Z,"$9,984.58"
2021-04-10T00:00:00.000Z,"$10,405.26"
2021-04-09T00:00:00.000Z,"$10,564.48"
2021-04-08T00:00:00.000Z,"$9,875.29"
2021-04-07T00:00:00.000Z,"$9,740.94"
2021-04-06T00:00:00.000Z,"$9,030.95"
2021-04-05T00:00:00.000Z,"$7,556.34"
2021-04-04T00:00:00.000Z,"$8,763.32"
2021-04-03T00:00:00.000Z,"$7,545.12"
2021-04-02T00:00:00.000Z,"$6,376.06"
2021-04-01T00:00:00.000Z,"$6,524.10"
2021-03-31T00:00:00.000Z,"$6,767.56"
2021-03-30T00:00:00.000Z,"$7,224.20"
2021-03-29T00:00:00.000Z,"$6,719.19"
2021-03-28T00:00:00.000Z,"$6,592.30"
2021-03-27T00:00:00.000Z,"$5,858.29"
2021-03-26T00:00:00.000Z,"$5,285.72"
2021-03-25T00:00:00.000Z,"$5,131.44"
2021-03-24T00:00:00.000Z,"$5,460.66"
2021-03-23T00:00:00.000Z,"$5,590.71"
2021-03-22T00:00:00.000Z,"$5,943.71"
2021-03-21T00:00:00.000Z,"$5,185.15"
2021-03-20T00:00:00.000Z,"$5,611.37"
2021-03-19T00:00:00.000Z,"$5,616.09"
2021-03-18T00:00:00.000Z,"$5,538.54"
2021-03-17T00:00:00.000Z,"$5,158.85"
2021-03-16T00:00:00.000Z,"$5,287.14"
2021-03-15T00:00:00.000Z,"$5,665.81"
2021-03-14T00:00:00.000Z,"$5,777.58"
2021-03-13T00:00:00.000Z,"$5,670.37"
2021-03-12T00:00:00.000Z,"$6,197.65"
2021-03-11T00:00:00.000Z,"$6,004.20"
2021-03-10T00:00:00.000Z,"$5,629.19"
2021-03-09T00:00:00.000Z,"$5,820.88"
2021-03-08T00:00:00.000Z,"$5,471.74"
2021-03-07T00:00:00.000Z,"$5,528.54"
2021-03-06T00:00:00.000Z,"$5,233.03"
2021-03-05T00:00:00.000Z,"$4,965.03"
2021-03-04T00:00:00.000Z,"$5,027.15"
2021-03-03T00:00:00.000Z,"$4,640.42"
2021-03-02T00:00:00.000Z,"$5,305.03"
2021-03-01T00:00:00.000Z,"$5,921.82"
2021-02-28T00:00:00.000Z,"$5,235.46"
2021-02-27T00:00:00.000Z,"$6,016.28"
2021-02-26T00:00:00.000Z,"$5,652.31"
2021-02-25T00:00:00.000Z,"$7,295.29"
2021-02-24T00:00:00.000Z,"$6,804.33"
2021-02-23T00:00:00.000Z,"$3,640.54"
2021-02-22T00:00:00.000Z,"$4,145.57"
2021-02-21T00:00:00.000Z,"$5,989.82"
2021-02-20T00:00:00.000Z,"$6,303.46"
2021-02-19T00:00:00.000Z,"$5,617.18"
2021-02-18T00:00:00.000Z,"$4,510.78"
2021-02-17T00:00:00.000Z,"$4,054.44"
2021-02-16T00:00:00.000Z,"$3,750.61"
2021-02-15T00:00:00.000Z,"$3,687.02"
2021-02-14T00:00:00.000Z,"$3,837.42"
2021-02-13T00:00:00.000Z,"$4,036.02"
2021-02-12T00:00:00.000Z,"$4,364.14"
2021-02-11T00:00:00.000Z,"$4,261.24"
2021-02-10T00:00:00.000Z,"$3,842.30"
2021-02-09T00:00:00.000Z,"$3,749.53"
2021-02-08T00:00:00.000Z,"$3,530.86"
2021-02-07T00:00:00.000Z,"$3,061.86"
2021-02-06T00:00:00.000Z,"$2,824.00"
2021-02-05T00:00:00.000Z,"$3,103.25"
2021-02-04T00:00:00.000Z,"$2,694.02"
2021-02-03T00:00:00.000Z,"$2,399.77"
2021-02-02T00:00:00.000Z,"$2,177.20"
2021-02-01T00:00:00.000Z,"$1,928.30"
2021-01-31T00:00:00.000Z,"$1,973.97"
2021-01-30T00:00:00.000Z,"$1,726.69"
2021-01-29T00:00:00.000Z,"$1,622.26"
2021-01-28T00:00:00.000Z,"$1,672.15"
2021-01-27T00:00:00.000Z,"$1,594.82"
2021-01-26T00:00:00.000Z,"$1,692.60"
2021-01-25T00:00:00.000Z,"$1,619.46"
2021-01-24T00:00:00.000Z,"$1,545.83"
2021-01-23T00:00:00.000Z,"$1,458.37"
2021-01-22T00:00:00.000Z,"$1,327.96"
2021-01-21T00:00:00.000Z,"$1,387.91"
2021-01-20T00:00:00.000Z,"$1,382.31"
2021-01-19T00:00:00.000Z,"$1,521.97"
2021-01-18T00:00:00.000Z,"$1,558.89"
2021-01-17T00:00:00.000Z,"$1,401.00"
2021-01-16T00:00:00.000Z,$571.92
2021-01-15T00:00:00.000Z,$221.91
2021-01-14T00:00:00.000Z,"$1,481.35"
2021-01-13T00:00:00.000Z,"$1,401.79"
2021-01-12T00:00:00.000Z,"$1,466.12"
2021-01-11T00:00:00.000Z,"$1,262.21"
2021-01-10T00:00:00.000Z,"$1,427.55"
2021-01-09T00:00:00.000Z,"$1,323.80"
2021-01-08T00:00:00.000Z,"$1,174.87"
2021-01-07T00:00:00.000Z,$991.97
2021-01-06T00:00:00.000Z,$897.00
2021-01-05T00:00:00.000Z,$971.72
2021-01-04T00:00:00.000Z,$875.86
2021-01-03T00:00:00.000Z,$676.41
2021-01-02T00:00:00.000Z,$574.88
2021-01-01T00:00:00.000Z,$495.86
2020-12-31T00:00:00.000Z,$486.45
2020-12-30T00:00:00.000Z,$503.44
2020-12-29T00:00:00.000Z,$492.12
2020-12-28T00:00:00.000Z,$415.83
2020-12-27T00:00:00.000Z,$382.65
2020-12-26T00:00:00.000Z,$409.33
2020-12-25T00:00:00.000Z,$418.54
2020-12-24T00:00:00.000Z,$383.92
2020-12-23T00:00:00.000Z,$363.99
2020-12-22T00:00:00.000Z,$408.35
2020-12-21T00:00:00.000Z,$455.17
2020-12-20T00:00:00.000Z,$484.24
2020-12-19T00:00:00.000Z,$546.45
2020-12-18T00:00:00.000Z,$503.66
2020-12-17T00:00:00.000Z,$510.76
2020-12-16T00:00:00.000Z,$513.63
2020-12-15T00:00:00.000Z,$521.37
2020-12-14T00:00:00.000Z,$491.44
2020-12-13T00:00:00.000Z,$497.69
2020-12-12T00:00:00.000Z,$487.64
2020-12-11T00:00:00.000Z,$460.02
2020-12-10T00:00:00.000Z,$499.78
2020-12-09T00:00:00.000Z,$490.70
2020-12-08T00:00:00.000Z,$562.98
2020-12-07T00:00:00.000Z,$755.54
2020-12-06T00:00:00.000Z,$770.26
2020-12-05T00:00:00.000Z,$742.09
2020-12-04T00:00:00.000Z,$537.18
2020-12-03T00:00:00.000Z,$800.38
2020-12-02T00:00:00.000Z,$667.15
2020-12-01T00:00:00.000Z,$583.81
2020-11-30T00:00:00.000Z,$675.72
2020-11-29T00:00:00.000Z,$640.79
2020-11-28T00:00:00.000Z,$630.48
2020-11-27T00:00:00.000Z,$655.36
2020-11-26T00:00:00.000Z,$648.84
2020-11-25T00:00:00.000Z,$845.88
2020-11-24T00:00:00.000Z,$836.57
2020-11-23T00:00:00.000Z,$813.62
2020-11-22T00:00:00.000Z,$771.50
2020-11-21T00:00:00.000Z,$829.91
2020-11-20T00:00:00.000Z,$806.73
2020-11-19T00:00:00.000Z,$844.95
2020-11-18T00:00:00.000Z,$853.30
2020-11-17T00:00:00.000Z,$909.13
2020-11-16T00:00:00.000Z,$903.61
2020-11-15T00:00:00.000Z,$849.70
2020-11-14T00:00:00.000Z,$805.57
2020-11-13T00:00:00.000Z,$854.80
2020-11-12T00:00:00.000Z,$818.93
2020-11-11T00:00:00.000Z,$881.38
2020-11-10T00:00:00.000Z,$889.83
2020-11-09T00:00:00.000Z,$816.33
2020-11-08T00:00:00.000Z,$797.29
2020-11-07T00:00:00.000Z,$794.69
2020-11-06T00:00:00.000Z,$605.29
2020-11-05T00:00:00.000Z,$458.84
2020-11-04T00:00:00.000Z,$379.35
2020-11-03T00:00:00.000Z,$352.88
2020-11-02T00:00:00.000Z,$375.16
2020-11-01T00:00:00.000Z,$377.66
2020-10-31T00:00:00.000Z,$361.32
2020-10-30T00:00:00.000Z,$345.28
2020-10-29T00:00:00.000Z,$365.24
2020-10-28T00:00:00.000Z,$381.44
2020-10-27T00:00:00.000Z,$411.04
2020-10-26T00:00:00.000Z,$433.26
2020-10-25T00:00:00.000Z,$445.53
2020-10-24T00:00:00.000Z,$462.98
2020-10-23T00:00:00.000Z,$460.66
2020-10-22T00:00:00.000Z,$474.18
2020-10-21T00:00:00.000Z,$456.52
2020-10-20T00:00:00.000Z,$455.42
2020-10-19T00:00:00.000Z,$482.42
2020-10-18T00:00:00.000Z,$507.22
2020-10-17T00:00:00.000Z,$500.79
2020-10-16T00:00:00.000Z,$499.02
2020-10-15T00:00:00.000Z,$476.93
2020-10-14T00:00:00.000Z,$492.62
2020-10-13T00:00:00.000Z,$534.55
2020-10-12T00:00:00.000Z,$600.96
2020-10-11T00:00:00.000Z,$568.36
2020-10-10T00:00:00.000Z,$574.83
2020-10-09T00:00:00.000Z,$578.40
2020-10-08T00:00:00.000Z,$539.14
2020-10-07T00:00:00.000Z,$514.53
2020-10-06T00:00:00.000Z,$550.44
2020-10-05T00:00:00.000Z,$583.88
2020-10-04T00:00:00.000Z,$572.82
2020-10-03T00:00:00.000Z,$207.63