Timestamp,Date,App Revenue
1644796800000,2022-02-14,11135
1644883200000,2022-02-15,12194
1644969600000,2022-02-16,12729
1645056000000,2022-02-17,12729
1645142400000,2022-02-18,10228
1645228800000,2022-02-19,8711
1645315200000,2022-02-20,11004
1645401600000,2022-02-21,9152
1645488000000,2022-02-22,9152
1645574400000,2022-02-23,13017
1645660800000,2022-02-24,13017
1645747200000,2022-02-25,6931
1645833600000,2022-02-26,5084
1645920000000,2022-02-27,7571
1646006400000,2022-02-28,7216
1646092800000,2022-03-01,6450
1646179200000,2022-03-02,6450
1646265600000,2022-03-03,7687
1646352000000,2022-03-04,8154
1646438400000,2022-03-05,3803
1646524800000,2022-03-06,3803
1646611200000,2022-03-07,5133
1646697600000,2022-03-08,2594
1646784000000,2022-03-09,3189
1646870400000,2022-03-10,1975
1646956800000,2022-03-11,2171
1647043200000,2022-03-12,2142
1647129600000,2022-03-13,2142
1647216000000,2022-03-14,3046
1647302400000,2022-03-15,3819
1647388800000,2022-03-16,3819
1647475200000,2022-03-17,6103
1647561600000,2022-03-18,5315
1647648000000,2022-03-19,4349
1647734400000,2022-03-20,4349
1647820800000,2022-03-21,2997
1647907200000,2022-03-22,3101
1647993600000,2022-03-23,6476
1648080000000,2022-03-24,4716
1648166400000,2022-03-25,4359
1648252800000,2022-03-26,6185
1648339200000,2022-03-27,6324
1648425600000,2022-03-28,6324
1648512000000,2022-03-29,6079
1648598400000,2022-03-30,7904
1648684800000,2022-03-31,5635
1648771200000,2022-04-01,5001
1648857600000,2022-04-02,2369
1648944000000,2022-04-03,2224
1649030400000,2022-04-04,4494
1649116800000,2022-04-05,6380
1649203200000,2022-04-06,3810
1649289600000,2022-04-07,4229
1649376000000,2022-04-08,2338
1649462400000,2022-04-09,2178
1649548800000,2022-04-10,4885
1649635200000,2022-04-11,2690
1649721600000,2022-04-12,3734
1649808000000,2022-04-13,4018
1649894400000,2022-04-14,5293
1649980800000,2022-04-15,3588
1650067200000,2022-04-16,5349
1650153600000,2022-04-17,3080
1650240000000,2022-04-18,3080
1650326400000,2022-04-19,2658
1650412800000,2022-04-20,2494
1650499200000,2022-04-21,3071
1650585600000,2022-04-22,4166
1650672000000,2022-04-23,3056
1650758400000,2022-04-24,3526
1650844800000,2022-04-25,1666
1650931200000,2022-04-26,1666
1651017600000,2022-04-27,4044
1651104000000,2022-04-28,9369
1651190400000,2022-04-29,3142
1651276800000,2022-04-30,7010
1651363200000,2022-05-01,7010
1651449600000,2022-05-02,41336
1651536000000,2022-05-03,39231
1651622400000,2022-05-04,22100
1651708800000,2022-05-05,33095
1651795200000,2022-05-06,14039
1651881600000,2022-05-07,15303
1651968000000,2022-05-08,31930
1652054400000,2022-05-09,8143
1652140800000,2022-05-10,8922
1652227200000,2022-05-11,4417
1652313600000,2022-05-12,1658
1652400000000,2022-05-13,4095
1652486400000,2022-05-14,2618
1652572800000,2022-05-15,8569
1652659200000,2022-05-16,6890
1652745600000,2022-05-17,13598
1652832000000,2022-05-18,10285
1652918400000,2022-05-19,6200
1653004800000,2022-05-20,6106
1653091200000,2022-05-21,23544
1653177600000,2022-05-22,30045
1653264000000,2022-05-23,21146
1653350400000,2022-05-24,17895
1653436800000,2022-05-25,15406
1653523200000,2022-05-26,2350
1653609600000,2022-05-27,4378
1653696000000,2022-05-28,4235
1653782400000,2022-05-29,2184
1653868800000,2022-05-30,3295
1653955200000,2022-05-31,2471
1654041600000,2022-06-01,1171
1654128000000,2022-06-02,3213
1654214400000,2022-06-03,5284
1654300800000,2022-06-04,3334
1654387200000,2022-06-05,1430
1654473600000,2022-06-06,4628
1654560000000,2022-06-07,1206
1654646400000,2022-06-08,1790
1654732800000,2022-06-09,2136
1654819200000,2022-06-10,1868
1654905600000,2022-06-11,2399
1654992000000,2022-06-12,1766
1655078400000,2022-06-13,893
1655164800000,2022-06-14,16936
1655251200000,2022-06-15,1790
1655337600000,2022-06-16,1476
1655424000000,2022-06-17,1739
1655510400000,2022-06-18,980
1655596800000,2022-06-19,1764
1655683200000,2022-06-20,2127
1655769600000,2022-06-21,2445
1655856000000,2022-06-22,7613
1655942400000,2022-06-23,1453
1656028800000,2022-06-24,5707
1656115200000,2022-06-25,1684
1656201600000,2022-06-26,1802
1656288000000,2022-06-27,2353
1656374400000,2022-06-28,3948
1656460800000,2022-06-29,2144
1656547200000,2022-06-30,3735
1656633600000,2022-07-01,1485
1656720000000,2022-07-02,16462
1656806400000,2022-07-03,26450
1656892800000,2022-07-04,11832
1656979200000,2022-07-05,5506
1657065600000,2022-07-06,5675
1657152000000,2022-07-07,5492
1657238400000,2022-07-08,3242
1657324800000,2022-07-09,8755
1657411200000,2022-07-10,12725
1657497600000,2022-07-11,3827
1657584000000,2022-07-12,3827
1657670400000,2022-07-13,2294
1657756800000,2022-07-14,2696
1657843200000,2022-07-15,3436
1657929600000,2022-07-16,4455
1658016000000,2022-07-17,2439
1658102400000,2022-07-18,4992
1658188800000,2022-07-19,3484
1658275200000,2022-07-20,3989
1658361600000,2022-07-21,4293
1658448000000,2022-07-22,5066
1658534400000,2022-07-23,4076
1658620800000,2022-07-24,2006
1658707200000,2022-07-25,1486
1658793600000,2022-07-26,2400
1658880000000,2022-07-27,3201
1658966400000,2022-07-28,2632
1659052800000,2022-07-29,2633
1659139200000,2022-07-30,6934
1659225600000,2022-07-31,2233
1659312000000,2022-08-01,5165
1659398400000,2022-08-02,4149
1659484800000,2022-08-03,4318
1659571200000,2022-08-04,5612
1659657600000,2022-08-05,1807
1659744000000,2022-08-06,1580
1659830400000,2022-08-07,3312
1659916800000,2022-08-08,4482
1660003200000,2022-08-09,2362
1660089600000,2022-08-10,2303
1660176000000,2022-08-11,2961
1660262400000,2022-08-12,2099
1660348800000,2022-08-13,1161
1660435200000,2022-08-14,1162
1660521600000,2022-08-15,3551
1660608000000,2022-08-16,1221
1660694400000,2022-08-17,2142
1660780800000,2022-08-18,2546
1660867200000,2022-08-19,1610
1660953600000,2022-08-20,3965
1661040000000,2022-08-21,3635
1661126400000,2022-08-22,1185
1661212800000,2022-08-23,3443
1661299200000,2022-08-24,2173
1661385600000,2022-08-25,1716
1661472000000,2022-08-26,1421
1661558400000,2022-08-27,1114
1661644800000,2022-08-28,2119
1661731200000,2022-08-29,44473
1661817600000,2022-08-30,14630
1661904000000,2022-08-31,4495
1661990400000,2022-09-01,2135
1662076800000,2022-09-02,2480
1662163200000,2022-09-03,2350
1662249600000,2022-09-04,45961
1662336000000,2022-09-05,24129
1662422400000,2022-09-06,21441
1662508800000,2022-09-07,38005
1662595200000,2022-09-08,162617
1662681600000,2022-09-09,379015
1662768000000,2022-09-10,693080
1662854400000,2022-09-11,623583
1662940800000,2022-09-12,78508
1663027200000,2022-09-13,24856
1663113600000,2022-09-14,18775
1663200000000,2022-09-15,13118
1663286400000,2022-09-16,17707
1663372800000,2022-09-17,19666
1663459200000,2022-09-18,9284
1663545600000,2022-09-19,6345
1663632000000,2022-09-20,5021
1663718400000,2022-09-21,7384
1663804800000,2022-09-22,7016
1663891200000,2022-09-23,8823
1663977600000,2022-09-24,8725
1664064000000,2022-09-25,12100
1664150400000,2022-09-26,8175
1664236800000,2022-09-27,6833
1664323200000,2022-09-28,12748
1664409600000,2022-09-29,7522
1664496000000,2022-09-30,5489
1664582400000,2022-10-01,4903
1664668800000,2022-10-02,9459
1664755200000,2022-10-03,3588
1664841600000,2022-10-04,2991
1664928000000,2022-10-05,1824
1665014400000,2022-10-06,3788
1665100800000,2022-10-07,4777
1665187200000,2022-10-08,6015
1665273600000,2022-10-09,3959
1665360000000,2022-10-10,1700
1665446400000,2022-10-11,2810
1665532800000,2022-10-12,2463
1665619200000,2022-10-13,8787
1665705600000,2022-10-14,2498
1665792000000,2022-10-15,3936
1665878400000,2022-10-16,949
1665964800000,2022-10-17,2924
1666051200000,2022-10-18,5634
1666137600000,2022-10-19,3289
1666224000000,2022-10-20,4181
1666310400000,2022-10-21,6035
1666396800000,2022-10-22,2619
1666483200000,2022-10-23,4022
1666569600000,2022-10-24,4501
1666656000000,2022-10-25,4725
1666742400000,2022-10-26,5021
1666828800000,2022-10-27,8317
1666915200000,2022-10-28,4050
1667001600000,2022-10-29,3923
1667088000000,2022-10-30,6820
1667174400000,2022-10-31,5816
1667260800000,2022-11-01,3873
1667347200000,2022-11-02,4176
1667433600000,2022-11-03,3136
1667520000000,2022-11-04,5886
1667606400000,2022-11-05,9575
1667692800000,2022-11-06,5511
1667779200000,2022-11-07,8951
1667865600000,2022-11-08,19763
1667952000000,2022-11-09,40203
1668038400000,2022-11-10,23239
1668124800000,2022-11-11,10834
1668211200000,2022-11-12,5901
1668297600000,2022-11-13,3888
1668384000000,2022-11-14,5357
1668470400000,2022-11-15,4645
1668556800000,2022-11-16,2967
1668643200000,2022-11-17,6859
1668729600000,2022-11-18,3255
1668816000000,2022-11-19,2100
1668902400000,2022-11-20,3682
1668988800000,2022-11-21,6915
1669075200000,2022-11-22,5146
1669161600000,2022-11-23,56754
1669248000000,2022-11-24,2903
1669334400000,2022-11-25,2134
1669420800000,2022-11-26,2472
1669507200000,2022-11-27,1465
1669593600000,2022-11-28,2049
1669680000000,2022-11-29,1841
1669766400000,2022-11-30,2056
1669852800000,2022-12-01,1473
1669939200000,2022-12-02,1659
1670025600000,2022-12-03,2758
1670112000000,2022-12-04,2529
1670198400000,2022-12-05,2340
1670284800000,2022-12-06,2386
1670371200000,2022-12-07,1117
1670457600000,2022-12-08,1156
1670544000000,2022-12-09,1526
1670630400000,2022-12-10,1155
1670716800000,2022-12-11,1157
1670803200000,2022-12-12,1064
1670889600000,2022-12-13,1711
1670976000000,2022-12-14,1729
1671062400000,2022-12-15,1521
1671148800000,2022-12-16,2591
1671235200000,2022-12-17,911
1671321600000,2022-12-18,845
1671408000000,2022-12-19,1035
1671494400000,2022-12-20,675
1671580800000,2022-12-21,784
1671667200000,2022-12-22,1331
1671753600000,2022-12-23,1004
1671840000000,2022-12-24,1124
1671926400000,2022-12-25,1044
1672012800000,2022-12-26,1236
1672099200000,2022-12-27,1150
1672185600000,2022-12-28,2939
1672272000000,2022-12-29,2414
1672358400000,2022-12-30,1949
1672444800000,2022-12-31,1400
1672531200000,2023-01-01,1532
1672617600000,2023-01-02,3013
1672704000000,2023-01-03,4391
1672790400000,2023-01-04,6468
1672876800000,2023-01-05,8948
1672963200000,2023-01-06,7572
1673049600000,2023-01-07,3544
1673136000000,2023-01-08,7536
1673222400000,2023-01-09,10179
1673308800000,2023-01-10,7439
1673395200000,2023-01-11,5123
1673481600000,2023-01-12,4251
1673568000000,2023-01-13,5154
1673654400000,2023-01-14,7061
1673740800000,2023-01-15,7324
1673827200000,2023-01-16,6155
1673913600000,2023-01-17,5150
1674000000000,2023-01-18,5410
1674086400000,2023-01-19,4210
1674172800000,2023-01-20,5439
1674259200000,2023-01-21,5158
1674345600000,2023-01-22,4854
1674432000000,2023-01-23,5653
1674518400000,2023-01-24,3793
1674604800000,2023-01-25,3950
1674691200000,2023-01-26,3878
1674777600000,2023-01-27,3421
1674864000000,2023-01-28,4986
1674950400000,2023-01-29,3863
1675036800000,2023-01-30,4404
1675123200000,2023-01-31,3270
1675209600000,2023-02-01,4180
1675296000000,2023-02-02,3230
1675382400000,2023-02-03,3084
1675468800000,2023-02-04,3763
1675555200000,2023-02-05,3035
1675641600000,2023-02-06,3117
1675728000000,2023-02-07,4035
1675814400000,2023-02-08,3532
1675900800000,2023-02-09,4100
1675987200000,2023-02-10,2917
1676073600000,2023-02-11,1609
1676160000000,2023-02-12,2350
1676246400000,2023-02-13,3184
1676332800000,2023-02-14,2728
1676419200000,2023-02-15,2753
1676505600000,2023-02-16,3222
1676592000000,2023-02-17,2556
1676678400000,2023-02-18,3282
1676764800000,2023-02-19,3664
1676851200000,2023-02-20,4719
1676937600000,2023-02-21,3529
1677024000000,2023-02-22,3152
1677110400000,2023-02-23,2848
1677196800000,2023-02-24,3396
1677283200000,2023-02-25,2659
1677369600000,2023-02-26,1809
1677456000000,2023-02-27,34810
1677542400000,2023-02-28,3440
1677628800000,2023-03-01,1802
1677715200000,2023-03-02,2462
1677801600000,2023-03-03,6827
1677888000000,2023-03-04,1432
1677974400000,2023-03-05,1535
1678060800000,2023-03-06,1855
1678147200000,2023-03-07,2679
1678233600000,2023-03-08,2680
1678320000000,2023-03-09,4609
1678406400000,2023-03-10,5620
1678492800000,2023-03-11,12162
1678579200000,2023-03-12,2802
1678665600000,2023-03-13,4647
1678752000000,2023-03-14,3768
1678838400000,2023-03-15,3433
1678924800000,2023-03-16,5433
1679011200000,2023-03-17,4038
1679097600000,2023-03-18,4483
1679184000000,2023-03-19,2482
1679270400000,2023-03-20,5083
1679356800000,2023-03-21,3647
1679443200000,2023-03-22,56386
1679529600000,2023-03-23,2610
1679616000000,2023-03-24,55820
1679702400000,2023-03-25,55547
1679788800000,2023-03-26,56905
1679875200000,2023-03-27,1793
1679961600000,2023-03-28,1862
1680048000000,2023-03-29,55890
1680134400000,2023-03-30,2150
1680220800000,2023-03-31,1812
1680307200000,2023-04-01,1411
1680393600000,2023-04-02,2196
1680480000000,2023-04-03,2190
1680566400000,2023-04-04,1698
1680652800000,2023-04-05,1505
1680739200000,2023-04-06,1646
1680825600000,2023-04-07,1231
1680912000000,2023-04-08,1590
1680998400000,2023-04-09,1406
1681084800000,2023-04-10,1735
1681171200000,2023-04-11,4266
1681257600000,2023-04-12,5367
1681344000000,2023-04-13,4060
1681430400000,2023-04-14,3749
1681516800000,2023-04-15,2149
1681603200000,2023-04-16,2572
1681689600000,2023-04-17,3310
1681776000000,2023-04-18,3091
1681862400000,2023-04-19,3926
1681948800000,2023-04-20,3494
1682035200000,2023-04-21,4107
1682121600000,2023-04-22,2285
1682208000000,2023-04-23,1901
1682294400000,2023-04-24,2681
1682380800000,2023-04-25,3270
1682467200000,2023-04-26,3056
1682553600000,2023-04-27,3662
1682640000000,2023-04-28,3323
1682726400000,2023-04-29,2941
1682812800000,2023-04-30,2241
1682899200000,2023-05-01,3852
1682985600000,2023-05-02,3014
1683072000000,2023-05-03,4415
1683158400000,2023-05-04,6019
1683244800000,2023-05-05,7062
1683331200000,2023-05-06,14111
1683417600000,2023-05-07,7963
1683504000000,2023-05-08,9887
1683590400000,2023-05-09,6045
1683676800000,2023-05-10,8880
1683763200000,2023-05-11,6141
1683849600000,2023-05-12,4581
1683936000000,2023-05-13,3167
1684022400000,2023-05-14,2555
1684108800000,2023-05-15,3402
1684195200000,2023-05-16,2822
1684281600000,2023-05-17,3183
1684368000000,2023-05-18,3254
1684454400000,2023-05-19,2157
1684540800000,2023-05-20,2363
1684627200000,2023-05-21,2407
1684713600000,2023-05-22,3180
1684800000000,2023-05-23,2581
1684886400000,2023-05-24,7592
1684972800000,2023-05-25,4240
1685059200000,2023-05-26,2567
1685145600000,2023-05-27,2440
1685232000000,2023-05-28,2934
1685318400000,2023-05-29,77661
1685404800000,2023-05-30,4428
1685491200000,2023-05-31,5416
1685577600000,2023-06-01,4589
1685664000000,2023-06-02,5016
1685750400000,2023-06-03,4211
1685836800000,2023-06-04,4545
1685923200000,2023-06-05,8181
1686009600000,2023-06-06,6602
1686096000000,2023-06-07,7060
1686182400000,2023-06-08,4451
1686268800000,2023-06-09,6527
1686355200000,2023-06-10,13358
1686441600000,2023-06-11,3807
1686528000000,2023-06-12,4693
1686614400000,2023-06-13,3629
1686700800000,2023-06-14,4821
1686787200000,2023-06-15,6678
1686873600000,2023-06-16,5384
1686960000000,2023-06-17,3339
1687046400000,2023-06-18,2149
1687132800000,2023-06-19,5238
1687219200000,2023-06-20,4147
1687305600000,2023-06-21,3745
1687392000000,2023-06-22,3949
1687478400000,2023-06-23,5437
1687564800000,2023-06-24,6347
1687651200000,2023-06-25,10821
1687737600000,2023-06-26,10968
1687824000000,2023-06-27,9620
1687910400000,2023-06-28,6895
1687996800000,2023-06-29,9358
1688083200000,2023-06-30,24628
1688169600000,2023-07-01,6900
1688256000000,2023-07-02,5535
1688342400000,2023-07-03,8815
1688428800000,2023-07-04,7449
1688515200000,2023-07-05,5860
1688601600000,2023-07-06,14000
1688688000000,2023-07-07,11856
1688774400000,2023-07-08,9390
1688860800000,2023-07-09,7193
1688947200000,2023-07-10,10545
1689033600000,2023-07-11,7322
1689120000000,2023-07-12,6486
1689206400000,2023-07-13,14452
1689292800000,2023-07-14,20069
1689379200000,2023-07-15,9429
1689465600000,2023-07-16,7969
1689552000000,2023-07-17,18695
1689638400000,2023-07-18,11937
1689724800000,2023-07-19,10065
1689811200000,2023-07-20,6454
1689897600000,2023-07-21,10386
1689984000000,2023-07-22,4747
1690070400000,2023-07-23,4223
1690156800000,2023-07-24,6643
1690243200000,2023-07-25,61872
1690329600000,2023-07-26,9896
1690416000000,2023-07-27,8270
1690502400000,2023-07-28,6217
1690588800000,2023-07-29,3734
1690675200000,2023-07-30,4963
1690761600000,2023-07-31,12329
1690848000000,2023-08-01,42184
1690934400000,2023-08-02,28684
1691020800000,2023-08-03,21242
1691107200000,2023-08-04,8466
1691193600000,2023-08-05,5476
1691280000000,2023-08-06,6743
1691366400000,2023-08-07,29920
1691452800000,2023-08-08,9404
1691539200000,2023-08-09,9646
1691625600000,2023-08-10,7235
1691712000000,2023-08-11,6475
1691798400000,2023-08-12,4404
1691884800000,2023-08-13,4339
1691971200000,2023-08-14,6038
1692057600000,2023-08-15,7102
1692144000000,2023-08-16,9088
1692230400000,2023-08-17,12755
1692316800000,2023-08-18,10968
1692403200000,2023-08-19,6085
1692489600000,2023-08-20,4317
1692576000000,2023-08-21,8072
1692662400000,2023-08-22,7260
1692748800000,2023-08-23,5633
1692835200000,2023-08-24,37517
1692921600000,2023-08-25,12219
1693008000000,2023-08-26,3761
1693094400000,2023-08-27,6481
1693180800000,2023-08-28,6557
1693267200000,2023-08-29,7841
1693353600000,2023-08-30,5134
1693440000000,2023-08-31,5734
1693526400000,2023-09-01,9555
1693612800000,2023-09-02,4011
1693699200000,2023-09-03,3595
1693785600000,2023-09-04,6225
1693872000000,2023-09-05,5263
1693958400000,2023-09-06,5248
1694044800000,2023-09-07,5445
1694131200000,2023-09-08,15455
1694217600000,2023-09-09,2906
1694304000000,2023-09-10,5674
1694390400000,2023-09-11,6347
1694476800000,2023-09-12,5244
1694563200000,2023-09-13,6639
1694649600000,2023-09-14,8141
1694736000000,2023-09-15,8402
1694822400000,2023-09-16,4322
1694908800000,2023-09-17,6821
1694995200000,2023-09-18,11759
1695081600000,2023-09-19,12098
1695168000000,2023-09-20,10274
1695254400000,2023-09-21,7888
1695340800000,2023-09-22,5302
1695427200000,2023-09-23,3520
1695513600000,2023-09-24,4496
1695600000000,2023-09-25,27267
1695686400000,2023-09-26,7775
1695772800000,2023-09-27,12228
1695859200000,2023-09-28,5662
1695945600000,2023-09-29,6035
1696032000000,2023-09-30,7245
1696118400000,2023-10-01,10741
1696204800000,2023-10-02,13799
1696291200000,2023-10-03,12308
1696377600000,2023-10-04,9177
1696464000000,2023-10-05,11850
1696550400000,2023-10-06,11118
1696636800000,2023-10-07,5130
1696723200000,2023-10-08,10750
1696809600000,2023-10-09,8473
1696896000000,2023-10-10,18773
1696982400000,2023-10-11,9691
1697068800000,2023-10-12,7554
1697155200000,2023-10-13,7973
1697241600000,2023-10-14,7320
1697328000000,2023-10-15,11297
1697414400000,2023-10-16,12982
1697500800000,2023-10-17,18924
1697587200000,2023-10-18,8951
1697673600000,2023-10-19,12647
1697760000000,2023-10-20,15400
1697846400000,2023-10-21,16086
1697932800000,2023-10-22,35043
1698019200000,2023-10-23,23472
1698105600000,2023-10-24,23930
1698192000000,2023-10-25,23418
1698278400000,2023-10-26,14756
1698364800000,2023-10-27,15546
1698451200000,2023-10-28,7236
1698537600000,2023-10-29,10919
1698624000000,2023-10-30,18277
1698710400000,2023-10-31,25585
1698796800000,2023-11-01,59827
1698883200000,2023-11-02,55383
1698969600000,2023-11-03,59750
1699056000000,2023-11-04,52366
1699142400000,2023-11-05,43929
1699228800000,2023-11-06,46808
1699315200000,2023-11-07,65897
1699401600000,2023-11-08,40781
1699488000000,2023-11-09,92239
1699574400000,2023-11-10,73086
1699660800000,2023-11-11,103208
1699747200000,2023-11-12,72138
1699833600000,2023-11-13,64328
1699920000000,2023-11-14,80947
1700006400000,2023-11-15,79372
1700092800000,2023-11-16,107138
1700179200000,2023-11-17,87546
1700265600000,2023-11-18,52805
1700352000000,2023-11-19,54296
1700438400000,2023-11-20,107057
1700524800000,2023-11-21,96231
1700611200000,2023-11-22,120648
1700697600000,2023-11-23,201735
1700784000000,2023-11-24,105987
1700870400000,2023-11-25,69591
1700956800000,2023-11-26,78314
1701043200000,2023-11-27,75173
1701129600000,2023-11-28,137056
1701216000000,2023-11-29,95425
1701302400000,2023-11-30,83269
1701388800000,2023-12-01,71997
1701475200000,2023-12-02,72577
1701561600000,2023-12-03,81609
1701648000000,2023-12-04,114249
1701734400000,2023-12-05,87426
1701820800000,2023-12-06,111106
1701907200000,2023-12-07,149871
1701993600000,2023-12-08,229857
1702080000000,2023-12-09,181069
1702166400000,2023-12-10,171263
1702252800000,2023-12-11,199433
1702339200000,2023-12-12,197938
1702425600000,2023-12-13,159075
1702512000000,2023-12-14,190293
1702598400000,2023-12-15,573908
1702684800000,2023-12-16,484827
1702771200000,2023-12-17,313867
1702857600000,2023-12-18,342567
1702944000000,2023-12-19,399893
1703030400000,2023-12-20,605991
1703116800000,2023-12-21,749249
1703203200000,2023-12-22,1023088
1703289600000,2023-12-23,691454
1703376000000,2023-12-24,665849
1703462400000,2023-12-25,812836
1703548800000,2023-12-26,831568
1703635200000,2023-12-27,718172
1703721600000,2023-12-28,469697
1703808000000,2023-12-29,447829
1703894400000,2023-12-30,409583
1703980800000,2023-12-31,389231
1704067200000,2024-01-01,323953
1704153600000,2024-01-02,518488
1704240000000,2024-01-03,434577
1704326400000,2024-01-04,403605
1704412800000,2024-01-05,414333
1704499200000,2024-01-06,348277
1704585600000,2024-01-07,283181
1704672000000,2024-01-08,338857
1704758400000,2024-01-09,361592
1704844800000,2024-01-10,322401
1704931200000,2024-01-11,632098
1705017600000,2024-01-12,371269
1705104000000,2024-01-13,356079
1705190400000,2024-01-14,441542
1705276800000,2024-01-15,534423
1705363200000,2024-01-16,484678
1705449600000,2024-01-17,565048
1705536000000,2024-01-18,570197
1705622400000,2024-01-19,508145
1705708800000,2024-01-20,574072
1705795200000,2024-01-21,571035
1705881600000,2024-01-22,533053
1705968000000,2024-01-23,584484
1706054400000,2024-01-24,532957
1706140800000,2024-01-25,533330
1706227200000,2024-01-26,604528
1706313600000,2024-01-27,469148
1706400000000,2024-01-28,667439
1706486400000,2024-01-29,613490
1706572800000,2024-01-30,692419
1706659200000,2024-01-31,827807
1706745600000,2024-02-01,935835
1706832000000,2024-02-02,684772
1706918400000,2024-02-03,488318
1707004800000,2024-02-04,526337
1707091200000,2024-02-05,523562
1707177600000,2024-02-06,432100
1707264000000,2024-02-07,537755
1707350400000,2024-02-08,482157
1707436800000,2024-02-09,478501
1707523200000,2024-02-10,431345
1707609600000,2024-02-11,420122
1707696000000,2024-02-12,637867
1707782400000,2024-02-13,565686
1707868800000,2024-02-14,556080
1707955200000,2024-02-15,686869
1708041600000,2024-02-16,545137
1708128000000,2024-02-17,452307
1708214400000,2024-02-18,423405
1708300800000,2024-02-19,472119
1708387200000,2024-02-20,484177
1708473600000,2024-02-21,474796
1708560000000,2024-02-22,387178
1708646400000,2024-02-23,363092
1708732800000,2024-02-24,303509
1708819200000,2024-02-25,307623
1708905600000,2024-02-26,480147
1708992000000,2024-02-27,551278
1709078400000,2024-02-28,679051
1709164800000,2024-02-29,766607
1709251200000,2024-03-01,747465
1709337600000,2024-03-02,772565
1709424000000,2024-03-03,957675
1709510400000,2024-03-04,1621994
1709596800000,2024-03-05,1273106
1709683200000,2024-03-06,1329548
1709769600000,2024-03-07,1533293
1709856000000,2024-03-08,1280620
1709942400000,2024-03-09,1300091
1710028800000,2024-03-10,1553962
1710115200000,2024-03-11,1719793
1710201600000,2024-03-12,1609214
1710288000000,2024-03-13,1782607
1710374400000,2024-03-14,2853988
1710460800000,2024-03-15,3658115
1710547200000,2024-03-16,4536772
1710633600000,2024-03-17,5563343
1710720000000,2024-03-18,11906305
1710806400000,2024-03-19,6065524
1710892800000,2024-03-20,3538632
1710979200000,2024-03-21,3922563
1711065600000,2024-03-22,2586660
1711152000000,2024-03-23,1971131
1711238400000,2024-03-24,1707127
1711324800000,2024-03-25,2430070
1711411200000,2024-03-26,3732757
1711497600000,2024-03-27,2384323
1711584000000,2024-03-28,2427235
1711670400000,2024-03-29,2803642
1711756800000,2024-03-30,3305551
1711843200000,2024-03-31,3039412
1711929600000,2024-04-01,3122213
1712016000000,2024-04-02,3640304
1712102400000,2024-04-03,3004868
1712188800000,2024-04-04,2858800
1712275200000,2024-04-05,2425538
1712361600000,2024-04-06,5335337
1712448000000,2024-04-07,2373601
1712534400000,2024-04-08,2071113
1712620800000,2024-04-09,2404767
1712707200000,2024-04-10,2100308
1712793600000,2024-04-11,3826003
1712880000000,2024-04-12,2650148
1712966400000,2024-04-13,2230628
1713052800000,2024-04-14,1428124
1713139200000,2024-04-15,1561851
1713225600000,2024-04-16,1596962
1713312000000,2024-04-17,1340070
1713398400000,2024-04-18,1228450
1713484800000,2024-04-19,1292715
1713571200000,2024-04-20,1249412
1713657600000,2024-04-21,1365463
1713744000000,2024-04-22,2005773
1713830400000,2024-04-23,2071299
1713916800000,2024-04-24,2207222
1714003200000,2024-04-25,1725034
1714089600000,2024-04-26,1655800
1714176000000,2024-04-27,1290196
1714262400000,2024-04-28,1313587
1714348800000,2024-04-29,1586757
1714435200000,2024-04-30,1594631
1714521600000,2024-05-01,1468367
1714608000000,2024-05-02,1581089
1714694400000,2024-05-03,2237678
1714780800000,2024-05-04,1773269
1714867200000,2024-05-05,1807785
1714953600000,2024-05-06,2145514
1715040000000,2024-05-07,2594703
1715126400000,2024-05-08,2172084
1715212800000,2024-05-09,2160729
1715299200000,2024-05-10,2137984
1715385600000,2024-05-11,1750087
1715472000000,2024-05-12,2050606
1715558400000,2024-05-13,2973578
1715644800000,2024-05-14,3351855
1715731200000,2024-05-15,2816550
1715817600000,2024-05-16,2748609
1715904000000,2024-05-17,2473839
1715990400000,2024-05-18,1888650
1716076800000,2024-05-19,1726741
1716163200000,2024-05-20,2142178
1716249600000,2024-05-21,2203401
1716336000000,2024-05-22,2269610
1716422400000,2024-05-23,2317056
1716508800000,2024-05-24,2374770
1716595200000,2024-05-25,2106297
1716681600000,2024-05-26,2496036
1716768000000,2024-05-27,3060703
1716854400000,2024-05-28,3120494
1716940800000,2024-05-29,3398888
1717027200000,2024-05-30,3720601
1717113600000,2024-05-31,2607838
1717200000000,2024-06-01,2924716
1717286400000,2024-06-02,2369100
1717372800000,2024-06-03,3303649
1717459200000,2024-06-04,2398866
1717545600000,2024-06-05,2510892
1717632000000,2024-06-06,3478847
1717718400000,2024-06-07,5085455
1717804800000,2024-06-08,4536772
1717891200000,2024-06-09,3013198
1717977600000,2024-06-10,3044489
1718064000000,2024-06-11,3475677
1718150400000,2024-06-12,3654615
1718236800000,2024-06-13,3365295
1718323200000,2024-06-14,3599333
1718409600000,2024-06-15,3634875
1718496000000,2024-06-16,2627365
1718582400000,2024-06-17,3924730
1718668800000,2024-06-18,10826741
1718755200000,2024-06-19,4709649
1718841600000,2024-06-20,3914371
1718928000000,2024-06-21,3419311
1719014400000,2024-06-22,2252978
1719100800000,2024-06-23,2095979
1719187200000,2024-06-24,2959270
1719273600000,2024-06-25,4320269
1719360000000,2024-06-26,2992644
1719446400000,2024-06-27,4209998
1719532800000,2024-06-28,3058012
1719619200000,2024-06-29,2314337
1719705600000,2024-06-30,2240697
1719792000000,2024-07-01,5619755
1719878400000,2024-07-02,3048482
1719964800000,2024-07-03,3991706
1720051200000,2024-07-04,2635828
1720137600000,2024-07-05,2811516
1720224000000,2024-07-06,2222601
1720310400000,2024-07-07,3686417
1720396800000,2024-07-08,2392097
1720483200000,2024-07-09,3711105
1720569600000,2024-07-10,2356125
1720656000000,2024-07-11,2404823
1720742400000,2024-07-12,2439730
1720828800000,2024-07-13,2493762
1720915200000,2024-07-14,2720615
1721001600000,2024-07-15,6282719
1721088000000,2024-07-16,3428921
1721174400000,2024-07-17,3160512
1721260800000,2024-07-18,4224721
1721347200000,2024-07-19,2953298
1721433600000,2024-07-20,2739329
1721520000000,2024-07-21,3091343
1721606400000,2024-07-22,5838970
1721692800000,2024-07-23,3474891
1721779200000,2024-07-24,3543654
1721865600000,2024-07-25,4397322
1721952000000,2024-07-26,5704690
1722038400000,2024-07-27,7922539
1722124800000,2024-07-28,5156635
1722211200000,2024-07-29,7115948
1722297600000,2024-07-30,6171143
1722384000000,2024-07-31,4506241
1722470400000,2024-08-01,4042294
1722556800000,2024-08-02,3144866
1722643200000,2024-08-03,2560165
1722729600000,2024-08-04,2224991
1722816000000,2024-08-05,3271987
1722902400000,2024-08-06,3303264
1722988800000,2024-08-07,3410526
1723075200000,2024-08-08,7969868
1723161600000,2024-08-09,3483245
1723248000000,2024-08-10,2587220
1723334400000,2024-08-11,3510481
1723420800000,2024-08-12,2939252
1723507200000,2024-08-13,2577453
1723593600000,2024-08-14,2578907
1723680000000,2024-08-15,2334814
1723766400000,2024-08-16,2008584
1723852800000,2024-08-17,1519842
1723939200000,2024-08-18,1671215
1724025600000,2024-08-19,1794812
1724112000000,2024-08-20,1755655
1724198400000,2024-08-21,1374029
1724284800000,2024-08-22,1309957
1724371200000,2024-08-23,1527286
1724457600000,2024-08-24,1696729
1724544000000,2024-08-25,1349383
1724630400000,2024-08-26,1371707
1724716800000,2024-08-27,1690391
1724803200000,2024-08-28,1626616
1724889600000,2024-08-29,1441902
1724976000000,2024-08-30,1466619
1725062400000,2024-08-31,1137020
1725148800000,2024-09-01,1123844
1725235200000,2024-09-02,1251083
1725321600000,2024-09-03,1392834
1725408000000,2024-09-04,1441002
1725494400000,2024-09-05,4887416
1725580800000,2024-09-06,1381357
1725667200000,2024-09-07,928453
1725753600000,2024-09-08,849277
1725840000000,2024-09-09,1023053
1725926400000,2024-09-10,1239162
1726012800000,2024-09-11,1251115
1726099200000,2024-09-12,1267849
1726185600000,2024-09-13,1259658
1726272000000,2024-09-14,1175414
1726358400000,2024-09-15,1010208
1726444800000,2024-09-16,1040955
1726531200000,2024-09-17,2722759
1726617600000,2024-09-18,2373981
1726704000000,2024-09-19,1820067
1726790400000,2024-09-20,1572213
1726876800000,2024-09-21,1334772
1726963200000,2024-09-22,1278959
1727049600000,2024-09-23,1483176
1727136000000,2024-09-24,1765125
1727222400000,2024-09-25,2017938
1727308800000,2024-09-26,2685448
1727395200000,2024-09-27,3584620
1727481600000,2024-09-28,3388331
1727568000000,2024-09-29,3304991
1727654400000,2024-09-30,3382861
1727740800000,2024-10-01,7305530
1727827200000,2024-10-02,3106983
1727913600000,2024-10-03,3214910
1728000000000,2024-10-04,2815023
1728086400000,2024-10-05,3044221
1728172800000,2024-10-06,2815001
1728259200000,2024-10-07,2974620
1728345600000,2024-10-08,2783229
1728432000000,2024-10-09,2951167
1728518400000,2024-10-10,2783990
1728604800000,2024-10-11,2929555
1728691200000,2024-10-12,2991590
1728777600000,2024-10-13,3279307
1728864000000,2024-10-14,9895497
1728950400000,2024-10-15,5347705
1729036800000,2024-10-16,4216108
1729123200000,2024-10-17,4601235
1729209600000,2024-10-18,5804306
1729296000000,2024-10-19,4984398
1729382400000,2024-10-20,5209799
1729468800000,2024-10-21,5475055
1729555200000,2024-10-22,5592826
1729641600000,2024-10-23,6197582
1729728000000,2024-10-24,10864480
1729814400000,2024-10-25,6571537
1729900800000,2024-10-26,4232917
1729987200000,2024-10-27,4225888
1730073600000,2024-10-28,4616774
1730160000000,2024-10-29,5408583
1730246400000,2024-10-30,5198221
1730332800000,2024-10-31,4541141
1730419200000,2024-11-01,4227829
1730505600000,2024-11-02,3795095
1730592000000,2024-11-03,4288899
1730678400000,2024-11-04,4891409
1730764800000,2024-11-05,4636199
1730851200000,2024-11-06,6423610
1730937600000,2024-11-07,6792541
1731024000000,2024-11-08,7481850
1731110400000,2024-11-09,6318921
1731196800000,2024-11-10,6547181
1731283200000,2024-11-11,9163914
1731369600000,2024-11-12,12731367
1731456000000,2024-11-13,28281439
1731542400000,2024-11-14,18480820
1731628800000,2024-11-15,15066606
1731715200000,2024-11-16,14123991
1731801600000,2024-11-17,15041920
1731888000000,2024-11-18,23730189
1731974400000,2024-11-19,19523066
1732060800000,2024-11-20,20852531
1732147200000,2024-11-21,23590517
1732233600000,2024-11-22,19804521
1732320000000,2024-11-23,17116379
1732406400000,2024-11-24,15589850
1732492800000,2024-11-25,14295124
1732579200000,2024-11-26,14267154
1732665600000,2024-11-27,14560465
1732752000000,2024-11-28,14648668
1732838400000,2024-11-29,17337733
1732924800000,2024-11-30,11096163
1733011200000,2024-12-01,11518930
1733097600000,2024-12-02,12980638
1733184000000,2024-12-03,11649195
1733270400000,2024-12-04,10624860
1733356800000,2024-12-05,10422592
1733443200000,2024-12-06,9948042
1733529600000,2024-12-07,8663832
1733616000000,2024-12-08,7845987
1733702400000,2024-12-09,13917538
1733788800000,2024-12-10,11996138
1733875200000,2024-12-11,11435710
1733961600000,2024-12-12,11825215
1734048000000,2024-12-13,11760114
1734134400000,2024-12-14,10939376
1734220800000,2024-12-15,8676137
1734307200000,2024-12-16,13060573
1734393600000,2024-12-17,11135306
1734480000000,2024-12-18,11589257
1734566400000,2024-12-19,23885151
1734652800000,2024-12-20,18912140
1734739200000,2024-12-21,9844741
1734825600000,2024-12-22,8034531
1734912000000,2024-12-23,8025504
1734998400000,2024-12-24,7428873
1735084800000,2024-12-25,6796022
1735171200000,2024-12-26,7581060
1735257600000,2024-12-27,8610641
1735344000000,2024-12-28,8049398
1735430400000,2024-12-29,8425718
1735516800000,2024-12-30,8495042
1735603200000,2024-12-31,9277026
1735689600000,2025-01-01,8466106
1735776000000,2025-01-02,11158345
1735862400000,2025-01-03,12943457
1735948800000,2025-01-04,12509321
1736035200000,2025-01-05,11831063
1736121600000,2025-01-06,12880578
1736208000000,2025-01-07,13613815
1736294400000,2025-01-08,13558396
1736380800000,2025-01-09,13341533
1736467200000,2025-01-10,12731655
1736553600000,2025-01-11,10866226
1736640000000,2025-01-12,12457110
1736726400000,2025-01-13,12879688
1736812800000,2025-01-14,12323249
1736899200000,2025-01-15,12557785
1736985600000,2025-01-16,14518010
1737072000000,2025-01-17,15525255
1737158400000,2025-01-18,39458660
1737244800000,2025-01-19,47438772
1737331200000,2025-01-20,53185990
1737417600000,2025-01-21,36637756
1737504000000,2025-01-22,25405227
1737590400000,2025-01-23,32439710
1737676800000,2025-01-24,31066470
1737763200000,2025-01-25,24953331
1737849600000,2025-01-26,21254425
1737936000000,2025-01-27,21527379
1738022400000,2025-01-28,23126166
1738108800000,2025-01-29,17883512
1738195200000,2025-01-30,24680468
1738281600000,2025-01-31,20778108
1738368000000,2025-02-01,14326130
1738454400000,2025-02-02,12065563
1738540800000,2025-02-03,16211928
1738627200000,2025-02-04,13390687
1738713600000,2025-02-05,12532415
1738800000000,2025-02-06,10709502
1738886400000,2025-02-07,10926173
1738972800000,2025-02-08,8628682
1739059200000,2025-02-09,14420249
1739145600000,2025-02-10,19510077
1739232000000,2025-02-11,16985257
1739318400000,2025-02-12,13432560
1739404800000,2025-02-13,11539403
1739491200000,2025-02-14,12914880
1739577600000,2025-02-15,9857916
1739664000000,2025-02-16,8123277
1739750400000,2025-02-17,8898074
1739836800000,2025-02-18,9051922
1739923200000,2025-02-19,7368370
1740009600000,2025-02-20,7365362
1740096000000,2025-02-21,6835642
1740182400000,2025-02-22,6103477
1740268800000,2025-02-23,5467063
1740355200000,2025-02-24,5513576
1740441600000,2025-02-25,7973115
1740528000000,2025-02-26,4845613
1740614400000,2025-02-27,5314383
1740700800000,2025-02-28,4722865
1740787200000,2025-03-01,3863997
1740873600000,2025-03-02,5226265
1740960000000,2025-03-03,6176693
1741046400000,2025-03-04,4379178
1741132800000,2025-03-05,4682114
1741219200000,2025-03-06,7031559
1741305600000,2025-03-07,5810543
1741392000000,2025-03-08,4082158
1741478400000,2025-03-09,3625483
1741564800000,2025-03-10,6608234
1741651200000,2025-03-11,4449817
1741737600000,2025-03-12,4006978
1741824000000,2025-03-13,3787757
1741910400000,2025-03-14,3912207
1741996800000,2025-03-15,3665824
1742083200000,2025-03-16,3296799
1742169600000,2025-03-17,3824037
1742256000000,2025-03-18,3322501
1742342400000,2025-03-19,3819711
1742428800000,2025-03-20,3814951
1742515200000,2025-03-21,2726026
1742601600000,2025-03-22,2722207
1742688000000,2025-03-23,3481045
1742774400000,2025-03-24,5882642
1742860800000,2025-03-25,5032050
1742947200000,2025-03-26,4907283
1743033600000,2025-03-27,4910404
1743120000000,2025-03-28,5193252
1743206400000,2025-03-29,4247734
1743292800000,2025-03-30,3664346
1743379200000,2025-03-31,3729518
1743465600000,2025-04-01,4511403
1743552000000,2025-04-02,4616164
1743638400000,2025-04-03,4616713
1743724800000,2025-04-04,4234759
1743811200000,2025-04-05,3597139
1743897600000,2025-04-06,3556901
1743984000000,2025-04-07,5555667
1744070400000,2025-04-08,4640527
1744156800000,2025-04-09,5437504
1744243200000,2025-04-10,5590680
1744329600000,2025-04-11,5309145
1744416000000,2025-04-12,5865267
1744502400000,2025-04-13,5466280
1744588800000,2025-04-14,5700592
1744675200000,2025-04-15,6424821
1744761600000,2025-04-16,6896586
1744848000000,2025-04-17,6458275
1744934400000,2025-04-18,5360015
1745020800000,2025-04-19,5017196
1745107200000,2025-04-20,4554498
1745193600000,2025-04-21,5559174
1745280000000,2025-04-22,6556635
1745366400000,2025-04-23,7276506
1745452800000,2025-04-24,6462987
1745539200000,2025-04-25,7309043
1745625600000,2025-04-26,6227983
1745712000000,2025-04-27,5799987
1745798400000,2025-04-28,7733959
1745884800000,2025-04-29,8975110
1745971200000,2025-04-30,7527140
1746057600000,2025-05-01,8544739
1746144000000,2025-05-02,7747918
1746230400000,2025-05-03,6773329
1746316800000,2025-05-04,6066768
1746403200000,2025-05-05,6531914
1746489600000,2025-05-06,7485808
1746576000000,2025-05-07,6955646
1746662400000,2025-05-08,8976115
1746748800000,2025-05-09,8303667
1746835200000,2025-05-10,6625163
1746921600000,2025-05-11,7284740
1747008000000,2025-05-12,10411515
1747094400000,2025-05-13,18014365
1747180800000,2025-05-14,18555541
1747267200000,2025-05-15,15492081
1747353600000,2025-05-16,9699052
1747440000000,2025-05-17,7277908
1747526400000,2025-05-18,7394503
1747612800000,2025-05-19,8095005
1747699200000,2025-05-20,8632115
1747785600000,2025-05-21,8615883
1747872000000,2025-05-22,9720674
1747958400000,2025-05-23,9792478
1748044800000,2025-05-24,5165769
1748131200000,2025-05-25,5498130
1748217600000,2025-05-26,6281993
1748304000000,2025-05-27,7038327
1748390400000,2025-05-28,5728102
1748476800000,2025-05-29,6664896
1748563200000,2025-05-30,6038164
1748649600000,2025-05-31,4471628
1748736000000,2025-06-01,4412881
1748822400000,2025-06-02,5663305
1748908800000,2025-06-03,6760559
1748995200000,2025-06-04,5238323
1749081600000,2025-06-05,7770320
1749168000000,2025-06-06,4966109
1749254400000,2025-06-07,4543251
1749340800000,2025-06-08,4259135
1749427200000,2025-06-09,7225447
1749513600000,2025-06-10,6785688
1749600000000,2025-06-11,7793004
1749686400000,2025-06-12,6203234
1749772800000,2025-06-13,5900456
1749859200000,2025-06-14,4164606
1749945600000,2025-06-15,4437521
1750032000000,2025-06-16,6297078
1750118400000,2025-06-17,5582788
1750204800000,2025-06-18,5108401
1750291200000,2025-06-19,4795852
1750377600000,2025-06-20,5033140
1750464000000,2025-06-21,4348711
1750550400000,2025-06-22,4329639
1750636800000,2025-06-23,4640191
1750723200000,2025-06-24,4902326
1750809600000,2025-06-25,6008091
1750896000000,2025-06-26,4951358
1750982400000,2025-06-27,5231979
1751068800000,2025-06-28,4435585
1751155200000,2025-06-29,4337637
1751241600000,2025-06-30,6763953
1751328000000,2025-07-01,6380008
1751414400000,2025-07-02,6730071
1751500800000,2025-07-03,7004153
1751587200000,2025-07-04,5364430
1751673600000,2025-07-05,5306357
1751760000000,2025-07-06,5987958
1751846400000,2025-07-07,7986319
1751932800000,2025-07-08,6518625
1752019200000,2025-07-09,6725535
1752105600000,2025-07-10,7376049
1752192000000,2025-07-11,7130898
1752278400000,2025-07-12,5305258
1752364800000,2025-07-13,5082182
1752451200000,2025-07-14,7497839
1752537600000,2025-07-15,7938991
1752624000000,2025-07-16,9259097
1752710400000,2025-07-17,9255024
1752796800000,2025-07-18,10122693
1752883200000,2025-07-19,6350400
1752969600000,2025-07-20,6470145
1753056000000,2025-07-21,9150970
1753142400000,2025-07-22,10309771
1753228800000,2025-07-23,9392681
1753315200000,2025-07-24,8949889
1753401600000,2025-07-25,7200872
1753488000000,2025-07-26,5578963
1753574400000,2025-07-27,5274910
1753660800000,2025-07-28,7738864
1753747200000,2025-07-29,7441761
1753833600000,2025-07-30,7261491
1753920000000,2025-07-31,6743084
1754006400000,2025-08-01,6978992
1754092800000,2025-08-02,4647822
1754179200000,2025-08-03,4331309
1754265600000,2025-08-04,6238474
1754352000000,2025-08-05,7778063
1754438400000,2025-08-06,7405196
1754524800000,2025-08-07,8391646
1754611200000,2025-08-08,8142674
1754697600000,2025-08-09,7178526
1754784000000,2025-08-10,6690960
1754870400000,2025-08-11,8527249
1754956800000,2025-08-12,10440029
1755043200000,2025-08-13,9526087
1755129600000,2025-08-14,10589295
1755216000000,2025-08-15,7430192
1755302400000,2025-08-16,5612200
1755388800000,2025-08-17,5201201
1755475200000,2025-08-18,7197766
1755561600000,2025-08-19,7101680
1755648000000,2025-08-20,6566047
1755734400000,2025-08-21,7525602
1755820800000,2025-08-22,7332874
1755907200000,2025-08-23,5541104
1755993600000,2025-08-24,6210965
1756080000000,2025-08-25,7145389
1756166400000,2025-08-26,6825963
1756252800000,2025-08-27,7840113
1756339200000,2025-08-28,7614870
1756425600000,2025-08-29,7772389
1756512000000,2025-08-30,5087029
1756598400000,2025-08-31,4406772
1756684800000,2025-09-01,6272042
1756771200000,2025-09-02,6727166
1756857600000,2025-09-03,7433982
1756944000000,2025-09-04,7433053