Timestamp,Date,Active Addresses
1584316800000,2020-03-16,104
1602028800000,2020-10-07,118
1602115200000,2020-10-08,370
1602201600000,2020-10-09,377
1602288000000,2020-10-10,147
1602374400000,2020-10-11,211
1602460800000,2020-10-12,299
1602547200000,2020-10-13,288
1602633600000,2020-10-14,388
1602720000000,2020-10-15,389
1602806400000,2020-10-16,389
1602892800000,2020-10-17,126
1602979200000,2020-10-18,124
1603065600000,2020-10-19,197
1603152000000,2020-10-20,155
1603238400000,2020-10-21,187
1603324800000,2020-10-22,189
1603411200000,2020-10-23,157
1603497600000,2020-10-24,129
1603584000000,2020-10-25,173
1603670400000,2020-10-26,162
1603756800000,2020-10-27,343
1603843200000,2020-10-28,353
1603929600000,2020-10-29,227
1604016000000,2020-10-30,326
1604102400000,2020-10-31,224
1604188800000,2020-11-01,230
1604275200000,2020-11-02,261
1604361600000,2020-11-03,292
1604448000000,2020-11-04,1726
1604534400000,2020-11-05,1979
1604620800000,2020-11-06,598
1604707200000,2020-11-07,6251
1604793600000,2020-11-08,463
1604880000000,2020-11-09,321
1604966400000,2020-11-10,500
1605052800000,2020-11-11,782
1605139200000,2020-11-12,1330
1605225600000,2020-11-13,2745
1605312000000,2020-11-14,3389
1605398400000,2020-11-15,4331
1605484800000,2020-11-16,3415
1605571200000,2020-11-17,518
1605657600000,2020-11-18,478
1605744000000,2020-11-19,208
1605830400000,2020-11-20,262
1605916800000,2020-11-21,220
1606003200000,2020-11-22,192
1606089600000,2020-11-23,1166
1606176000000,2020-11-24,389
1606262400000,2020-11-25,779
1606348800000,2020-11-26,494
1606435200000,2020-11-27,328
1606521600000,2020-11-28,286
1606608000000,2020-11-29,374
1606694400000,2020-11-30,462
1606780800000,2020-12-01,408
1606867200000,2020-12-02,322
1606953600000,2020-12-03,559
1607040000000,2020-12-04,354
1607126400000,2020-12-05,334
1607212800000,2020-12-06,628
1607299200000,2020-12-07,343
1607385600000,2020-12-08,217
1607472000000,2020-12-09,182
1607558400000,2020-12-10,149
1607644800000,2020-12-11,148
1607731200000,2020-12-12,140
1607817600000,2020-12-13,115
1607904000000,2020-12-14,220
1607990400000,2020-12-15,374
1608076800000,2020-12-16,332
1608163200000,2020-12-17,439
1608249600000,2020-12-18,941
1608336000000,2020-12-19,804
1608422400000,2020-12-20,975
1608508800000,2020-12-21,1753
1608595200000,2020-12-22,6897
1608681600000,2020-12-23,1143
1608768000000,2020-12-24,801
1608854400000,2020-12-25,677
1608940800000,2020-12-26,1117
1609027200000,2020-12-27,765
1609113600000,2020-12-28,1208
1609200000000,2020-12-29,1251
1609286400000,2020-12-30,1412
1609372800000,2020-12-31,1908
1609459200000,2021-01-01,356
1609545600000,2021-01-02,461
1609632000000,2021-01-03,546
1609718400000,2021-01-04,394
1609804800000,2021-01-05,570
1609891200000,2021-01-06,621
1609977600000,2021-01-07,958
1610064000000,2021-01-08,574
1610150400000,2021-01-09,641
1610236800000,2021-01-10,865
1610323200000,2021-01-11,1498
1610409600000,2021-01-12,1152
1610496000000,2021-01-13,1488
1610582400000,2021-01-14,1292
1610668800000,2021-01-15,262
1610755200000,2021-01-16,571
1610841600000,2021-01-17,969
1610928000000,2021-01-18,1443
1611014400000,2021-01-19,1448
1611100800000,2021-01-20,1236
1611187200000,2021-01-21,2111
1611273600000,2021-01-22,1469
1611360000000,2021-01-23,2612
1611446400000,2021-01-24,1968
1611532800000,2021-01-25,1956
1611619200000,2021-01-26,492
1611705600000,2021-01-27,652
1611792000000,2021-01-28,553
1611878400000,2021-01-29,456
1611964800000,2021-01-30,555
1612051200000,2021-01-31,894
1612137600000,2021-02-01,2146
1612224000000,2021-02-02,929
1612310400000,2021-02-03,739
1612396800000,2021-02-04,805
1612483200000,2021-02-05,858
1612569600000,2021-02-06,703
1612656000000,2021-02-07,628
1612742400000,2021-02-08,946
1612828800000,2021-02-09,862
1612915200000,2021-02-10,1105
1613001600000,2021-02-11,1197
1613088000000,2021-02-12,841
1613174400000,2021-02-13,776
1613260800000,2021-02-14,823
1613347200000,2021-02-15,841
1613433600000,2021-02-16,986
1613520000000,2021-02-17,936
1613606400000,2021-02-18,901
1613692800000,2021-02-19,1493
1613779200000,2021-02-20,1440
1613865600000,2021-02-21,3520
1613952000000,2021-02-22,3397
1614038400000,2021-02-23,2692
1614124800000,2021-02-24,3372
1614211200000,2021-02-25,9998
1614297600000,2021-02-26,4108
1614384000000,2021-02-27,2953
1614470400000,2021-02-28,2215
1614556800000,2021-03-01,1975
1614643200000,2021-03-02,2922
1614729600000,2021-03-03,2700
1614816000000,2021-03-04,2404
1614902400000,2021-03-05,2593
1614988800000,2021-03-06,2256
1615075200000,2021-03-07,2327
1615161600000,2021-03-08,3417
1615248000000,2021-03-09,4065
1615334400000,2021-03-10,3510
1615420800000,2021-03-11,3627
1615507200000,2021-03-12,4572
1615593600000,2021-03-13,4350
1615680000000,2021-03-14,4695
1615766400000,2021-03-15,6396
1615852800000,2021-03-16,17947
1615939200000,2021-03-17,15931
1616025600000,2021-03-18,18288
1616112000000,2021-03-19,5538
1616198400000,2021-03-20,5378
1616284800000,2021-03-21,5136
1616371200000,2021-03-22,6235
1616457600000,2021-03-23,6855
1616544000000,2021-03-24,4800
1616630400000,2021-03-25,4676
1616716800000,2021-03-26,4681
1616803200000,2021-03-27,4498
1616889600000,2021-03-28,6824
1616976000000,2021-03-29,11322
1617062400000,2021-03-30,10347
1617148800000,2021-03-31,22760
1617235200000,2021-04-01,30244
1617321600000,2021-04-02,26892
1617408000000,2021-04-03,20266
1617494400000,2021-04-04,19169
1617580800000,2021-04-05,27490
1617667200000,2021-04-06,15805
1617753600000,2021-04-07,12480
1617840000000,2021-04-08,23856
1617926400000,2021-04-09,24776
1618012800000,2021-04-10,26098
1618099200000,2021-04-11,18274
1618185600000,2021-04-12,23685
1618272000000,2021-04-13,18117
1618358400000,2021-04-14,19285
1618444800000,2021-04-15,16677
1618531200000,2021-04-16,16800
1618617600000,2021-04-17,17110
1618704000000,2021-04-18,14926
1618790400000,2021-04-19,17177
1618876800000,2021-04-20,16136
1618963200000,2021-04-21,21048
1619049600000,2021-04-22,41870
1619136000000,2021-04-23,17706
1619222400000,2021-04-24,20465
1619308800000,2021-04-25,26941
1619395200000,2021-04-26,35507
1619481600000,2021-04-27,39254
1619568000000,2021-04-28,42463
1619654400000,2021-04-29,187145
1619740800000,2021-04-30,158857
1619827200000,2021-05-01,77731
1619913600000,2021-05-02,39792
1620000000000,2021-05-03,48802
1620086400000,2021-05-04,40510
1620172800000,2021-05-05,39803
1620259200000,2021-05-06,37431
1620345600000,2021-05-07,33292
1620432000000,2021-05-08,40768
1620518400000,2021-05-09,48734
1620604800000,2021-05-10,55155
1620691200000,2021-05-11,69681
1620777600000,2021-05-12,73563
1620864000000,2021-05-13,47410
1620950400000,2021-05-14,51540
1621036800000,2021-05-15,40648
1621123200000,2021-05-16,43654
1621209600000,2021-05-17,53235
1621296000000,2021-05-18,59500
1621382400000,2021-05-19,120719
1621468800000,2021-05-20,72564
1621555200000,2021-05-21,91534
1621641600000,2021-05-22,50510
1621728000000,2021-05-23,42932
1621814400000,2021-05-24,39295
1621900800000,2021-05-25,90947
1621987200000,2021-05-26,52759
1622073600000,2021-05-27,73801
1622160000000,2021-05-28,39270
1622246400000,2021-05-29,28361
1622332800000,2021-05-30,40652
1622419200000,2021-05-31,40343
1622505600000,2021-06-01,41679
1622592000000,2021-06-02,36039
1622678400000,2021-06-03,39263
1622764800000,2021-06-04,32532
1622851200000,2021-06-05,22710
1622937600000,2021-06-06,26312
1623024000000,2021-06-07,26575
1623110400000,2021-06-08,23598
1623196800000,2021-06-09,24126
1623283200000,2021-06-10,22623
1623369600000,2021-06-11,20676
1623456000000,2021-06-12,20152
1623542400000,2021-06-13,25621
1623628800000,2021-06-14,22247
1623715200000,2021-06-15,22895
1623801600000,2021-06-16,23347
1623888000000,2021-06-17,24913
1623974400000,2021-06-18,20591
1624060800000,2021-06-19,19442
1624147200000,2021-06-20,21871
1624233600000,2021-06-21,31303
1624320000000,2021-06-22,23937
1624406400000,2021-06-23,19300
1624492800000,2021-06-24,16963
1624579200000,2021-06-25,18025
1624665600000,2021-06-26,21901
1624752000000,2021-06-27,33250
1624838400000,2021-06-28,24108
1624924800000,2021-06-29,38868
1625011200000,2021-06-30,26070
1625097600000,2021-07-01,17677
1625184000000,2021-07-02,15557
1625270400000,2021-07-03,14363
1625356800000,2021-07-04,18294
1625443200000,2021-07-05,32265
1625529600000,2021-07-06,30232
1625616000000,2021-07-07,21048
1625702400000,2021-07-08,18965
1625788800000,2021-07-09,14927
1625875200000,2021-07-10,17648
1625961600000,2021-07-11,12722
1626048000000,2021-07-12,13765
1626134400000,2021-07-13,15657
1626220800000,2021-07-14,12367
1626307200000,2021-07-15,12793
1626393600000,2021-07-16,12876
1626480000000,2021-07-17,10771
1626566400000,2021-07-18,10345
1626652800000,2021-07-19,14386
1626739200000,2021-07-20,12089
1626825600000,2021-07-21,12602
1626912000000,2021-07-22,12531
1626998400000,2021-07-23,12247
1627084800000,2021-07-24,11666
1627171200000,2021-07-25,12924
1627257600000,2021-07-26,20251
1627344000000,2021-07-27,13625
1627430400000,2021-07-28,13187
1627516800000,2021-07-29,15355
1627603200000,2021-07-30,16845
1627689600000,2021-07-31,15898
1627776000000,2021-08-01,16009
1627862400000,2021-08-02,40832
1627948800000,2021-08-03,28317
1628035200000,2021-08-04,21164
1628121600000,2021-08-05,21614
1628208000000,2021-08-06,19536
1628294400000,2021-08-07,19637
1628380800000,2021-08-08,16463
1628467200000,2021-08-09,21932
1628553600000,2021-08-10,29259
1628640000000,2021-08-11,42178
1628726400000,2021-08-12,27263
1628812800000,2021-08-13,44476
1628899200000,2021-08-14,34576
1628985600000,2021-08-15,46133
1629072000000,2021-08-16,51488
1629158400000,2021-08-17,62963
1629244800000,2021-08-18,51487
1629331200000,2021-08-19,50298
1629417600000,2021-08-20,55086
1629504000000,2021-08-21,40263
1629590400000,2021-08-22,32751
1629676800000,2021-08-23,38934
1629763200000,2021-08-24,41208
1629849600000,2021-08-25,39826
1629936000000,2021-08-26,32993
1630022400000,2021-08-27,50894
1630108800000,2021-08-28,51565
1630195200000,2021-08-29,46344
1630281600000,2021-08-30,62081
1630368000000,2021-08-31,117821
1630454400000,2021-09-01,95188
1630540800000,2021-09-02,100026
1630627200000,2021-09-03,101925
1630713600000,2021-09-04,90070
1630800000000,2021-09-05,87679
1630886400000,2021-09-06,106045
1630972800000,2021-09-07,145870
1631059200000,2021-09-08,115666
1631145600000,2021-09-09,141440
1631232000000,2021-09-10,117405
1631318400000,2021-09-11,111132
1631404800000,2021-09-12,102282
1631491200000,2021-09-13,106235
1631577600000,2021-09-14,63307
1631664000000,2021-09-15,86704
1631750400000,2021-09-16,108112
1631836800000,2021-09-17,101811
1631923200000,2021-09-18,92099
1632009600000,2021-09-19,71013
1632096000000,2021-09-20,92384
1632182400000,2021-09-21,90153
1632268800000,2021-09-22,102416
1632355200000,2021-09-23,90719
1632441600000,2021-09-24,94428
1632528000000,2021-09-25,70642
1632614400000,2021-09-26,74776
1632700800000,2021-09-27,87541
1632787200000,2021-09-28,102414
1632873600000,2021-09-29,109148
1632960000000,2021-09-30,100451
1633046400000,2021-10-01,138950
1633132800000,2021-10-02,129547
1633219200000,2021-10-03,142323
1633305600000,2021-10-04,134191
1633392000000,2021-10-05,135979
1633478400000,2021-10-06,139085
1633564800000,2021-10-07,149180
1633651200000,2021-10-08,202446
1633737600000,2021-10-09,151140
1633824000000,2021-10-10,169885
1633910400000,2021-10-11,133206
1633996800000,2021-10-12,128867
1634083200000,2021-10-13,131578
1634169600000,2021-10-14,151413
1634256000000,2021-10-15,159106
1634342400000,2021-10-16,143450
1634428800000,2021-10-17,139477
1634515200000,2021-10-18,212245
1634601600000,2021-10-19,114762
1634688000000,2021-10-20,132080
1634774400000,2021-10-21,166614
1634860800000,2021-10-22,132954
1634947200000,2021-10-23,122214
1635033600000,2021-10-24,166351
1635120000000,2021-10-25,138699
1635206400000,2021-10-26,132601
1635292800000,2021-10-27,131773
1635379200000,2021-10-28,150630
1635465600000,2021-10-29,143731
1635552000000,2021-10-30,140475
1635638400000,2021-10-31,125033
1635724800000,2021-11-01,176190
1635811200000,2021-11-02,159403
1635897600000,2021-11-03,169385
1635984000000,2021-11-04,168732
1636070400000,2021-11-05,157094
1636156800000,2021-11-06,164137
1636243200000,2021-11-07,175071
1636329600000,2021-11-08,198514
1636416000000,2021-11-09,192097
1636502400000,2021-11-10,193645
1636588800000,2021-11-11,174663
1636675200000,2021-11-12,166816
1636761600000,2021-11-13,160098
1636848000000,2021-11-14,149397
1636934400000,2021-11-15,174877
1637020800000,2021-11-16,163255
1637107200000,2021-11-17,177203
1637193600000,2021-11-18,169504
1637280000000,2021-11-19,163825
1637366400000,2021-11-20,140536
1637452800000,2021-11-21,150715
1637539200000,2021-11-22,160595
1637625600000,2021-11-23,181559
1637712000000,2021-11-24,198027
1637798400000,2021-11-25,176461
1637884800000,2021-11-26,187057
1637971200000,2021-11-27,152789
1638057600000,2021-11-28,142790
1638144000000,2021-11-29,178151
1638230400000,2021-11-30,208699
1638316800000,2021-12-01,214516
1638403200000,2021-12-02,192426
1638489600000,2021-12-03,164345
1638576000000,2021-12-04,151556
1638662400000,2021-12-05,163226
1638748800000,2021-12-06,188487
1638835200000,2021-12-07,180609
1638921600000,2021-12-08,144707
1639008000000,2021-12-09,176582
1639094400000,2021-12-10,181564
1639180800000,2021-12-11,151205
1639267200000,2021-12-12,139069
1639353600000,2021-12-13,138320
1639440000000,2021-12-14,166516
1639526400000,2021-12-15,152757
1639612800000,2021-12-16,149136
1639699200000,2021-12-17,164529
1639785600000,2021-12-18,144648
1639872000000,2021-12-19,146094
1639958400000,2021-12-20,156481
1640044800000,2021-12-21,188341
1640131200000,2021-12-22,168818
1640217600000,2021-12-23,170467
1640304000000,2021-12-24,152646
1640390400000,2021-12-25,132984
1640476800000,2021-12-26,146338
1640563200000,2021-12-27,174850
1640649600000,2021-12-28,149007
1640736000000,2021-12-29,161352
1640822400000,2021-12-30,154523
1640908800000,2021-12-31,129339
1640995200000,2022-01-01,125676
1641081600000,2022-01-02,155276
1641168000000,2022-01-03,170466
1641254400000,2022-01-04,202111
1641340800000,2022-01-05,182591
1641427200000,2022-01-06,207575
1641513600000,2022-01-07,166142
1641600000000,2022-01-08,166789
1641686400000,2022-01-09,159941
1641772800000,2022-01-10,189617
1641859200000,2022-01-11,187457
1641945600000,2022-01-12,203197
1642032000000,2022-01-13,199032
1642118400000,2022-01-14,198121
1642204800000,2022-01-15,213515
1642291200000,2022-01-16,222097
1642377600000,2022-01-17,241579
1642464000000,2022-01-18,250913
1642550400000,2022-01-19,244541
1642636800000,2022-01-20,243402
1642723200000,2022-01-21,189108
1642809600000,2022-01-22,153086
1642896000000,2022-01-23,246731
1642982400000,2022-01-24,297909
1643068800000,2022-01-25,290011
1643155200000,2022-01-26,269540
1643241600000,2022-01-27,279873
1643328000000,2022-01-28,274119
1643414400000,2022-01-29,279044
1643500800000,2022-01-30,266209
1643587200000,2022-01-31,258538
1643673600000,2022-02-01,237749
1643760000000,2022-02-02,210430
1643846400000,2022-02-03,211473
1643932800000,2022-02-04,206226
1644019200000,2022-02-05,196867
1644105600000,2022-02-06,175980
1644192000000,2022-02-07,194605
1644278400000,2022-02-08,183144
1644364800000,2022-02-09,199156
1644451200000,2022-02-10,201299
1644537600000,2022-02-11,208621
1644624000000,2022-02-12,201951
1644710400000,2022-02-13,198804
1644796800000,2022-02-14,220480
1644883200000,2022-02-15,247469
1644969600000,2022-02-16,228110
1645056000000,2022-02-17,180930
1645142400000,2022-02-18,169412
1645228800000,2022-02-19,178928
1645315200000,2022-02-20,171774
1645401600000,2022-02-21,198056
1645488000000,2022-02-22,218279
1645574400000,2022-02-23,230574
1645660800000,2022-02-24,186562
1645747200000,2022-02-25,176921
1645833600000,2022-02-26,158952
1645920000000,2022-02-27,163465
1646006400000,2022-02-28,206608
1646092800000,2022-03-01,211355
1646179200000,2022-03-02,196721
1646265600000,2022-03-03,182840
1646352000000,2022-03-04,163693
1646438400000,2022-03-05,186528
1646524800000,2022-03-06,167357
1646611200000,2022-03-07,163561
1646697600000,2022-03-08,158211
1646784000000,2022-03-09,206371
1646870400000,2022-03-10,206603
1646956800000,2022-03-11,189157
1647043200000,2022-03-12,161153
1647129600000,2022-03-13,174462
1647216000000,2022-03-14,200263
1647302400000,2022-03-15,225410
1647388800000,2022-03-16,224877
1647475200000,2022-03-17,198881
1647561600000,2022-03-18,176522
1647648000000,2022-03-19,173516
1647734400000,2022-03-20,162659
1647820800000,2022-03-21,183196
1647907200000,2022-03-22,179925
1647993600000,2022-03-23,196403
1648080000000,2022-03-24,227047
1648166400000,2022-03-25,225606
1648252800000,2022-03-26,203916
1648339200000,2022-03-27,193281
1648425600000,2022-03-28,223346
1648512000000,2022-03-29,206321
1648598400000,2022-03-30,239809
1648684800000,2022-03-31,250398
1648771200000,2022-04-01,241398
1648857600000,2022-04-02,215322
1648944000000,2022-04-03,219801
1649030400000,2022-04-04,218694
1649116800000,2022-04-05,245175
1649203200000,2022-04-06,212771
1649289600000,2022-04-07,203610
1649376000000,2022-04-08,233280
1649462400000,2022-04-09,212062
1649548800000,2022-04-10,238295
1649635200000,2022-04-11,242818
1649721600000,2022-04-12,271200
1649808000000,2022-04-13,271109
1649894400000,2022-04-14,266139
1649980800000,2022-04-15,259685
1650067200000,2022-04-16,257853
1650153600000,2022-04-17,272004
1650240000000,2022-04-18,275278
1650326400000,2022-04-19,335608
1650412800000,2022-04-20,346087
1650499200000,2022-04-21,332468
1650585600000,2022-04-22,301981
1650672000000,2022-04-23,279392
1650758400000,2022-04-24,313792
1650844800000,2022-04-25,337276
1650931200000,2022-04-26,377871
1651017600000,2022-04-27,348288
1651104000000,2022-04-28,342436
1651190400000,2022-04-29,350018
1651276800000,2022-04-30,279751
1651363200000,2022-05-01,264107
1651449600000,2022-05-02,371042
1651536000000,2022-05-03,373184
1651622400000,2022-05-04,376186
1651708800000,2022-05-05,343469
1651795200000,2022-05-06,363686
1651881600000,2022-05-07,355104
1651968000000,2022-05-08,349485
1652054400000,2022-05-09,354436
1652140800000,2022-05-10,349870
1652227200000,2022-05-11,334605
1652313600000,2022-05-12,337103
1652400000000,2022-05-13,323827
1652486400000,2022-05-14,331155
1652572800000,2022-05-15,337831
1652659200000,2022-05-16,383652
1652745600000,2022-05-17,369142
1652832000000,2022-05-18,397093
1652918400000,2022-05-19,379922
1653004800000,2022-05-20,370774
1653091200000,2022-05-21,385179
1653177600000,2022-05-22,399852
1653264000000,2022-05-23,445091
1653350400000,2022-05-24,445696
1653436800000,2022-05-25,427898
1653523200000,2022-05-26,452870
1653609600000,2022-05-27,436222
1653696000000,2022-05-28,395538
1653782400000,2022-05-29,407173
1653868800000,2022-05-30,428367
1653955200000,2022-05-31,416020
1654041600000,2022-06-01,342768
1654128000000,2022-06-02,408489
1654214400000,2022-06-03,277920
1654300800000,2022-06-04,350437
1654387200000,2022-06-05,382517
1654473600000,2022-06-06,360776
1654560000000,2022-06-07,376119
1654646400000,2022-06-08,426308
1654732800000,2022-06-09,360870
1654819200000,2022-06-10,342662
1654905600000,2022-06-11,318138
1654992000000,2022-06-12,304524
1655078400000,2022-06-13,285996
1655164800000,2022-06-14,308154
1655251200000,2022-06-15,312006
1655337600000,2022-06-16,261066
1655424000000,2022-06-17,274041
1655510400000,2022-06-18,262725
1655596800000,2022-06-19,280871
1655683200000,2022-06-20,334480
1655769600000,2022-06-21,339284
1655856000000,2022-06-22,345283
1655942400000,2022-06-23,308724
1656028800000,2022-06-24,310303
1656115200000,2022-06-25,300163
1656201600000,2022-06-26,289219
1656288000000,2022-06-27,267134
1656374400000,2022-06-28,304543
1656460800000,2022-06-29,282043
1656547200000,2022-06-30,283137
1656633600000,2022-07-01,303349
1656720000000,2022-07-02,256770
1656806400000,2022-07-03,260462
1656892800000,2022-07-04,254501
1656979200000,2022-07-05,263846
1657065600000,2022-07-06,254605
1657152000000,2022-07-07,258027
1657238400000,2022-07-08,232107
1657324800000,2022-07-09,242226
1657411200000,2022-07-10,230146
1657497600000,2022-07-11,245609
1657584000000,2022-07-12,248002
1657670400000,2022-07-13,241774
1657756800000,2022-07-14,247320
1657843200000,2022-07-15,234176
1657929600000,2022-07-16,236197
1658016000000,2022-07-17,237054
1658102400000,2022-07-18,257655
1658188800000,2022-07-19,282920
1658275200000,2022-07-20,259098
1658361600000,2022-07-21,226713
1658448000000,2022-07-22,243081
1658534400000,2022-07-23,258589
1658620800000,2022-07-24,265736
1658707200000,2022-07-25,232215
1658793600000,2022-07-26,229012
1658880000000,2022-07-27,233398
1658966400000,2022-07-28,231981
1659052800000,2022-07-29,241184
1659139200000,2022-07-30,213584
1659225600000,2022-07-31,227862
1659312000000,2022-08-01,231694
1659398400000,2022-08-02,242079
1659484800000,2022-08-03,352662
1659571200000,2022-08-04,227463
1659657600000,2022-08-05,216338
1659744000000,2022-08-06,214019
1659830400000,2022-08-07,212876
1659916800000,2022-08-08,208750
1660003200000,2022-08-09,213962
1660089600000,2022-08-10,233494
1660176000000,2022-08-11,230811
1660262400000,2022-08-12,228029
1660348800000,2022-08-13,243615
1660435200000,2022-08-14,202598
1660521600000,2022-08-15,210246
1660608000000,2022-08-16,219835
1660694400000,2022-08-17,219979
1660780800000,2022-08-18,206418
1660867200000,2022-08-19,216038
1660953600000,2022-08-20,195228
1661040000000,2022-08-21,190252
1661126400000,2022-08-22,203307
1661212800000,2022-08-23,199281
1661299200000,2022-08-24,196103
1661385600000,2022-08-25,195080
1661472000000,2022-08-26,203433
1661558400000,2022-08-27,188450
1661644800000,2022-08-28,178727
1661731200000,2022-08-29,208696
1661817600000,2022-08-30,210395
1661904000000,2022-08-31,181680
1661990400000,2022-09-01,201214
1662076800000,2022-09-02,172370
1662163200000,2022-09-03,163520
1662249600000,2022-09-04,163765
1662336000000,2022-09-05,189090
1662422400000,2022-09-06,215019
1662508800000,2022-09-07,205658
1662595200000,2022-09-08,212608
1662681600000,2022-09-09,217781
1662768000000,2022-09-10,202266
1662854400000,2022-09-11,197954
1662940800000,2022-09-12,207228
1663027200000,2022-09-13,206244
1663113600000,2022-09-14,199271
1663200000000,2022-09-15,193720
1663286400000,2022-09-16,199563
1663372800000,2022-09-17,188979
1663459200000,2022-09-18,183638
1663545600000,2022-09-19,231917
1663632000000,2022-09-20,204185
1663718400000,2022-09-21,217027
1663804800000,2022-09-22,207832
1663891200000,2022-09-23,200103
1663977600000,2022-09-24,179156
1664064000000,2022-09-25,183027
1664150400000,2022-09-26,211081
1664236800000,2022-09-27,221834
1664323200000,2022-09-28,218250
1664409600000,2022-09-29,206468
1664496000000,2022-09-30,183347
1664582400000,2022-10-01,161853
1664668800000,2022-10-02,191862
1664755200000,2022-10-03,205443
1664841600000,2022-10-04,198358
1664928000000,2022-10-05,210894
1665014400000,2022-10-06,220272
1665100800000,2022-10-07,195630
1665187200000,2022-10-08,193090
1665273600000,2022-10-09,208608
1665360000000,2022-10-10,196982
1665446400000,2022-10-11,285357
1665532800000,2022-10-12,209692
1665619200000,2022-10-13,199686
1665705600000,2022-10-14,168468
1665792000000,2022-10-15,161398
1665878400000,2022-10-16,152921
1665964800000,2022-10-17,160866
1666051200000,2022-10-18,178164
1666137600000,2022-10-19,245188
1666224000000,2022-10-20,167759
1666310400000,2022-10-21,152040
1666396800000,2022-10-22,139340
1666483200000,2022-10-23,135334
1666569600000,2022-10-24,136732
1666656000000,2022-10-25,148642
1666742400000,2022-10-26,145965
1666828800000,2022-10-27,141291
1666915200000,2022-10-28,146880
1667001600000,2022-10-29,137782
1667088000000,2022-10-30,133541
1667174400000,2022-10-31,143697
1667260800000,2022-11-01,138458
1667347200000,2022-11-02,138314
1667433600000,2022-11-03,127996
1667520000000,2022-11-04,140461
1667606400000,2022-11-05,165175
1667692800000,2022-11-06,152404
1667779200000,2022-11-07,143741
1667865600000,2022-11-08,156249
1667952000000,2022-11-09,188960
1668038400000,2022-11-10,169163
1668124800000,2022-11-11,124135
1668211200000,2022-11-12,113801
1668297600000,2022-11-13,120466
1668384000000,2022-11-14,122046
1668470400000,2022-11-15,116307
1668556800000,2022-11-16,113574
1668643200000,2022-11-17,119790
1668729600000,2022-11-18,118995
1668816000000,2022-11-19,101354
1668902400000,2022-11-20,111017
1668988800000,2022-11-21,110893
1669075200000,2022-11-22,137480
1669161600000,2022-11-23,121042
1669248000000,2022-11-24,105111
1669334400000,2022-11-25,100965
1669420800000,2022-11-26,113531
1669507200000,2022-11-27,104003
1669593600000,2022-11-28,106994
1669680000000,2022-11-29,113391
1669766400000,2022-11-30,109512
1669852800000,2022-12-01,106545
1669939200000,2022-12-02,108623
1670025600000,2022-12-03,138535
1670112000000,2022-12-04,97407
1670198400000,2022-12-05,110059
1670284800000,2022-12-06,100412
1670371200000,2022-12-07,97825
1670457600000,2022-12-08,99578
1670544000000,2022-12-09,99479
1670630400000,2022-12-10,94265
1670716800000,2022-12-11,94030
1670803200000,2022-12-12,105544
1670889600000,2022-12-13,102148
1670976000000,2022-12-14,100976
1671062400000,2022-12-15,105930
1671148800000,2022-12-16,147180
1671235200000,2022-12-17,119141
1671321600000,2022-12-18,100029
1671408000000,2022-12-19,103700
1671494400000,2022-12-20,112704
1671580800000,2022-12-21,105915
1671667200000,2022-12-22,108912
1671753600000,2022-12-23,105216
1671840000000,2022-12-24,93604
1671926400000,2022-12-25,152238
1672012800000,2022-12-26,106759
1672099200000,2022-12-27,101134
1672185600000,2022-12-28,113902
1672272000000,2022-12-29,119361
1672358400000,2022-12-30,108602
1672444800000,2022-12-31,103961
1672531200000,2023-01-01,98910
1672617600000,2023-01-02,126947
1672704000000,2023-01-03,141404
1672790400000,2023-01-04,155835
1672876800000,2023-01-05,238471
1672963200000,2023-01-06,160545
1673049600000,2023-01-07,139588
1673136000000,2023-01-08,164722
1673222400000,2023-01-09,170499
1673308800000,2023-01-10,145489
1673395200000,2023-01-11,218009
1673481600000,2023-01-12,243001
1673568000000,2023-01-13,173991
1673654400000,2023-01-14,185024
1673740800000,2023-01-15,154249
1673827200000,2023-01-16,188927
1673913600000,2023-01-17,148929
1674000000000,2023-01-18,154163
1674086400000,2023-01-19,222064
1674172800000,2023-01-20,160260
1674259200000,2023-01-21,142787
1674345600000,2023-01-22,143186
1674432000000,2023-01-23,128478
1674518400000,2023-01-24,134335
1674604800000,2023-01-25,133809
1674691200000,2023-01-26,154937
1674777600000,2023-01-27,144562
1674864000000,2023-01-28,126175
1674950400000,2023-01-29,130131
1675036800000,2023-01-30,133266
1675123200000,2023-01-31,124749
1675209600000,2023-02-01,122671
1675296000000,2023-02-02,131373
1675382400000,2023-02-03,118791
1675468800000,2023-02-04,113651
1675555200000,2023-02-05,119832
1675641600000,2023-02-06,122739
1675728000000,2023-02-07,118184
1675814400000,2023-02-08,131035
1675900800000,2023-02-09,146813
1675987200000,2023-02-10,111714
1676073600000,2023-02-11,107917
1676160000000,2023-02-12,106926
1676246400000,2023-02-13,113869
1676332800000,2023-02-14,113288
1676419200000,2023-02-15,156730
1676505600000,2023-02-16,139731
1676592000000,2023-02-17,134934
1676678400000,2023-02-18,111704
1676764800000,2023-02-19,115821
1676851200000,2023-02-20,122293
1676937600000,2023-02-21,122064
1677024000000,2023-02-22,125783
1677110400000,2023-02-23,117598
1677196800000,2023-02-24,127358
1677283200000,2023-02-25,26814
1677369600000,2023-02-26,101806
1677456000000,2023-02-27,131747
1677542400000,2023-02-28,117488
1677628800000,2023-03-01,111557
1677715200000,2023-03-02,125556
1677801600000,2023-03-03,118064
1677888000000,2023-03-04,108021
1677974400000,2023-03-05,115408
1678060800000,2023-03-06,117573
1678147200000,2023-03-07,109107
1678233600000,2023-03-08,106476
1678320000000,2023-03-09,135371
1678406400000,2023-03-10,104115
1678492800000,2023-03-11,109750
1678579200000,2023-03-12,101273
1678665600000,2023-03-13,112631
1678752000000,2023-03-14,108539
1678838400000,2023-03-15,111019
1678924800000,2023-03-16,116033
1679011200000,2023-03-17,107166
1679097600000,2023-03-18,105955
1679184000000,2023-03-19,102360
1679270400000,2023-03-20,124719
1679356800000,2023-03-21,116758
1679443200000,2023-03-22,102522
1679529600000,2023-03-23,107609
1679616000000,2023-03-24,108007
1679702400000,2023-03-25,95825
1679788800000,2023-03-26,101323
1679875200000,2023-03-27,95291
1679961600000,2023-03-28,109056
1680048000000,2023-03-29,105949
1680134400000,2023-03-30,111557
1680220800000,2023-03-31,110378
1680307200000,2023-04-01,104544
1680393600000,2023-04-02,106520
1680480000000,2023-04-03,118190
1680566400000,2023-04-04,107553
1680652800000,2023-04-05,110758
1680739200000,2023-04-06,112862
1680825600000,2023-04-07,107521
1680912000000,2023-04-08,101296
1680998400000,2023-04-09,99999
1681084800000,2023-04-10,100913
1681171200000,2023-04-11,123712
1681257600000,2023-04-12,107186
1681344000000,2023-04-13,122768
1681430400000,2023-04-14,119901
1681516800000,2023-04-15,89467
1681603200000,2023-04-16,110593
1681689600000,2023-04-17,124925
1681776000000,2023-04-18,128636
1681862400000,2023-04-19,155991
1681948800000,2023-04-20,132315
1682035200000,2023-04-21,153167
1682121600000,2023-04-22,157940
1682208000000,2023-04-23,142802
1682294400000,2023-04-24,148154
1682380800000,2023-04-25,123976
1682467200000,2023-04-26,137281
1682553600000,2023-04-27,141036
1682640000000,2023-04-28,114285
1682726400000,2023-04-29,129210
1682812800000,2023-04-30,131740
1682899200000,2023-05-01,129951
1682985600000,2023-05-02,174908
1683072000000,2023-05-03,349465
1683158400000,2023-05-04,369088
1683244800000,2023-05-05,322212
1683331200000,2023-05-06,261488
1683417600000,2023-05-07,195860
1683504000000,2023-05-08,212889
1683590400000,2023-05-09,230245
1683676800000,2023-05-10,142737
1683763200000,2023-05-11,412327
1683849600000,2023-05-12,239439
1683936000000,2023-05-13,366381
1684022400000,2023-05-14,381483
1684108800000,2023-05-15,316244
1684195200000,2023-05-16,169604
1684281600000,2023-05-17,299232
1684368000000,2023-05-18,302571
1684454400000,2023-05-19,240420
1684540800000,2023-05-20,87961
1684627200000,2023-05-21,95896
1684713600000,2023-05-22,208355
1684800000000,2023-05-23,118036
1684886400000,2023-05-24,103287
1684972800000,2023-05-25,98897
1685059200000,2023-05-26,101957
1685145600000,2023-05-27,96410
1685232000000,2023-05-28,99818
1685318400000,2023-05-29,95831
1685404800000,2023-05-30,104342
1685491200000,2023-05-31,105730
1685577600000,2023-06-01,104021
1685664000000,2023-06-02,111463
1685750400000,2023-06-03,106430
1685836800000,2023-06-04,105693
1685923200000,2023-06-05,107433
1686009600000,2023-06-06,100375
1686096000000,2023-06-07,107400
1686182400000,2023-06-08,138367
1686268800000,2023-06-09,121664
1686355200000,2023-06-10,106956
1686441600000,2023-06-11,98867
1686528000000,2023-06-12,117739
1686614400000,2023-06-13,101761
1686700800000,2023-06-14,104668
1686787200000,2023-06-15,109719
1686873600000,2023-06-16,108422
1686960000000,2023-06-17,99386
1687046400000,2023-06-18,90615
1687132800000,2023-06-19,101698
1687219200000,2023-06-20,102353
1687305600000,2023-06-21,104562
1687392000000,2023-06-22,100113
1687478400000,2023-06-23,101791
1687564800000,2023-06-24,90943
1687651200000,2023-06-25,96298
1687737600000,2023-06-26,117575
1687824000000,2023-06-27,123473
1687910400000,2023-06-28,128270
1687996800000,2023-06-29,107475
1688083200000,2023-06-30,109680
1688169600000,2023-07-01,102434
1688256000000,2023-07-02,101697
1688342400000,2023-07-03,105745
1688428800000,2023-07-04,100984
1688515200000,2023-07-05,94737
1688601600000,2023-07-06,109738
1688688000000,2023-07-07,106672
1688774400000,2023-07-08,93432
1688860800000,2023-07-09,90491
1688947200000,2023-07-10,98883
1689033600000,2023-07-11,102288
1689120000000,2023-07-12,100092
1689206400000,2023-07-13,116781
1689292800000,2023-07-14,123319
1689379200000,2023-07-15,99659
1689465600000,2023-07-16,97215
1689552000000,2023-07-17,110166
1689638400000,2023-07-18,101455
1689724800000,2023-07-19,111917
1689811200000,2023-07-20,131498
1689897600000,2023-07-21,120409
1689984000000,2023-07-22,97274
1690070400000,2023-07-23,90507
1690156800000,2023-07-24,91933
1690243200000,2023-07-25,106777
1690329600000,2023-07-26,101279
1690416000000,2023-07-27,95910
1690502400000,2023-07-28,94329
1690588800000,2023-07-29,83321
1690675200000,2023-07-30,91830
1690761600000,2023-07-31,96002
1690848000000,2023-08-01,94481
1690934400000,2023-08-02,96970
1691020800000,2023-08-03,98413
1691107200000,2023-08-04,104521
1691193600000,2023-08-05,90540
1691280000000,2023-08-06,86102
1691366400000,2023-08-07,87829
1691452800000,2023-08-08,93930
1691539200000,2023-08-09,90241
1691625600000,2023-08-10,102092
1691712000000,2023-08-11,94862
1691798400000,2023-08-12,88795
1691884800000,2023-08-13,86107
1691971200000,2023-08-14,95218
1692057600000,2023-08-15,93410
1692144000000,2023-08-16,106401
1692230400000,2023-08-17,107408
1692316800000,2023-08-18,90158
1692403200000,2023-08-19,86332
1692489600000,2023-08-20,85556
1692576000000,2023-08-21,88440
1692662400000,2023-08-22,91682
1692748800000,2023-08-23,92361
1692835200000,2023-08-24,102263
1692921600000,2023-08-25,90901
1693008000000,2023-08-26,87026
1693094400000,2023-08-27,89091
1693180800000,2023-08-28,87567
1693267200000,2023-08-29,91332
1693353600000,2023-08-30,93814
1693440000000,2023-08-31,90723
1693526400000,2023-09-01,99764
1693612800000,2023-09-02,76755
1693699200000,2023-09-03,60322
1693785600000,2023-09-04,74776
1693872000000,2023-09-05,80702
1693958400000,2023-09-06,81647
1694044800000,2023-09-07,80630
1694131200000,2023-09-08,81206
1694217600000,2023-09-09,71611
1694304000000,2023-09-10,74373
1694390400000,2023-09-11,80872
1694476800000,2023-09-12,79497
1694563200000,2023-09-13,86167
1694649600000,2023-09-14,86122
1694736000000,2023-09-15,83347
1694822400000,2023-09-16,73487
1694908800000,2023-09-17,72264
1694995200000,2023-09-18,84153
1695081600000,2023-09-19,89796
1695168000000,2023-09-20,81513
1695254400000,2023-09-21,83908
1695340800000,2023-09-22,79524
1695427200000,2023-09-23,73161
1695513600000,2023-09-24,74307
1695600000000,2023-09-25,80888
1695686400000,2023-09-26,85661
1695772800000,2023-09-27,86763
1695859200000,2023-09-28,85183
1695945600000,2023-09-29,84940
1696032000000,2023-09-30,80394
1696118400000,2023-10-01,87129
1696204800000,2023-10-02,91050
1696291200000,2023-10-03,108497
1696377600000,2023-10-04,84557
1696464000000,2023-10-05,82664
1696550400000,2023-10-06,84383
1696636800000,2023-10-07,85436
1696723200000,2023-10-08,93351
1696809600000,2023-10-09,86222
1696896000000,2023-10-10,82218
1696982400000,2023-10-11,87273
1697068800000,2023-10-12,85679
1697155200000,2023-10-13,78287
1697241600000,2023-10-14,71664
1697328000000,2023-10-15,74564
1697414400000,2023-10-16,81319
1697500800000,2023-10-17,82105
1697587200000,2023-10-18,82820
1697673600000,2023-10-19,92096
1697760000000,2023-10-20,96339
1698105600000,2023-10-24,97625
1698192000000,2023-10-25,98840
1698278400000,2023-10-26,93085
1698364800000,2023-10-27,88527
1698451200000,2023-10-28,82070
1698537600000,2023-10-29,81850
1698624000000,2023-10-30,96589
1698710400000,2023-10-31,117327
1698796800000,2023-11-01,132626
1698883200000,2023-11-02,125969
1698969600000,2023-11-03,110377
1699056000000,2023-11-04,116983
1699142400000,2023-11-05,98602
1699228800000,2023-11-06,98727
1699315200000,2023-11-07,98417
1699401600000,2023-11-08,97188
1699488000000,2023-11-09,140948
1699574400000,2023-11-10,169562
1699660800000,2023-11-11,209293
1699747200000,2023-11-12,148907
1699833600000,2023-11-13,135202
1699920000000,2023-11-14,128772
1700006400000,2023-11-15,166042
1700092800000,2023-11-16,181265
1700179200000,2023-11-17,254315
1700265600000,2023-11-18,143822
1700352000000,2023-11-19,148423
1700438400000,2023-11-20,201269
1700524800000,2023-11-21,179651
1700611200000,2023-11-22,169006
1700697600000,2023-11-23,179421
1700784000000,2023-11-24,189556
1700870400000,2023-11-25,153471
1700956800000,2023-11-26,152723
1701043200000,2023-11-27,164809
1701129600000,2023-11-28,164734
1701216000000,2023-11-29,164388
1701302400000,2023-11-30,163163
1701388800000,2023-12-01,164186
1701475200000,2023-12-02,156911
1701561600000,2023-12-03,157523
1701648000000,2023-12-04,183392
1701734400000,2023-12-05,180242
1701820800000,2023-12-06,198683
1701907200000,2023-12-07,229919
1701993600000,2023-12-08,283997
1702080000000,2023-12-09,278905
1702166400000,2023-12-10,277012
1702252800000,2023-12-11,243895
1702339200000,2023-12-12,231460
1702425600000,2023-12-13,252531
1702512000000,2023-12-14,290684
1702598400000,2023-12-15,375038
1702684800000,2023-12-16,455765
1702771200000,2023-12-17,365908
1702857600000,2023-12-18,324110
1703030400000,2023-12-20,385241
1703116800000,2023-12-21,428021
1703203200000,2023-12-22,387323
1703289600000,2023-12-23,405671
1703376000000,2023-12-24,413532
1703462400000,2023-12-25,433026
1703548800000,2023-12-26,448315
1703635200000,2023-12-27,423696
1703721600000,2023-12-28,352555
1703808000000,2023-12-29,346647
1703894400000,2023-12-30,332653
1703980800000,2023-12-31,310663
1704067200000,2024-01-01,348493
1704153600000,2024-01-02,365834
1704240000000,2024-01-03,339263
1704326400000,2024-01-04,345634
1704412800000,2024-01-05,306398
1704499200000,2024-01-06,281979
1704585600000,2024-01-07,203307
1704844800000,2024-01-10,349697
1704931200000,2024-01-11,322316
1705190400000,2024-01-14,313510
1705276800000,2024-01-15,398861
1705622400000,2024-01-19,377864
1705708800000,2024-01-20,354787
1705881600000,2024-01-22,362265
1706486400000,2024-01-29,511671
1706572800000,2024-01-30,530624
1706832000000,2024-02-02,432696
1706918400000,2024-02-03,418563
1707091200000,2024-02-05,348707
1707177600000,2024-02-06,364217
1707264000000,2024-02-07,479765
1707609600000,2024-02-11,350656
1708214400000,2024-02-18,390920
1708300800000,2024-02-19,389829
1708560000000,2024-02-22,417213
1708732800000,2024-02-24,346060
1709078400000,2024-02-28,504910
1709251200000,2024-03-01,488184
1709337600000,2024-03-02,484075
1709424000000,2024-03-03,545947
1709510400000,2024-03-04,568904
1709596800000,2024-03-05,630578
1709683200000,2024-03-06,709028
1709769600000,2024-03-07,764376
1709856000000,2024-03-08,708407
1709942400000,2024-03-09,709888
1710028800000,2024-03-10,739642
1710115200000,2024-03-11,752907
1710201600000,2024-03-12,719984
1710288000000,2024-03-13,730079
1710374400000,2024-03-14,818279
1710460800000,2024-03-15,889878
1710547200000,2024-03-16,1616971
1710633600000,2024-03-17,1917432
1710720000000,2024-03-18,1402374
1710806400000,2024-03-19,1020004
1710892800000,2024-03-20,902791
1710979200000,2024-03-21,930295
1711065600000,2024-03-22,846086
1711152000000,2024-03-23,859877
1711238400000,2024-03-24,928192
1711324800000,2024-03-25,1049875
1711411200000,2024-03-26,1156196
1711497600000,2024-03-27,1116787
1711584000000,2024-03-28,1217274
1711670400000,2024-03-29,1107611
1711756800000,2024-03-30,1181466
1711843200000,2024-03-31,1051062
1711929600000,2024-04-01,1029315
1712016000000,2024-04-02,1004728
1712102400000,2024-04-03,994233
1712188800000,2024-04-04,953401
1712275200000,2024-04-05,779375
1712361600000,2024-04-06,864716
1712448000000,2024-04-07,771753
1712534400000,2024-04-08,951301
1712620800000,2024-04-09,934800
1712707200000,2024-04-10,955024
1712793600000,2024-04-11,951736
1712880000000,2024-04-12,928315
1712966400000,2024-04-13,813078
1713052800000,2024-04-14,784061
1713139200000,2024-04-15,919846
1713225600000,2024-04-16,968912
1713312000000,2024-04-17,922716
1713398400000,2024-04-18,951065
1713484800000,2024-04-19,809646
1713571200000,2024-04-20,840638
1713657600000,2024-04-21,687162
1713744000000,2024-04-22,880690
1713830400000,2024-04-23,887054
1713916800000,2024-04-24,811250
1714003200000,2024-04-25,858032
1714089600000,2024-04-26,773652
1714176000000,2024-04-27,701832
1714262400000,2024-04-28,707650
1714348800000,2024-04-29,757627
1714435200000,2024-04-30,843550
1714521600000,2024-05-01,749695
1714608000000,2024-05-02,782937
1714694400000,2024-05-03,815490
1714780800000,2024-05-04,861911
1714867200000,2024-05-05,888561
1714953600000,2024-05-06,887271
1715040000000,2024-05-07,858542
1715126400000,2024-05-08,835243
1715212800000,2024-05-09,860565
1715299200000,2024-05-10,808601
1715385600000,2024-05-11,719449
1715472000000,2024-05-12,737245
1715558400000,2024-05-13,844522
1715644800000,2024-05-14,820663
1715731200000,2024-05-15,861097
1715817600000,2024-05-16,839029
1715904000000,2024-05-17,925646
1715990400000,2024-05-18,752067
1716076800000,2024-05-19,712801
1716163200000,2024-05-20,813384
1716249600000,2024-05-21,962395
1716336000000,2024-05-22,1034396
1716422400000,2024-05-23,936180
1716508800000,2024-05-24,955940
1716595200000,2024-05-25,832973
1716681600000,2024-05-26,786884
1716768000000,2024-05-27,932284
1716854400000,2024-05-28,931894
1716940800000,2024-05-29,909380
1717027200000,2024-05-30,967850
1717113600000,2024-05-31,886591
1717200000000,2024-06-01,1027591
1717286400000,2024-06-02,1007487
1717372800000,2024-06-03,1014376
1717459200000,2024-06-04,887254
1717545600000,2024-06-05,1072290
1717632000000,2024-06-06,1035797
1717718400000,2024-06-07,1036478
1717804800000,2024-06-08,954042
1717891200000,2024-06-09,949478
1717977600000,2024-06-10,1004029
1718064000000,2024-06-11,1159841
1718150400000,2024-06-12,1166039
1718236800000,2024-06-13,1056124
1718323200000,2024-06-14,1008754
1718409600000,2024-06-15,844190
1718496000000,2024-06-16,885339
1718582400000,2024-06-17,933955
1718668800000,2024-06-18,1009687
1718755200000,2024-06-19,1053952
1718841600000,2024-06-20,1068613
1718928000000,2024-06-21,935441
1719014400000,2024-06-22,723327
1719100800000,2024-06-23,851260
1719187200000,2024-06-24,835529
1719273600000,2024-06-25,844746
1719360000000,2024-06-26,845973
1719446400000,2024-06-27,919442
1719532800000,2024-06-28,919981
1719619200000,2024-06-29,840049
1719705600000,2024-06-30,807161
1719792000000,2024-07-01,892504
1719878400000,2024-07-02,882147
1719964800000,2024-07-03,872744
1720051200000,2024-07-04,859171
1720137600000,2024-07-05,843219
1720224000000,2024-07-06,965980
1720310400000,2024-07-07,836258
1720396800000,2024-07-08,875732
1720483200000,2024-07-09,953965
1720569600000,2024-07-10,864863
1720742400000,2024-07-12,885255
1720828800000,2024-07-13,942398
1720915200000,2024-07-14,928211
1721001600000,2024-07-15,990966
1721088000000,2024-07-16,1055481
1721174400000,2024-07-17,1198940
1721260800000,2024-07-18,1150864
1721347200000,2024-07-19,1157663
1721433600000,2024-07-20,1083093
1721520000000,2024-07-21,1239802
1721606400000,2024-07-22,1322607
1721692800000,2024-07-23,1289286
1721779200000,2024-07-24,1252370
1721865600000,2024-07-25,1178455
1721952000000,2024-07-26,1222743
1722038400000,2024-07-27,1229211
1722124800000,2024-07-28,1146792
1722211200000,2024-07-29,1344911
1722297600000,2024-07-30,1371758
1722384000000,2024-07-31,1215040
1722470400000,2024-08-01,1260818
1722556800000,2024-08-02,1108244
1722643200000,2024-08-03,911731
1722729600000,2024-08-04,1097320
1722816000000,2024-08-05,980599
1722902400000,2024-08-06,963984
1722988800000,2024-08-07,1181541
1723075200000,2024-08-08,948890
1723161600000,2024-08-09,900199
1723248000000,2024-08-10,726269
1723334400000,2024-08-11,887323
1723420800000,2024-08-12,998790
1723507200000,2024-08-13,1153749
1723593600000,2024-08-14,977734
1723680000000,2024-08-15,1245854
1723766400000,2024-08-16,1153005
1723852800000,2024-08-17,977380
1723939200000,2024-08-18,991866
1724025600000,2024-08-19,1060814
1724112000000,2024-08-20,1191597
1724198400000,2024-08-21,908901
1724284800000,2024-08-22,1129159
1724371200000,2024-08-23,968857
1724457600000,2024-08-24,1310723
1724544000000,2024-08-25,1485790
1724630400000,2024-08-26,2018689
1724716800000,2024-08-27,1791469
1724803200000,2024-08-28,2254992
1724889600000,2024-08-29,1945738
1724976000000,2024-08-30,2980135
1725062400000,2024-08-31,2147248
1725148800000,2024-09-01,1507900
1725235200000,2024-09-02,3089840
1725321600000,2024-09-03,2613455
1725408000000,2024-09-04,3318500
1725494400000,2024-09-05,3038770
1725580800000,2024-09-06,4061777
1725667200000,2024-09-07,3657170
1725753600000,2024-09-08,2294413
1725840000000,2024-09-09,4876867
1725926400000,2024-09-10,5202699
1726012800000,2024-09-11,2974575
1726099200000,2024-09-12,4585905
1726185600000,2024-09-13,3347967
1726272000000,2024-09-14,3118765
1726358400000,2024-09-15,2833841
1726444800000,2024-09-16,2826208
1726531200000,2024-09-17,3435890
1726617600000,2024-09-18,3157840
1726704000000,2024-09-19,2840239
1726790400000,2024-09-20,3663910
1726876800000,2024-09-21,2817358
1726963200000,2024-09-22,2914593
1727049600000,2024-09-23,3335946
1727136000000,2024-09-24,2768870
1727222400000,2024-09-25,3235475
1727308800000,2024-09-26,5232715
1727395200000,2024-09-27,3660615
1727481600000,2024-09-28,3517722
1727568000000,2024-09-29,2792066
1727654400000,2024-09-30,2854252
1727740800000,2024-10-01,3607986
1727827200000,2024-10-02,2929230
1727913600000,2024-10-03,3514918
1728000000000,2024-10-04,3386102
1728086400000,2024-10-05,1600677
1728172800000,2024-10-06,3257107
1728259200000,2024-10-07,3818650
1728345600000,2024-10-08,4033518
1728432000000,2024-10-09,4102460
1728518400000,2024-10-10,4310941
1728604800000,2024-10-11,5205441
1728691200000,2024-10-12,4940455
1728777600000,2024-10-13,4035164
1728864000000,2024-10-14,5373982
1728950400000,2024-10-15,4356950
1729036800000,2024-10-16,4926985
1729123200000,2024-10-17,4833452
1729209600000,2024-10-18,5680064
1729296000000,2024-10-19,5797027
1729382400000,2024-10-20,3595615
1729468800000,2024-10-21,6717222
1729555200000,2024-10-22,8812914
1729641600000,2024-10-23,6117391
1729728000000,2024-10-24,3714771
1729814400000,2024-10-25,5199255
1729900800000,2024-10-26,4773620
1729987200000,2024-10-27,4175563
1730073600000,2024-10-28,5964407
1730160000000,2024-10-29,7379282
1730246400000,2024-10-30,6152728
1730332800000,2024-10-31,4937548
1730419200000,2024-11-01,4446551
1730505600000,2024-11-02,5262087
1730592000000,2024-11-03,4751654
1730678400000,2024-11-04,4903943
1730764800000,2024-11-05,6117335
1730851200000,2024-11-06,5834210
1730937600000,2024-11-07,5031639
1731024000000,2024-11-08,4727351
1731110400000,2024-11-09,4341832
1731196800000,2024-11-10,4604938
1731283200000,2024-11-11,5046826
1731369600000,2024-11-12,5425240
1731456000000,2024-11-13,5617268
1731542400000,2024-11-14,5777917
1731628800000,2024-11-15,5758147
1731715200000,2024-11-16,6721455
1731801600000,2024-11-17,5268717
1731888000000,2024-11-18,7044129
1731974400000,2024-11-19,6360853
1732060800000,2024-11-20,6734317
1732147200000,2024-11-21,6946381
1732233600000,2024-11-22,6033059
1732320000000,2024-11-23,5824884
1732406400000,2024-11-24,5185041
1732492800000,2024-11-25,6023053
1732579200000,2024-11-26,6270830
1732665600000,2024-11-27,6579662
1732752000000,2024-11-28,6269476
1732838400000,2024-11-29,5244006
1732924800000,2024-11-30,4965463
1733011200000,2024-12-01,4558136
1733097600000,2024-12-02,5689143
1733184000000,2024-12-03,5695385
1733270400000,2024-12-04,5108649
1733356800000,2024-12-05,5627290
1733443200000,2024-12-06,5202151
1733529600000,2024-12-07,5173411
1733616000000,2024-12-08,4547924
1733702400000,2024-12-09,4328935
1733788800000,2024-12-10,5592862
1733875200000,2024-12-11,5020402
1733961600000,2024-12-12,4411274
1734048000000,2024-12-13,4935734
1734134400000,2024-12-14,4684300
1734220800000,2024-12-15,3891599
1734307200000,2024-12-16,5482491
1734393600000,2024-12-17,6015950
1734480000000,2024-12-18,5068245
1734566400000,2024-12-19,5262015
1734652800000,2024-12-20,4566326
1734739200000,2024-12-21,4036359
1734825600000,2024-12-22,3850135
1734912000000,2024-12-23,4414600
1734998400000,2024-12-24,4091937
1735084800000,2024-12-25,3430497
1735171200000,2024-12-26,4297252
1735257600000,2024-12-27,4006440
1735344000000,2024-12-28,4113910
1735430400000,2024-12-29,4019887
1735516800000,2024-12-30,4446006
1735603200000,2024-12-31,4574878
1735689600000,2025-01-01,4112414
1735776000000,2025-01-02,4529973
1735862400000,2025-01-03,5000663
1735948800000,2025-01-04,4751019
1736035200000,2025-01-05,4150728
1736121600000,2025-01-06,4999007
1736208000000,2025-01-07,5012672
1736294400000,2025-01-08,4903433
1736380800000,2025-01-09,5643701
1736467200000,2025-01-10,4322536
1736553600000,2025-01-11,4412179
1736640000000,2025-01-12,4009740
1736726400000,2025-01-13,4461804
1736812800000,2025-01-14,4444276
1736899200000,2025-01-15,4663907
1736985600000,2025-01-16,4595181
1737072000000,2025-01-17,4901758
1737158400000,2025-01-18,5257200
1737244800000,2025-01-19,6241955
1737331200000,2025-01-20,6342178
1737417600000,2025-01-21,5102629
1737504000000,2025-01-22,5291000
1737590400000,2025-01-23,5604561
1737676800000,2025-01-24,5720159
1737763200000,2025-01-25,4692258
1737849600000,2025-01-26,4885406
1737936000000,2025-01-27,5254424
1738022400000,2025-01-28,5327859
1738108800000,2025-01-29,5177804
1738195200000,2025-01-30,4755541
1738281600000,2025-01-31,3705253
1738368000000,2025-02-01,3276400
1738454400000,2025-02-02,3898392
1738540800000,2025-02-03,4282850
1738627200000,2025-02-04,4281738
1738713600000,2025-02-05,4146870
1738800000000,2025-02-06,4686930
1738886400000,2025-02-07,3825937
1738972800000,2025-02-08,3590609
1739059200000,2025-02-09,4324861
1739145600000,2025-02-10,4733120
1739232000000,2025-02-11,5128788
1739318400000,2025-02-12,4344230
1739404800000,2025-02-13,4766759
1739491200000,2025-02-14,3787491
1739577600000,2025-02-15,2840066
1739664000000,2025-02-16,3130004
1739750400000,2025-02-17,3858754
1739836800000,2025-02-18,3205706
1739923200000,2025-02-19,2693089
1740009600000,2025-02-20,3932036
1740096000000,2025-02-21,3605546
1740182400000,2025-02-22,2380177
1740268800000,2025-02-23,2863677
1740355200000,2025-02-24,4007671
1740441600000,2025-02-25,3202344
1740528000000,2025-02-26,3048469
1740614400000,2025-02-27,3662337
1740700800000,2025-02-28,3457529
1740787200000,2025-03-01,2626537
1740873600000,2025-03-02,3239848
1740960000000,2025-03-03,3465027
1741046400000,2025-03-04,3759810
1741132800000,2025-03-05,2725037
1741219200000,2025-03-06,3296611
1741305600000,2025-03-07,3950803
1741392000000,2025-03-08,3074606
1741478400000,2025-03-09,2588358
1741564800000,2025-03-10,2936623
1741651200000,2025-03-11,2617238
1741737600000,2025-03-12,2873548
1741824000000,2025-03-13,3081361
1741910400000,2025-03-14,3153283
1741996800000,2025-03-15,2123825
1742083200000,2025-03-16,2590201
1742169600000,2025-03-17,3575029
1742256000000,2025-03-18,3840576
1742342400000,2025-03-19,3545265
1742428800000,2025-03-20,2783946
1742515200000,2025-03-21,2912712
1742601600000,2025-03-22,2749319
1742688000000,2025-03-23,3010408
1742774400000,2025-03-24,4160891
1742860800000,2025-03-25,3225431
1742947200000,2025-03-26,3092445
1743033600000,2025-03-27,3064508
1743120000000,2025-03-28,4602595
1743206400000,2025-03-29,3262336
1743292800000,2025-03-30,2648908
1743379200000,2025-03-31,3072196
1743465600000,2025-04-01,3527376
1743552000000,2025-04-02,2555161
1743638400000,2025-04-03,2501209
1743724800000,2025-04-04,3226586
1743811200000,2025-04-05,3080505
1743897600000,2025-04-06,4332411
1743984000000,2025-04-07,3694354
1744070400000,2025-04-08,3201986
1744156800000,2025-04-09,3452553
1744243200000,2025-04-10,3759215
1744329600000,2025-04-11,5273240
1744416000000,2025-04-12,4031937
1744502400000,2025-04-13,3278765
1744588800000,2025-04-14,3514581
1744675200000,2025-04-15,4182088
1744761600000,2025-04-16,4637954
1744848000000,2025-04-17,3342476
1744934400000,2025-04-18,4611775
1745020800000,2025-04-19,3886142
1745107200000,2025-04-20,4114622
1745193600000,2025-04-21,3936277
1745280000000,2025-04-22,3961032
1745366400000,2025-04-23,4471920
1745452800000,2025-04-24,3345720
1745539200000,2025-04-25,3047581
1745625600000,2025-04-26,3778755
1745712000000,2025-04-27,2938954
1745798400000,2025-04-28,3762988
1745884800000,2025-04-29,3322944
1745971200000,2025-04-30,3614053
1746057600000,2025-05-01,3846481
1746144000000,2025-05-02,3378853
1746230400000,2025-05-03,2711694
1746316800000,2025-05-04,3085793
1746403200000,2025-05-05,3098968
1746489600000,2025-05-06,2655867
1746576000000,2025-05-07,3140862
1746662400000,2025-05-08,4164737
1746748800000,2025-05-09,3870375
1746835200000,2025-05-10,3788488
1746921600000,2025-05-11,2872441
1747008000000,2025-05-12,3725405
1747094400000,2025-05-13,3320961
1747180800000,2025-05-14,3502615
1747267200000,2025-05-15,3945234
1747353600000,2025-05-16,5513316
1747440000000,2025-05-17,5576318
1747526400000,2025-05-18,4420620
1747612800000,2025-05-19,4748940
1747699200000,2025-05-20,4815561
1747785600000,2025-05-21,4515432
1747872000000,2025-05-22,5818983
1747958400000,2025-05-23,5147915
1748044800000,2025-05-24,4170145
1748131200000,2025-05-25,4411245
1748217600000,2025-05-26,4134615
1748304000000,2025-05-27,4466908
1748390400000,2025-05-28,4155094
1748476800000,2025-05-29,4582113
1748563200000,2025-05-30,4835923
1748649600000,2025-05-31,4825989
1748736000000,2025-06-01,4978457
1748822400000,2025-06-02,5997568
1748908800000,2025-06-03,4860330
1748995200000,2025-06-04,4521425
1749081600000,2025-06-05,5630669
1749168000000,2025-06-06,4638681
1749254400000,2025-06-07,3554819
1749340800000,2025-06-08,3402215
1749427200000,2025-06-09,4230553
1749513600000,2025-06-10,4046070
1749600000000,2025-06-11,4800089
1749686400000,2025-06-12,4412164
1749772800000,2025-06-13,4727078
1749859200000,2025-06-14,3847064
1749945600000,2025-06-15,3643985
1750032000000,2025-06-16,4656480
1750118400000,2025-06-17,3278364
1750204800000,2025-06-18,3403241
1750291200000,2025-06-19,3945834
1750377600000,2025-06-20,3623473
1750464000000,2025-06-21,3231907
1750550400000,2025-06-22,2899800
1750636800000,2025-06-23,3406360
1750723200000,2025-06-24,3458031
1750809600000,2025-06-25,3277102
1750896000000,2025-06-26,2941849
1750982400000,2025-06-27,2932724
1751068800000,2025-06-28,2424720
1751155200000,2025-06-29,2493325
1751241600000,2025-06-30,3162813
1751328000000,2025-07-01,3249975
1751414400000,2025-07-02,3740700
1751500800000,2025-07-03,3584891
1751587200000,2025-07-04,3036815
1751673600000,2025-07-05,2617077
1751760000000,2025-07-06,3515564
1751846400000,2025-07-07,3462628
1751932800000,2025-07-08,3255218
1752019200000,2025-07-09,3297845
1752105600000,2025-07-10,3194412
1752192000000,2025-07-11,3842369
1752278400000,2025-07-12,3335566
1752364800000,2025-07-13,2959040
1752451200000,2025-07-14,3753273
1752537600000,2025-07-15,3286398
1752624000000,2025-07-16,3350593
1752710400000,2025-07-17,3701873
1752796800000,2025-07-18,3540860
1752883200000,2025-07-19,2947230
1752969600000,2025-07-20,3125699
1753056000000,2025-07-21,3925684
1753142400000,2025-07-22,3658804
1753228800000,2025-07-23,3524422
1753315200000,2025-07-24,3711284
1753401600000,2025-07-25,3585484
1753488000000,2025-07-26,2492536
1753574400000,2025-07-27,2410272
1753660800000,2025-07-28,3044212
1753747200000,2025-07-29,3095378
1753833600000,2025-07-30,3234202
1753920000000,2025-07-31,2859701
1754006400000,2025-08-01,3096322
1754092800000,2025-08-02,2479774
1754179200000,2025-08-03,2206382
1754265600000,2025-08-04,2868422
1754352000000,2025-08-05,2635151
1754438400000,2025-08-06,2844126
1754524800000,2025-08-07,2942271
1754611200000,2025-08-08,3070634
1754697600000,2025-08-09,2633691
1754784000000,2025-08-10,2505623
1754870400000,2025-08-11,3074859
1754956800000,2025-08-12,2755631
1755043200000,2025-08-13,3274739
1755129600000,2025-08-14,2864046
1755216000000,2025-08-15,2542918
1755302400000,2025-08-16,2075687
1755388800000,2025-08-17,2305260
1755475200000,2025-08-18,2534149
1755561600000,2025-08-19,2928621
1755648000000,2025-08-20,3448418
1755734400000,2025-08-21,2937305
1755820800000,2025-08-22,3162580
1755907200000,2025-08-23,2483440
1755993600000,2025-08-24,2529128
1756080000000,2025-08-25,2498039
1756166400000,2025-08-26,2291126
1756252800000,2025-08-27,2553853
1756339200000,2025-08-28,2703344
1756425600000,2025-08-29,2647063
1756512000000,2025-08-30,1950016
1756598400000,2025-08-31,1968872
1756684800000,2025-09-01,2719978
1756771200000,2025-09-02,2447834
1756857600000,2025-09-03,2894697
1756944000000,2025-09-04,2894697